#include "global.h"
#include "islander.h"
#include "sound.h"
#include "m_name_table.h"
#include "game.h"
#include "lib.h"
#include "m_msg.h"

/* Original address: 0x0200F580 */
extern u8 gMsgWindowTileData[2][0x480];
/* Original address: 0x020147E0 */
extern u8 gMsgThreeChoiceTileData[3][0xD80];

typedef void (*IslandBuilding_PROC)(void);
typedef int (*Item_CHK_PROC)();
typedef struct item_type_entry_s {
    Item_CHK_PROC chk_proc;
    mActor_name_t item;
} Item_TypeEntry_c;

typedef int (*mMsg_CONTROL_CODE_PROC)(mMsg_Window_c *msg, s16 *offset);
typedef void (*mMsg_SETUP_PROC)(mMsg_Window_c *msg);
typedef void (*FieldObject_PROC)(int);

extern void FieldObject_Deactivate();
extern void FieldObject_HandleHit();
extern void FieldObject_Idle();
extern void FieldObject_UpdateShake();
extern void FieldObject_UpdateTopple();
extern void Islander_DespawnFlyingItem();
extern void Islander_Fishing_State0();
extern void Islander_Fishing_State1();
extern void Islander_Fishing_State2();
extern void Islander_Fishing_State3();
extern void Islander_Fishing_State4();
extern void Islander_Fishing_State5();
extern void Islander_Fishing_State6();
extern void Islander_Fishing_State7();
extern void Islander_MoveAction11_State0();
extern void Islander_MoveAction11_State1();
extern void Islander_MoveAction11_State2();
extern void Islander_MoveAction20_State0();
extern void Islander_MoveAction20_State1();
extern void Islander_MoveAction20_State2();
extern void Islander_MoveAction20_State3();
extern void Islander_MoveAction20_State4();
extern void Islander_ProcessFishReceived();
extern void Islander_StoreHeldItem();
extern void IslandProgram_EnterNoticeRestart();
extern void IslandProgram_EnterNoticeResult();
extern void IslandProgram_EnterNoticeTransfer();
extern void IslandProgram_EnterSleepCleanup();
extern void IslandProgram_EnterSleepMode();
extern void IslandProgram_EnterSleepPrompt();
extern void IslandProgram_EnterTransferCleanup();
extern void IslandProgram_EnterTransferComplete();
extern void IslandProgram_EnterTransferProgress();
extern void IslandProgram_EnterTransferPrompt();
extern void IslandProgram_EnterTransferRestart();
extern void IslandProgram_EnterTransferRetry();
extern void IslandProgram_UpdateFieldLoadMode();
extern void IslandProgram_UpdateMessageMode();
extern void IslandProgram_UpdateMosaicCoverMode();
extern void IslandProgram_UpdateMosaicRevealMode();
extern void IslandProgram_UpdateNormalMode();
extern void IslandProgram_UpdateNoticeRestart();
extern void IslandProgram_UpdateNoticeResult();
extern void IslandProgram_UpdateNoticeTransfer();
extern void IslandProgram_UpdateSleepCleanup();
extern void IslandProgram_UpdateSleepMode();
extern void IslandProgram_UpdateSleepPrompt();
extern void IslandProgram_UpdateTransferCleanup();
extern void IslandProgram_UpdateTransferComplete();
extern void IslandProgram_UpdateTransferProgress();
extern void IslandProgram_UpdateTransferPrompt();
extern void IslandProgram_UpdateTransferRestart();
extern void IslandProgram_UpdateTransferRetry();
extern int Item_Is100Bells();
extern int Item_Is10KBells();
extern int Item_Is1KBells();
extern int Item_Is30KBells();
extern int Item_IsAirCheck();
extern int Item_IsApple();
extern int Item_IsAxe();
extern int Item_IsBalloon();
extern int Item_IsBlueCosmos();
extern int Item_IsBuriedPitfall();
extern int Item_IsCabana();
extern int Item_IsCandy();
extern int Item_IsCarpet();
extern int Item_IsCedarSapling();
extern int Item_IsCherry();
extern int Item_IsCoconut();
extern int Item_IsConchSeaShellIcon();
extern int Item_IsCoral();
extern int Item_IsDeadCedarSapling();
extern int Item_IsDeadPalmSapling();
extern int Item_IsDeadSapling();
extern int Item_IsFishingRod();
extern int Item_IsFlowerBag();
extern int Item_IsFlowerLeaves();
extern int Item_IsFossil();
extern int Item_IsFruitAppleTree();
extern int Item_IsFruitCherryTree();
extern int Item_IsFruitOrangeTree();
extern int Item_IsFruitPalmTree();
extern int Item_IsFruitPeachTree();
extern int Item_IsFullyGrownPalmStump();
extern int Item_IsFullyGrownStump();
extern int Item_IsFullyGrownTree();
extern int Item_IsFurniture();
extern int Item_IsGoldenAxe();
extern int Item_IsGoldenNet();
extern int Item_IsGoldenRod();
extern int Item_IsGoldenShovel();
extern int Item_IsGyroid();
extern int Item_IsHandFan();
extern int Item_IsHole();
extern int Item_IsIslanderHouse();
extern int Item_IsIslandFlag();
extern int Item_IsLargePalmStump();
extern int Item_IsLargePalmTree();
extern int Item_IsLargeStump();
extern int Item_IsLargeTree();
extern int Item_IsLionsPawShellIcon();
extern int Item_IsMediumPalmStump();
extern int Item_IsMediumPalmTree();
extern int Item_IsMediumStump();
extern int Item_IsMediumTree();
extern int Item_IsMushroom();
extern int Item_IsNES();
extern int Item_IsNet();
extern int Item_IsOrange();
extern int Item_IsPaint();
extern int Item_IsPalmSapling();
extern int Item_IsPalmTree();
extern int Item_IsPeach();
extern int Item_IsPear();
extern int Item_IsPearFruitTree();
extern int Item_IsPinwheel();
extern int Item_IsPitfall();
extern int Item_IsPurpleCosmos();
extern int Item_IsPurplePansies();
extern int Item_IsRedTulips();
extern int Item_IsReserved();
extern int Item_IsRock();
extern int Item_IsSapling();
extern int Item_IsSeedlingDiaryTicketGrabBag();
extern int Item_IsShirt();
extern int Item_IsShovel();
extern int Item_IsSignboard();
extern int Item_IsSmallPalmStump();
extern int Item_IsSmallPalmTree();
extern int Item_IsSmallStump();
extern int Item_IsSmallTree();
extern int Item_IsTrash();
extern int Item_IsTurnip();
extern int Item_IsUmbrella();
extern int Item_IsWallpaper();
extern int Item_IsWeed();
extern int Item_IsWhitePansies();
extern int Item_IsWhiteTulips();
extern int Item_IsYellowCosmos();
extern int Item_IsYellowPansies();
extern int Item_IsYellowTulips();
extern int mMsg_Cont_Button();
extern int mMsg_Cont_CheckChoice();
extern int mMsg_Cont_Clear();
extern int mMsg_Cont_Continue();
extern int mMsg_Cont_Last();
extern int mMsg_Cont_MoveDown();
extern int mMsg_Cont_Noop();
extern int mMsg_Cont_RestoreCachedMessage();
extern int mMsg_Cont_SetChoiceCount2();
extern int mMsg_Cont_SetChoiceCount3();
extern int mMsg_Cont_SetChoiceText0();
extern int mMsg_Cont_SetChoiceText1();
extern int mMsg_Cont_SetChoiceText2();
extern int mMsg_Cont_SetNextMessage0();
extern int mMsg_Cont_SetNextMessage1();
extern int mMsg_Cont_SetNextMessageF();
extern int mMsg_Cont_SetTemporaryColor();
extern int mMsg_Cont_SoundTrgSys();
extern int mMsg_Cont_Space();
extern void mMsg_MainSetup_Appear();
extern void mMsg_MainSetup_AppearWait();
extern void mMsg_MainSetup_Choice();
extern void mMsg_MainSetup_Cursor();
extern void mMsg_MainSetup_Disappear();
extern void mMsg_MainSetup_DisappearWait();
extern void mMsg_MainSetup_Hide();
extern void mMsg_MainSetup_Normal();
extern void sub_0201E030();
extern void sub_0201E034();

extern void Entity_BeginFloatingItem();
extern void Entity_BeginItemDrop();
extern void Entity_BeginLeafEffect();
extern void Entity_BeginReactionEffect();
extern void Entity_BeginToppleEffect();
extern void Entity_UpdateFloatingItem();
extern void Entity_UpdateItemDrop();
extern void Entity_UpdateLeafEffect();
extern void Entity_UpdateLifetime();
extern void Entity_UpdateReactionEffect();
extern void Entity_UpdateToppleEffect();
extern void FallingFruit_BeginFall();
extern void FallingFruit_UpdateFall();
extern void IslandField_UpdateNormal();
extern void IslandField_UpdateJoybusExit();
extern void IslandField_UpdateOverviewExit();
extern void IslandField_UpdateSleepExit();
extern void IslandProgram_EnterFieldLoadMode();
extern void IslandProgram_EnterMessageMode();
extern void IslandProgram_EnterMosaicCoverMode();
extern void IslandProgram_EnterMosaicRevealMode();
extern void IslandProgram_EnterNormalMode();
extern void IslanderMoveAction_Bury();
extern void IslanderMoveAction_Dig();
extern void IslanderMoveAction_Fishing();
extern void IslanderMoveAction_MoveToTarget();
extern void IslanderMoveAction_ReceiveItem();
extern void IslanderMoveAction_UpdateEmotion();
extern void Islander_BuryItem_State0();
extern void Islander_BuryItem_State1();
extern void Islander_BuryItem_State2();
extern void Islander_BuryItem_State3();
extern void Islander_BuryItem_State4();
extern void Islander_BuryItem_State5();
extern void Islander_CheckClickedOnTimer();
extern void Islander_Fishing_Init();
extern void Islander_MoveAction20_Init();
extern void Islander_MoveAction20_Move();
extern void Islander_MoveIndoorsOrOutdoors();
extern void Islander_ProcessFood();
extern void Islander_ReceiveItem_Init();
extern void Islander_StartClickReaction();
extern void Islander_StartFieldObjectInteraction();
extern void Islander_StartFoodProcessing();
extern void Islander_StartHouseTransition();
extern void Islander_StartWandering();
extern void Islander_UpdateEmotionAnimation();
extern void Islander_UpdateFieldObjectInteraction();
extern void Islander_UpdateWandering();
extern void PlayerHand_BeginCarrying();
extern void PlayerHand_BeginPlacing();
extern void PlayerHand_ResetToIdle();
extern void PlayerHand_UpdateCarrying();
extern void PlayerHand_UpdateIdle();
extern void PlayerHand_UpdatePlacing();
extern void sub_02024C00();
extern void sub_02024C04();

extern void mMsg_ContinuePromptInit(m_msg_sprite_c *sprite);
extern void mMsg_ContinuePromptDestroy(m_msg_sprite_c* sprite);
extern void mMsg_ContinuePromptUpdate(m_msg_sprite_c* sprite);
extern void mMsg_ContinuePromptDraw(m_msg_sprite_c* sprite);

enum {
    ISLANDER_OAM_DATA_COUNT = 1229,
    ISLANDER_ANIM_FRAME_COUNT = 284,
    ISLANDER_ANIM_FRAME_LIST_ENTRY_COUNT = 387
};

#define ISLANDER_OAM(attr0, attr1, attr2, affine_param) \
    { \
        (attr0) & 0xFF, ((attr0) >> 8) & 3, ((attr0) >> 10) & 3, \
        ((attr0) >> 12) & 1, ((attr0) >> 13) & 1, ((attr0) >> 14) & 3, \
        (attr1) & 0x1FF, ((attr1) >> 9) & 7, ((attr1) >> 12) & 1, \
        ((attr1) >> 13) & 1, ((attr1) >> 14) & 3, (attr2) & 0x3FF, \
        ((attr2) >> 10) & 3, ((attr2) >> 12) & 0xF, (affine_param) \
    }

/*
 * The animation OAM streams form one contiguous pool. Each stream ends with
 * an entry whose affine_param is 0xFFFF; some streams are currently unused.
 */

#define IWRAM_BSS __attribute__((section(".bss")))

/* The payload's IWRAM image is one contiguous zero-initialized block. Keep
 * padding explicit until the intervening objects have been recovered. */

/* Original address: 0x03000000 */
int transfer_size IWRAM_BSS = 0;
/* Original address: 0x03000004 */
u8 sBssPadding_03000004[0x0C] IWRAM_BSS = {0};
/* Original address: 0x03000010 */
int sMsgDirtyTileOffset IWRAM_BSS = 0;
/* Original address: 0x03000014 */
int sMsgDirtyTileCount IWRAM_BSS = 0;
/* Original address: 0x03000018 */
int _03000018 IWRAM_BSS = 0;
/* Original address: 0x0300001C */
u8 sMsgPreviousTextRow IWRAM_BSS = 0;
/* Original address: 0x0300001D */
u8 sMsgPreviousTextX IWRAM_BSS = 0;
/* Original address: 0x0300001E */
u8 sBssPadding_0300001E[2] IWRAM_BSS = {0};
/* Original address: 0x03000020 */
s32 sFloatingItemIndex IWRAM_BSS = 0;
/* Original address: 0x03000024 */
u8 sBssPadding_03000024[4] IWRAM_BSS = {0};
/* Original address: 0x03000028 */
u8 sCurrentSoundEffects[0x0A] IWRAM_BSS = {0};
/* Original address: 0x03000032 */
u8 sBssPadding_03000032[6] IWRAM_BSS = {0};
/* Original address: 0x03000038 */
u8 sSoundEffectStates[0x18] IWRAM_BSS = {0};
/* Original address: 0x03000050 */
u16 sCurrentMusic IWRAM_BSS = 0;
/* Original address: 0x03000052 */
u8 sMusicEmotion IWRAM_BSS = 0;
/* Original address: 0x03000053 */
u8 sBssPadding_03000053[5] IWRAM_BSS = {0};
/* Original address: 0x03000058 */
u8 gPcmOutputBuffers[8] IWRAM_BSS = {0};
/* Original address: 0x03000060 */
u8 sBssPadding_03000060[0x0A] IWRAM_BSS = {0};
/* Original address: 0x0300006A */
u8 gPcmOutputBufferIndex IWRAM_BSS = 0;
/* Original address: 0x0300006B */
u8 sBssPadding_0300006B[5] IWRAM_BSS = {0};
/* Original address: 0x03000070 */
u8 gSoundChannelLists[0x1F4] IWRAM_BSS = {0};
/* Original address: 0x03000264 */
u8 sBssPadding_03000264[4] IWRAM_BSS = {0};
/* Original address: 0x03000268 */
u8 sSoundKeySampleInstrument[8] IWRAM_BSS = {0};
/* Original address: 0x03000270 */
u8 sBssPadding_03000270[0x328] IWRAM_BSS = {0};
/* Original address: 0x03000598 */
u8 gPcmOutputMixer[4] IWRAM_BSS = {0};
/* Original address: 0x0300059C */
u8 sBssPadding_0300059C[0x2C8] IWRAM_BSS = {0};
/* Original address: 0x03000864 */
u8 gPcmMixBuffer[0x2C0] IWRAM_BSS = {0};
/* Original address: 0x03000B24 */
u8 gSoundTracks[0x540] IWRAM_BSS = {0};
/* Original address: 0x03001064 */
u8 sBssPadding_03001064[0x360] IWRAM_BSS = {0};
/* Original address: 0x030013C4 */
u8 gPcmChannels[0x364] IWRAM_BSS = {0};
/* Original address: 0x03001728 */
u8 gPsgChannels[0x1F0] IWRAM_BSS = {0};
/* Original address: 0x03001918 */
u8 gSoundPlayers[0x220] IWRAM_BSS = {0};
/* Original address: 0x03001B38 */
u8 sBssPadding_03001B38[8] IWRAM_BSS = {0};

/* Original address: 0x03001B40 */
Island_agb_c *gIslandData IWRAM_BSS = NULL;
/* Original address: 0x03001B44 */
u8 sBssPadding_03001B44[0x0C] IWRAM_BSS = {0};
/* Original address: 0x03001B50 */
GameState gGameState IWRAM_BSS = {0};
/* Original address: 0x030023B4 */
u8 sBssPadding_030023B4[0x4C] IWRAM_BSS = {0};
/* Original address: 0x03002400 */
mISL_landinfo_agb_c gIslandLandInfo IWRAM_BSS = {0};
/* Original address: 0x03002410 */
u8 gUnk3002410[0x400] IWRAM_BSS = {0};
/* Original address: 0x03002810 */
u8 sBssPadding_03002810[0x170] IWRAM_BSS = {0};

/* Original address: 0x03002980 */
mMsg_Window_c gMsgWindowNotice IWRAM_BSS = {0};
/* Original address: 0x03002A20 */
mMsg_Window_c sMsgWindows[9] IWRAM_BSS = {0};
/* Original address: 0x03002FC0 */
mMsg_Window_c gMsgWindowMain IWRAM_BSS = {0};
/* Original address: 0x03003060 */
mMsg_Window_c gMsgWindowPrompt IWRAM_BSS = {0};
/* Original address: 0x03003100 */
u8 sBssPadding_03003100[0x20] IWRAM_BSS = {0};

/* Original address: 0x03003120 */
JoybusTransferWork gTransmissionBuf_p IWRAM_BSS = {0};
/* Original address: 0x03003160 */
u8 sBssPadding_03003160[0x5B0] IWRAM_BSS = {0};
/* Original address: 0x03003710 */
IslandFieldWork gIslandFieldWork IWRAM_BSS = {0};
/* Original address: 0x03003BB0 */
IslandBuilding gIslandBuildings[ISLAND_BUILDING_COUNT] IWRAM_BSS = {0};
/* Original address: 0x03003BD8 */
u8 sBssPadding_03003BD8[0x28] IWRAM_BSS = {0};
/* Original address: 0x03003C00 */
FieldObject gFieldObjects[FIELD_OBJECT_COUNT] IWRAM_BSS = {0};
/* Original address: 0x030041A0 */
Islander_AGB gIslander IWRAM_BSS = {0};
/* Original address: 0x03004260 */
u8 gFallingFruit[0x528] IWRAM_BSS = {0};
/* Original address: 0x03004788 */
u8 sBssPadding_03004788[8] IWRAM_BSS = {0};
/* Original address: 0x03004790 */
Entity g_EntityTable[12] IWRAM_BSS = {0};
/* Original address: 0x03004B80 */
Player gPlayer IWRAM_BSS = {0};

#undef IWRAM_BSS

/* Original address: 0x02029698 */
u8 sInitialIntrTable[56] = {
    0x89, 0xA2, 0x01, 0x02, 0x2D, 0x82, 0x01, 0x02, 0x65, 0x83, 0x01, 0x02, 0x69, 0x83, 0x01, 0x02,
    0x29, 0x82, 0x01, 0x02, 0x29, 0x82, 0x01, 0x02, 0x29, 0x82, 0x01, 0x02, 0x29, 0x82, 0x01, 0x02,
    0x29, 0x82, 0x01, 0x02, 0x29, 0x82, 0x01, 0x02, 0x29, 0x82, 0x01, 0x02, 0x29, 0x82, 0x01, 0x02,
    0x29, 0x82, 0x01, 0x02, 0x29, 0x82, 0x01, 0x02,
};

/* Original address: 0x020296D0 */
u8 sMsgGlyphWidths[256] = {
    0x04, 0x07, 0x07, 0x07, 0x07, 0x07, 0x07, 0x07,
    0x07, 0x07, 0x07, 0x07, 0x07, 0x05, 0x05, 0x06,
    0x06, 0x07, 0x07, 0x07, 0x07, 0x07, 0x07, 0x07,
    0x07, 0x07, 0x07, 0x07, 0x07, 0x07, 0x07, 0x06,
    0x04, 0x04, 0x06, 0x06, 0x06, 0x08, 0x08, 0x03,
    0x05, 0x05, 0x08, 0x08, 0x03, 0x06, 0x03, 0x08,
    0x07, 0x06, 0x07, 0x07, 0x07, 0x07, 0x07, 0x07,
    0x07, 0x07, 0x03, 0x08, 0x06, 0x06, 0x06, 0x07,
    0x07, 0x07, 0x07, 0x07, 0x07, 0x07, 0x07, 0x07,
    0x07, 0x04, 0x07, 0x07, 0x06, 0x07, 0x07, 0x07,
    0x07, 0x07, 0x07, 0x07, 0x07, 0x07, 0x07, 0x07,
    0x07, 0x07, 0x07, 0x06, 0x08, 0x06, 0x06, 0x07,
    0x06, 0x06, 0x06, 0x06, 0x06, 0x06, 0x05, 0x06,
    0x06, 0x03, 0x04, 0x06, 0x03, 0x07, 0x06, 0x06,
    0x06, 0x06, 0x05, 0x06, 0x05, 0x06, 0x06, 0x07,
    0x06, 0x06, 0x06, 0x06, 0x06, 0x06, 0x06, 0x08,
    0x04, 0x05, 0x05, 0x06, 0x06, 0x04, 0x06, 0x06,
    0x06, 0x06, 0x06, 0x06, 0x06, 0x07, 0x06, 0x06,
    0x08, 0x06, 0x06, 0x06, 0x06, 0x06, 0x07, 0x03,
    0x06, 0x06, 0x06, 0x05, 0x07, 0x06, 0x06, 0x04,
    0x07, 0x06, 0x07, 0x06, 0x06, 0x07, 0x07, 0x08,
    0x08, 0x08, 0x08, 0x08, 0x06, 0x06, 0x06, 0x08,
    0x08, 0x08, 0x08, 0x08, 0x06, 0x07, 0x07, 0x07,
    0x08, 0x08, 0x08, 0x08, 0x08, 0x08, 0x08, 0x08,
    0x06, 0x06, 0x08, 0x08, 0x08, 0x08, 0x08, 0x08,
    0x08, 0x08, 0x08, 0x08, 0x08, 0x08, 0x08, 0x06,
    0x03, 0x07, 0x03, 0x05, 0x06, 0x08, 0x08, 0x08,
    0x08, 0x08, 0x08, 0x08, 0x08, 0x08, 0x08, 0x08,
    0x08, 0x08, 0x08, 0x08, 0x08, 0x08, 0x08, 0x08,
    0x08, 0x08, 0x08, 0x08, 0x08, 0x08, 0x08, 0x08,
    0x08, 0x08, 0x08, 0x08, 0x08, 0x08, 0x08, 0x08,
    0x08, 0x08, 0x08, 0x08, 0x08, 0x08, 0x08, 0x08,
};

/* Original address: 0x020297D0 */
u8 sFontCodeWidths[256] = {
    0x06, 0x08, 0x08, 0x08, 0x08, 0x08, 0x08, 0x08,
    0x07, 0x07, 0x07, 0x07, 0x07, 0x06, 0x06, 0x06,
    0x06, 0x08, 0x08, 0x09, 0x09, 0x09, 0x09, 0x09,
    0x09, 0x07, 0x07, 0x07, 0x07, 0x07, 0x07, 0x07,
    0x07, 0x06, 0x07, 0x07, 0x07, 0x0B, 0x08, 0x04,
    0x06, 0x06, 0x0B, 0x0C, 0x04, 0x08, 0x04, 0x0C,
    0x08, 0x08, 0x08, 0x08, 0x08, 0x08, 0x08, 0x08,
    0x08, 0x08, 0x04, 0x0B, 0x08, 0x09, 0x08, 0x08,
    0x0A, 0x09, 0x07, 0x08, 0x08, 0x07, 0x07, 0x08,
    0x08, 0x06, 0x06, 0x07, 0x07, 0x0A, 0x08, 0x09,
    0x07, 0x09, 0x07, 0x07, 0x07, 0x08, 0x08, 0x0A,
    0x07, 0x07, 0x06, 0x07, 0x0C, 0x07, 0x07, 0x09,
    0x07, 0x07, 0x07, 0x07, 0x07, 0x06, 0x05, 0x07,
    0x08, 0x05, 0x05, 0x06, 0x05, 0x09, 0x07, 0x07,
    0x07, 0x08, 0x06, 0x06, 0x08, 0x07, 0x06, 0x09,
    0x06, 0x06, 0x05, 0x07, 0x07, 0x07, 0x07, 0x0C,
    0x07, 0x06, 0x06, 0x06, 0x06, 0x04, 0x08, 0x07,
    0x07, 0x07, 0x07, 0x07, 0x07, 0x09, 0x07, 0x07,
    0x0C, 0x07, 0x07, 0x07, 0x07, 0x07, 0x07, 0x05,
    0x05, 0x07, 0x07, 0x08, 0x07, 0x06, 0x06, 0x06,
    0x09, 0x08, 0x0A, 0x09, 0x07, 0x0A, 0x0A, 0x0C,
    0x0C, 0x0C, 0x0C, 0x0C, 0x07, 0x07, 0x07, 0x0C,
    0x0B, 0x0B, 0x0B, 0x0C, 0x09, 0x0A, 0x0A, 0x0A,
    0x0C, 0x0C, 0x0C, 0x0C, 0x0C, 0x0C, 0x0C, 0x0C,
    0x08, 0x08, 0x0C, 0x0B, 0x0C, 0x0C, 0x0C, 0x0C,
    0x0C, 0x0C, 0x0C, 0x0C, 0x0C, 0x0B, 0x0C, 0x08,
    0x04, 0x09, 0x04, 0x06, 0x0A, 0x0C, 0x0C, 0x0C,
    0x0C, 0x0C, 0x0C, 0x0C, 0x0C, 0x0C, 0x0C, 0x0C,
    0x0C, 0x0C, 0x0C, 0x0C, 0x0C, 0x0C, 0x0C, 0x0C,
    0x0C, 0x0C, 0x0C, 0x0C, 0x0C, 0x0C, 0x0C, 0x0C,
    0x0C, 0x0C, 0x0C, 0x0C, 0x0C, 0x0C, 0x0C, 0x0C,
    0x0C, 0x0C, 0x0C, 0x0C, 0x0C, 0x0C, 0x0C, 0x0C,
};

/* Original address: 0x020298D0 */
u8 sMsgFontGlyphs[16][2][16][8] = {
    {{{0x00, 0x00, 0x00, 0x06, 0x06, 0x00, 0x00, 0x02}, {0x00, 0x00, 0x00, 0x18, 0x18, 0x00, 0x08, 0x08}, {0x33, 0x33, 0x00, 0x0C, 0x0C, 0x1E, 0x12, 0x12}, {0x0E, 0x1C, 0x00, 0x0C, 0x0C, 0x1E, 0x12, 0x12}, {0x1C, 0x0E, 0x00, 0x0C, 0x0C, 0x1E, 0x12, 0x12}, {0x1C, 0x36, 0x00, 0x0C, 0x0C, 0x1E, 0x12, 0x12}, {0x1D, 0x36, 0x00, 0x0C, 0x0C, 0x1E, 0x12, 0x12}, {0x0C, 0x0C, 0x00, 0x0C, 0x0C, 0x1E, 0x12, 0x12}, {0x00, 0x00, 0x00, 0x1C, 0x3E, 0x23, 0x21, 0x01}, {0x0E, 0x1C, 0x00, 0x3F, 0x3F, 0x01, 0x01, 0x1F}, {0x1C, 0x0E, 0x00, 0x3F, 0x3F, 0x01, 0x01, 0x1F}, {0x1C, 0x36, 0x00, 0x3F, 0x3F, 0x01, 0x01, 0x1F}, {0x33, 0x33, 0x00, 0x3F, 0x3F, 0x01, 0x01, 0x1F}, {0x07, 0x0E, 0x00, 0x0E, 0x0E, 0x04, 0x04, 0x04}, {0x0E, 0x07, 0x00, 0x07, 0x07, 0x02, 0x02, 0x02}, {0x0E, 0x1B, 0x00, 0x0E, 0x0E, 0x04, 0x04, 0x04}}, {{0x02, 0x02, 0x03, 0x03, 0x03, 0x03, 0x00, 0x00}, {0x0E, 0x07, 0x21, 0x31, 0x1F, 0x0E, 0x00, 0x00}, {0x12, 0x3F, 0x3F, 0x21, 0x21, 0x21, 0x00, 0x00}, {0x12, 0x3F, 0x3F, 0x21, 0x21, 0x21, 0x00, 0x00}, {0x12, 0x3F, 0x3F, 0x21, 0x21, 0x21, 0x00, 0x00}, {0x12, 0x3F, 0x3F, 0x21, 0x21, 0x21, 0x00, 0x00}, {0x12, 0x3F, 0x3F, 0x21, 0x21, 0x21, 0x00, 0x00}, {0x12, 0x3F, 0x3F, 0x21, 0x21, 0x21, 0x00, 0x00}, {0x01, 0x01, 0x21, 0x31, 0x1F, 0x0E, 0x04, 0x06}, {0x1F, 0x01, 0x01, 0x01, 0x3F, 0x3F, 0x00, 0x00}, {0x1F, 0x01, 0x01, 0x01, 0x3F, 0x3F, 0x00, 0x00}, {0x1F, 0x01, 0x01, 0x01, 0x3F, 0x3F, 0x00, 0x00}, {0x1F, 0x01, 0x01, 0x01, 0x3F, 0x3F, 0x00, 0x00}, {0x04, 0x04, 0x04, 0x04, 0x0E, 0x0E, 0x00, 0x00}, {0x02, 0x02, 0x02, 0x02, 0x07, 0x07, 0x00, 0x00}, {0x04, 0x04, 0x04, 0x04, 0x0E, 0x0E, 0x00, 0x00}}},
    {{{0x1B, 0x1B, 0x00, 0x0E, 0x0E, 0x04, 0x04, 0x04}, {0x00, 0x00, 0x00, 0x0E, 0x1E, 0x32, 0x22, 0x27}, {0x1D, 0x36, 0x00, 0x21, 0x23, 0x23, 0x27, 0x25}, {0x0E, 0x1C, 0x00, 0x1C, 0x3E, 0x23, 0x21, 0x21}, {0x1C, 0x0E, 0x00, 0x1C, 0x3E, 0x23, 0x21, 0x21}, {0x1C, 0x36, 0x00, 0x1C, 0x3E, 0x23, 0x21, 0x21}, {0x1D, 0x36, 0x00, 0x1C, 0x3E, 0x23, 0x21, 0x21}, {0x33, 0x33, 0x00, 0x1C, 0x3E, 0x23, 0x21, 0x21}, {0x00, 0x00, 0x20, 0x3C, 0x1E, 0x33, 0x39, 0x29}, {0x0E, 0x1C, 0x00, 0x21, 0x21, 0x21, 0x21, 0x21}, {0x1C, 0x0E, 0x00, 0x21, 0x21, 0x21, 0x21, 0x21}, {0x1C, 0x36, 0x00, 0x21, 0x21, 0x21, 0x21, 0x21}, {0x33, 0x33, 0x00, 0x21, 0x21, 0x21, 0x21, 0x21}, {0x00, 0x00, 0x00, 0x0F, 0x1F, 0x11, 0x11, 0x19}, {0x00, 0x00, 0x01, 0x01, 0x1F, 0x3F, 0x21, 0x21}, {0x00, 0x00, 0x0E, 0x1C, 0x00, 0x0E, 0x1E, 0x18}}, {{0x04, 0x04, 0x04, 0x04, 0x0E, 0x0E, 0x00, 0x00}, {0x27, 0x32, 0x12, 0x1A, 0x0E, 0x06, 0x00, 0x00}, {0x29, 0x39, 0x31, 0x31, 0x21, 0x21, 0x00, 0x00}, {0x21, 0x21, 0x21, 0x33, 0x1F, 0x0E, 0x00, 0x00}, {0x21, 0x21, 0x21, 0x33, 0x1F, 0x0E, 0x00, 0x00}, {0x21, 0x21, 0x21, 0x33, 0x1F, 0x0E, 0x00, 0x00}, {0x21, 0x21, 0x21, 0x33, 0x1F, 0x0E, 0x00, 0x00}, {0x21, 0x21, 0x21, 0x33, 0x1F, 0x0E, 0x00, 0x00}, {0x2D, 0x25, 0x27, 0x33, 0x1E, 0x0F, 0x01, 0x00}, {0x21, 0x21, 0x21, 0x33, 0x1F, 0x0E, 0x00, 0x00}, {0x21, 0x21, 0x21, 0x33, 0x1F, 0x0E, 0x00, 0x00}, {0x21, 0x21, 0x21, 0x33, 0x1F, 0x0E, 0x00, 0x00}, {0x21, 0x21, 0x21, 0x33, 0x1F, 0x0E, 0x00, 0x00}, {0x3D, 0x31, 0x21, 0x33, 0x1F, 0x0D, 0x01, 0x00}, {0x31, 0x1D, 0x0F, 0x03, 0x01, 0x01, 0x01, 0x00}, {0x1E, 0x13, 0x11, 0x19, 0x1F, 0x16, 0x00, 0x00}}},
    {{{0x00, 0x00, 0x00, 0x00, 0x00, 0x00, 0x00, 0x00}, {0x00, 0x00, 0x00, 0x06, 0x06, 0x06, 0x06, 0x02}, {0x00, 0x00, 0x00, 0x1B, 0x1B, 0x1B, 0x09, 0x00}, {0x00, 0x00, 0x00, 0x1C, 0x0E, 0x00, 0x0E, 0x18}, {0x00, 0x00, 0x00, 0x0E, 0x1B, 0x00, 0x0E, 0x18}, {0x00, 0x00, 0x00, 0x46, 0x67, 0x25, 0x37, 0x1B}, {0x00, 0x00, 0x00, 0x0C, 0x1E, 0x12, 0x1A, 0x0E}, {0x00, 0x00, 0x00, 0x03, 0x03, 0x03, 0x01, 0x00}, {0x00, 0x00, 0x00, 0x18, 0x0C, 0x04, 0x06, 0x02}, {0x00, 0x00, 0x00, 0x03, 0x06, 0x04, 0x0C, 0x08}, {0x00, 0x00, 0x00, 0x00, 0x00, 0x00, 0x00, 0x06}, {0x00, 0x00, 0x00, 0x36, 0x7F, 0x7F, 0x7F, 0x7F}, {0x00, 0x00, 0x00, 0x00, 0x00, 0x00, 0x00, 0x00}, {0x00, 0x00, 0x00, 0x00, 0x00, 0x00, 0x00, 0x00}, {0x00, 0x00, 0x00, 0x00, 0x00, 0x00, 0x00, 0x00}, {0x00, 0x00, 0x10, 0x30, 0x30, 0x70, 0x50, 0x50}}, {{0x00, 0x00, 0x00, 0x00, 0x00, 0x00, 0x00, 0x00}, {0x02, 0x02, 0x00, 0x00, 0x03, 0x03, 0x00, 0x00}, {0x00, 0x00, 0x00, 0x00, 0x00, 0x00, 0x00, 0x00}, {0x1E, 0x13, 0x11, 0x19, 0x1F, 0x16, 0x00, 0x00}, {0x1E, 0x13, 0x11, 0x19, 0x1F, 0x16, 0x00, 0x00}, {0x08, 0x6C, 0x76, 0x52, 0x73, 0x31, 0x00, 0x00}, {0x36, 0x1F, 0x09, 0x1B, 0x3F, 0x2E, 0x00, 0x00}, {0x00, 0x00, 0x00, 0x00, 0x00, 0x00, 0x00, 0x00}, {0x02, 0x02, 0x06, 0x04, 0x0C, 0x18, 0x00, 0x00}, {0x08, 0x08, 0x0C, 0x04, 0x06, 0x03, 0x00, 0x00}, {0x4F, 0x79, 0x30, 0x00, 0x00, 0x00, 0x00, 0x00}, {0x3E, 0x3E, 0x3E, 0x1C, 0x1C, 0x08, 0x00, 0x00}, {0x00, 0x00, 0x00, 0x00, 0x03, 0x03, 0x02, 0x01}, {0x1F, 0x1F, 0x00, 0x00, 0x00, 0x00, 0x00, 0x00}, {0x00, 0x00, 0x00, 0x00, 0x03, 0x03, 0x00, 0x00}, {0x50, 0x1E, 0x1F, 0x1F, 0x0F, 0x06, 0x00, 0x00}}},
    {{{0x00, 0x00, 0x00, 0x1C, 0x3E, 0x23, 0x21, 0x21}, {0x00, 0x00, 0x00, 0x04, 0x07, 0x07, 0x04, 0x04}, {0x00, 0x00, 0x00, 0x1C, 0x3E, 0x23, 0x21, 0x21}, {0x00, 0x00, 0x00, 0x1C, 0x3E, 0x23, 0x21, 0x30}, {0x00, 0x00, 0x00, 0x10, 0x18, 0x18, 0x1C, 0x14}, {0x00, 0x00, 0x00, 0x3E, 0x3E, 0x02, 0x02, 0x1F}, {0x00, 0x00, 0x00, 0x1C, 0x3E, 0x23, 0x01, 0x1D}, {0x00, 0x00, 0x00, 0x3F, 0x3F, 0x21, 0x31, 0x11}, {0x00, 0x00, 0x00, 0x1C, 0x3E, 0x23, 0x21, 0x33}, {0x00, 0x00, 0x00, 0x1C, 0x3E, 0x23, 0x21, 0x21}, {0x00, 0x00, 0x00, 0x00, 0x00, 0x03, 0x03, 0x00}, {0x00, 0x00, 0x00, 0x08, 0x08, 0x1C, 0x1C, 0x3E}, {0x00, 0x00, 0x00, 0x00, 0x10, 0x18, 0x0C, 0x06}, {0x00, 0x00, 0x00, 0x00, 0x00, 0x00, 0x1F, 0x1F}, {0x00, 0x00, 0x00, 0x00, 0x01, 0x03, 0x06, 0x0C}, {0x00, 0x00, 0x00, 0x1C, 0x3E, 0x23, 0x21, 0x38}}, {{0x21, 0x21, 0x21, 0x33, 0x1F, 0x0E, 0x00, 0x00}, {0x04, 0x04, 0x04, 0x04, 0x1F, 0x1F, 0x00, 0x00}, {0x30, 0x1C, 0x06, 0x03, 0x3F, 0x3F, 0x00, 0x00}, {0x1C, 0x30, 0x21, 0x33, 0x1F, 0x0E, 0x00, 0x00}, {0x16, 0x12, 0x3F, 0x3F, 0x10, 0x10, 0x00, 0x00}, {0x3F, 0x21, 0x20, 0x31, 0x1F, 0x0E, 0x00, 0x00}, {0x3F, 0x23, 0x21, 0x33, 0x1F, 0x0E, 0x00, 0x00}, {0x18, 0x08, 0x0C, 0x04, 0x04, 0x04, 0x00, 0x00}, {0x1E, 0x33, 0x21, 0x33, 0x1F, 0x0E, 0x00, 0x00}, {0x3F, 0x2E, 0x20, 0x31, 0x1F, 0x0E, 0x00, 0x00}, {0x00, 0x00, 0x03, 0x03, 0x00, 0x00, 0x00, 0x00}, {0x3E, 0x7F, 0x7F, 0x7F, 0x3E, 0x1C, 0x00, 0x00}, {0x03, 0x06, 0x0C, 0x18, 0x10, 0x00, 0x00, 0x00}, {0x00, 0x00, 0x1F, 0x1F, 0x00, 0x00, 0x00, 0x00}, {0x18, 0x0C, 0x06, 0x03, 0x01, 0x00, 0x00, 0x00}, {0x1C, 0x04, 0x04, 0x00, 0x06, 0x06, 0x00, 0x00}}},
    {{{0x00, 0x00, 0x00, 0x1C, 0x36, 0x23, 0x29, 0x3D}, {0x00, 0x00, 0x00, 0x0C, 0x0C, 0x1E, 0x12, 0x12}, {0x00, 0x00, 0x00, 0x0F, 0x1F, 0x11, 0x11, 0x19}, {0x00, 0x00, 0x00, 0x1C, 0x3E, 0x23, 0x21, 0x01}, {0x00, 0x00, 0x00, 0x0F, 0x1F, 0x31, 0x21, 0x21}, {0x00, 0x00, 0x00, 0x3F, 0x3F, 0x01, 0x01, 0x1F}, {0x00, 0x00, 0x00, 0x3F, 0x3F, 0x01, 0x01, 0x01}, {0x00, 0x00, 0x00, 0x1C, 0x3E, 0x23, 0x01, 0x01}, {0x00, 0x00, 0x00, 0x21, 0x21, 0x21, 0x21, 0x3F}, {0x00, 0x00, 0x00, 0x07, 0x07, 0x02, 0x02, 0x02}, {0x00, 0x00, 0x00, 0x38, 0x38, 0x10, 0x10, 0x10}, {0x00, 0x00, 0x00, 0x21, 0x21, 0x31, 0x11, 0x19}, {0x00, 0x00, 0x00, 0x01, 0x01, 0x01, 0x01, 0x01}, {0x00, 0x00, 0x00, 0x21, 0x21, 0x31, 0x33, 0x3B}, {0x00, 0x00, 0x00, 0x21, 0x23, 0x23, 0x27, 0x25}, {0x00, 0x00, 0x00, 0x1C, 0x3E, 0x23, 0x21, 0x21}}, {{0x35, 0x35, 0x2D, 0x21, 0x33, 0x1E, 0x00, 0x00}, {0x12, 0x3F, 0x3F, 0x21, 0x21, 0x21, 0x00, 0x00}, {0x3F, 0x31, 0x21, 0x31, 0x1F, 0x0F, 0x00, 0x00}, {0x01, 0x01, 0x21, 0x33, 0x1F, 0x0E, 0x00, 0x00}, {0x21, 0x31, 0x11, 0x19, 0x0F, 0x07, 0x00, 0x00}, {0x1F, 0x01, 0x01, 0x01, 0x3F, 0x3F, 0x00, 0x00}, {0x1F, 0x1F, 0x01, 0x01, 0x01, 0x01, 0x00, 0x00}, {0x39, 0x39, 0x21, 0x23, 0x3F, 0x2E, 0x00, 0x00}, {0x3F, 0x21, 0x21, 0x21, 0x21, 0x21, 0x00, 0x00}, {0x02, 0x02, 0x02, 0x02, 0x07, 0x07, 0x00, 0x00}, {0x10, 0x11, 0x11, 0x19, 0x0F, 0x06, 0x00, 0x00}, {0x0D, 0x1F, 0x13, 0x33, 0x21, 0x21, 0x00, 0x00}, {0x01, 0x01, 0x01, 0x01, 0x1F, 0x1F, 0x00, 0x00}, {0x2F, 0x2D, 0x25, 0x25, 0x21, 0x21, 0x00, 0x00}, {0x29, 0x39, 0x31, 0x31, 0x21, 0x21, 0x00, 0x00}, {0x21, 0x21, 0x21, 0x33, 0x1F, 0x0E, 0x00, 0x00}}},
    {{{0x00, 0x00, 0x00, 0x1F, 0x3F, 0x21, 0x21, 0x21}, {0x00, 0x00, 0x00, 0x1C, 0x3E, 0x23, 0x21, 0x21}, {0x00, 0x00, 0x00, 0x1F, 0x3F, 0x21, 0x21, 0x31}, {0x00, 0x00, 0x00, 0x1C, 0x3E, 0x23, 0x01, 0x03}, {0x00, 0x00, 0x00, 0x3F, 0x3F, 0x08, 0x08, 0x08}, {0x00, 0x00, 0x00, 0x21, 0x21, 0x21, 0x21, 0x21}, {0x00, 0x00, 0x00, 0x21, 0x21, 0x21, 0x21, 0x33}, {0x00, 0x00, 0x00, 0x21, 0x29, 0x29, 0x29, 0x2D}, {0x00, 0x00, 0x00, 0x21, 0x21, 0x33, 0x12, 0x1E}, {0x00, 0x00, 0x00, 0x21, 0x21, 0x23, 0x32, 0x16}, {0x00, 0x00, 0x00, 0x3F, 0x3F, 0x30, 0x10, 0x18}, {0x00, 0x00, 0x00, 0x0D, 0x16, 0x00, 0x0E, 0x18}, {0x00, 0x00, 0x00, 0x00, 0x14, 0x14, 0x77, 0x77}, {0x00, 0x00, 0x00, 0x1B, 0x1B, 0x00, 0x0E, 0x18}, {0x00, 0x00, 0x00, 0x0C, 0x0C, 0x00, 0x0E, 0x18}, {0x00, 0x00, 0x00, 0x00, 0x00, 0x00, 0x00, 0x00}}, {{0x31, 0x1F, 0x0F, 0x01, 0x01, 0x01, 0x00, 0x00}, {0x21, 0x21, 0x31, 0x19, 0x3F, 0x36, 0x00, 0x00}, {0x1F, 0x0F, 0x09, 0x19, 0x11, 0x31, 0x00, 0x00}, {0x3E, 0x20, 0x21, 0x33, 0x1F, 0x0E, 0x00, 0x00}, {0x08, 0x08, 0x08, 0x08, 0x08, 0x08, 0x00, 0x00}, {0x21, 0x21, 0x21, 0x33, 0x1F, 0x0E, 0x00, 0x00}, {0x12, 0x12, 0x1E, 0x0C, 0x0C, 0x0C, 0x00, 0x00}, {0x2D, 0x3F, 0x37, 0x16, 0x12, 0x12, 0x00, 0x00}, {0x0C, 0x1E, 0x12, 0x33, 0x21, 0x21, 0x00, 0x00}, {0x14, 0x1C, 0x08, 0x08, 0x08, 0x08, 0x00, 0x00}, {0x0C, 0x04, 0x06, 0x02, 0x3F, 0x3F, 0x00, 0x00}, {0x1E, 0x13, 0x11, 0x19, 0x1F, 0x16, 0x00, 0x00}, {0x00, 0x00, 0x77, 0x77, 0x14, 0x14, 0x00, 0x00}, {0x1E, 0x13, 0x11, 0x19, 0x1F, 0x16, 0x00, 0x00}, {0x1E, 0x13, 0x11, 0x19, 0x1F, 0x16, 0x00, 0x00}, {0x00, 0x00, 0x00, 0x00, 0x00, 0x3F, 0x00, 0x00}}},
    {{{0x00, 0x00, 0x00, 0x00, 0x00, 0x00, 0x0C, 0x1E}, {0x00, 0x00, 0x00, 0x00, 0x00, 0x0E, 0x1E, 0x10}, {0x00, 0x00, 0x00, 0x01, 0x01, 0x01, 0x0D, 0x1F}, {0x00, 0x00, 0x00, 0x00, 0x00, 0x00, 0x0C, 0x1E}, {0x00, 0x00, 0x00, 0x10, 0x10, 0x10, 0x1C, 0x1E}, {0x00, 0x00, 0x00, 0x00, 0x00, 0x00, 0x0C, 0x1E}, {0x00, 0x00, 0x00, 0x0C, 0x0E, 0x02, 0x02, 0x02}, {0x00, 0x00, 0x00, 0x00, 0x00, 0x00, 0x1C, 0x1E}, {0x00, 0x00, 0x00, 0x01, 0x01, 0x01, 0x0D, 0x1F}, {0x00, 0x00, 0x00, 0x03, 0x03, 0x00, 0x03, 0x03}, {0x00, 0x00, 0x00, 0x06, 0x06, 0x00, 0x06, 0x06}, {0x00, 0x00, 0x00, 0x01, 0x01, 0x01, 0x11, 0x19}, {0x00, 0x00, 0x00, 0x01, 0x01, 0x01, 0x01, 0x01}, {0x00, 0x00, 0x00, 0x00, 0x00, 0x00, 0x15, 0x3F}, {0x00, 0x00, 0x00, 0x00, 0x00, 0x00, 0x0D, 0x1F}, {0x00, 0x00, 0x00, 0x00, 0x00, 0x00, 0x0C, 0x1E}}, {{0x13, 0x01, 0x01, 0x11, 0x1F, 0x0E, 0x04, 0x06}, {0x1C, 0x1E, 0x13, 0x19, 0x1F, 0x16, 0x00, 0x00}, {0x13, 0x11, 0x11, 0x11, 0x1F, 0x0F, 0x00, 0x00}, {0x13, 0x01, 0x01, 0x11, 0x1F, 0x0E, 0x00, 0x00}, {0x13, 0x11, 0x11, 0x19, 0x1F, 0x16, 0x00, 0x00}, {0x13, 0x19, 0x1F, 0x01, 0x1F, 0x0E, 0x00, 0x00}, {0x0F, 0x0F, 0x02, 0x02, 0x02, 0x02, 0x00, 0x00}, {0x1B, 0x11, 0x19, 0x1F, 0x16, 0x10, 0x1E, 0x0E}, {0x13, 0x11, 0x11, 0x11, 0x11, 0x11, 0x00, 0x00}, {0x02, 0x02, 0x02, 0x02, 0x02, 0x02, 0x00, 0x00}, {0x04, 0x04, 0x04, 0x04, 0x04, 0x04, 0x07, 0x03}, {0x0D, 0x07, 0x03, 0x07, 0x0D, 0x19, 0x00, 0x00}, {0x01, 0x01, 0x01, 0x01, 0x03, 0x03, 0x00, 0x00}, {0x2F, 0x25, 0x25, 0x25, 0x25, 0x25, 0x00, 0x00}, {0x13, 0x11, 0x11, 0x11, 0x11, 0x11, 0x00, 0x00}, {0x13, 0x11, 0x11, 0x19, 0x0F, 0x06, 0x00, 0x00}}},
    {{{0x00, 0x00, 0x00, 0x00, 0x00, 0x00, 0x0D, 0x1F}, {0x00, 0x00, 0x00, 0x00, 0x00, 0x00, 0x1C, 0x1E}, {0x00, 0x00, 0x00, 0x00, 0x00, 0x00, 0x0D, 0x1F}, {0x00, 0x00, 0x00, 0x00, 0x00, 0x00, 0x1E, 0x13}, {0x00, 0x00, 0x00, 0x00, 0x02, 0x02, 0x0F, 0x0F}, {0x00, 0x00, 0x00, 0x00, 0x00, 0x00, 0x11, 0x11}, {0x00, 0x00, 0x00, 0x00, 0x00, 0x00, 0x11, 0x11}, {0x00, 0x00, 0x00, 0x00, 0x00, 0x00, 0x29, 0x29}, {0x00, 0x00, 0x00, 0x00, 0x00, 0x00, 0x11, 0x1B}, {0x00, 0x00, 0x00, 0x00, 0x00, 0x00, 0x11, 0x11}, {0x00, 0x00, 0x00, 0x00, 0x00, 0x00, 0x1F, 0x1F}, {0x00, 0x00, 0x00, 0x0E, 0x1C, 0x00, 0x0C, 0x1E}, {0x00, 0x00, 0x00, 0x1C, 0x0E, 0x00, 0x0C, 0x1E}, {0x00, 0x00, 0x00, 0x0E, 0x1B, 0x00, 0x0C, 0x1E}, {0x00, 0x00, 0x00, 0x1B, 0x1B, 0x00, 0x0C, 0x1E}, {0x00, 0x00, 0x00, 0x00, 0x00, 0x00, 0x00, 0x00}}, {{0x13, 0x11, 0x11, 0x19, 0x0F, 0x07, 0x01, 0x01}, {0x13, 0x11, 0x11, 0x19, 0x1F, 0x16, 0x10, 0x10}, {0x13, 0x01, 0x01, 0x01, 0x01, 0x01, 0x00, 0x00}, {0x07, 0x0E, 0x1C, 0x19, 0x1B, 0x0E, 0x00, 0x00}, {0x02, 0x02, 0x02, 0x02, 0x0E, 0x0C, 0x00, 0x00}, {0x11, 0x11, 0x11, 0x19, 0x1F, 0x16, 0x00, 0x00}, {0x11, 0x1B, 0x0B, 0x0E, 0x06, 0x06, 0x00, 0x00}, {0x29, 0x2D, 0x2D, 0x3D, 0x17, 0x13, 0x00, 0x00}, {0x0E, 0x0C, 0x06, 0x0E, 0x1B, 0x11, 0x00, 0x00}, {0x1B, 0x0A, 0x0A, 0x0E, 0x04, 0x06, 0x03, 0x03}, {0x18, 0x0C, 0x06, 0x03, 0x1F, 0x1F, 0x00, 0x00}, {0x13, 0x19, 0x1F, 0x01, 0x1F, 0x0E, 0x00, 0x00}, {0x13, 0x19, 0x1F, 0x01, 0x1F, 0x0E, 0x00, 0x00}, {0x13, 0x19, 0x1F, 0x01, 0x1F, 0x0E, 0x00, 0x00}, {0x13, 0x19, 0x1F, 0x01, 0x1F, 0x0E, 0x00, 0x00}, {0x00, 0x00, 0x00, 0x00, 0x00, 0x00, 0x00, 0x00}}},
    {{{0x00, 0x00, 0x00, 0x00, 0x00, 0x00, 0x00, 0x00}, {0x00, 0x00, 0x00, 0x07, 0x0E, 0x00, 0x06, 0x06}, {0x00, 0x00, 0x00, 0x0E, 0x07, 0x00, 0x06, 0x06}, {0x00, 0x00, 0x00, 0x0E, 0x1B, 0x00, 0x06, 0x06}, {0x00, 0x00, 0x00, 0x1B, 0x1B, 0x00, 0x06, 0x06}, {0x00, 0x00, 0x00, 0x00, 0x00, 0x00, 0x00, 0x02}, {0x00, 0x00, 0x11, 0x1B, 0x0E, 0x0E, 0x0B, 0x18}, {0x00, 0x00, 0x00, 0x0D, 0x16, 0x00, 0x0D, 0x1F}, {0x00, 0x00, 0x00, 0x0E, 0x1C, 0x00, 0x0C, 0x1E}, {0x00, 0x00, 0x00, 0x1C, 0x0E, 0x00, 0x0C, 0x1E}, {0x00, 0x00, 0x00, 0x0E, 0x1B, 0x00, 0x0C, 0x1E}, {0x00, 0x00, 0x00, 0x0D, 0x16, 0x00, 0x0C, 0x1E}, {0x00, 0x00, 0x00, 0x1B, 0x1B, 0x00, 0x0C, 0x1E}, {0x00, 0x00, 0x00, 0x00, 0x00, 0x08, 0x0C, 0x1E}, {0x00, 0x00, 0x00, 0x0E, 0x1C, 0x00, 0x11, 0x11}, {0x00, 0x00, 0x00, 0x1C, 0x0E, 0x00, 0x11, 0x11}}, {{0x00, 0x00, 0x00, 0x00, 0x00, 0x00, 0x00, 0x00}, {0x04, 0x04, 0x04, 0x04, 0x04, 0x04, 0x00, 0x00}, {0x04, 0x04, 0x04, 0x04, 0x04, 0x04, 0x00, 0x00}, {0x04, 0x04, 0x04, 0x04, 0x04, 0x04, 0x00, 0x00}, {0x04, 0x04, 0x04, 0x04, 0x04, 0x04, 0x00, 0x00}, {0x07, 0x07, 0x02, 0x00, 0x00, 0x00, 0x00, 0x00}, {0x1E, 0x13, 0x11, 0x19, 0x0F, 0x06, 0x00, 0x00}, {0x13, 0x11, 0x11, 0x11, 0x11, 0x11, 0x00, 0x00}, {0x13, 0x11, 0x11, 0x19, 0x0F, 0x06, 0x00, 0x00}, {0x13, 0x11, 0x11, 0x19, 0x0F, 0x06, 0x00, 0x00}, {0x13, 0x11, 0x11, 0x19, 0x0F, 0x06, 0x00, 0x00}, {0x13, 0x11, 0x11, 0x19, 0x0F, 0x06, 0x00, 0x00}, {0x13, 0x11, 0x11, 0x19, 0x0F, 0x06, 0x00, 0x00}, {0x1B, 0x1D, 0x17, 0x1B, 0x0F, 0x06, 0x02, 0x00}, {0x11, 0x11, 0x11, 0x19, 0x1F, 0x16, 0x00, 0x00}, {0x11, 0x11, 0x11, 0x19, 0x1F, 0x16, 0x00, 0x00}}},
    {{{0x00, 0x00, 0x00, 0x00, 0x00, 0x00, 0x00, 0x00}, {0x00, 0x00, 0x00, 0x0E, 0x1B, 0x00, 0x11, 0x11}, {0x00, 0x00, 0x00, 0x1B, 0x1B, 0x00, 0x11, 0x11}, {0x00, 0x00, 0x00, 0x1C, 0x0E, 0x00, 0x11, 0x11}, {0x00, 0x00, 0x00, 0x1B, 0x1B, 0x00, 0x11, 0x11}, {0x00, 0x00, 0x00, 0x01, 0x01, 0x0F, 0x1F, 0x11}, {0x1C, 0x0E, 0x00, 0x21, 0x21, 0x23, 0x32, 0x16}, {0x00, 0x00, 0x00, 0x00, 0x03, 0x03, 0x03, 0x03}, {0x00, 0x00, 0x00, 0x1E, 0x1F, 0x03, 0x0E, 0x1F}, {0x00, 0x00, 0x00, 0x0E, 0x18, 0x1E, 0x13, 0x19}, {0x00, 0x00, 0x00, 0x0C, 0x1E, 0x13, 0x11, 0x19}, {0x00, 0x00, 0x00, 0x0A, 0x0A, 0x0A, 0x0A, 0x0A}, {0x00, 0x00, 0x00, 0x00, 0x00, 0x00, 0x11, 0x11}, {0x00, 0x00, 0x00, 0x0E, 0x1F, 0x11, 0x1C, 0x11}, {0x00, 0x00, 0x00, 0x0F, 0x1F, 0x18, 0x0C, 0x06}, {0x00, 0x00, 0x00, 0x03, 0x03, 0x02, 0x02, 0x02}}, {{0x7F, 0x7F, 0x00, 0x00, 0x00, 0x00, 0x00, 0x00}, {0x11, 0x11, 0x11, 0x19, 0x1F, 0x16, 0x00, 0x00}, {0x11, 0x11, 0x11, 0x19, 0x1F, 0x16, 0x00, 0x00}, {0x1B, 0x0A, 0x0A, 0x0E, 0x04, 0x06, 0x03, 0x03}, {0x1B, 0x0A, 0x0A, 0x0E, 0x04, 0x06, 0x03, 0x03}, {0x19, 0x0D, 0x07, 0x03, 0x01, 0x01, 0x01, 0x00}, {0x14, 0x1C, 0x08, 0x08, 0x08, 0x08, 0x00, 0x00}, {0x00, 0x00, 0x03, 0x03, 0x03, 0x03, 0x00, 0x00}, {0x11, 0x1F, 0x1E, 0x10, 0x1F, 0x0E, 0x00, 0x00}, {0x1F, 0x16, 0x00, 0x1F, 0x1F, 0x00, 0x00, 0x00}, {0x0F, 0x06, 0x00, 0x1F, 0x1F, 0x00, 0x00, 0x00}, {0x0A, 0x0A, 0x0A, 0x0A, 0x0A, 0x0A, 0x00, 0x00}, {0x11, 0x11, 0x19, 0x1F, 0x37, 0x01, 0x01, 0x00}, {0x1F, 0x0E, 0x00, 0x00, 0x00, 0x00, 0x00, 0x00}, {0x1F, 0x1F, 0x00, 0x00, 0x00, 0x00, 0x00, 0x00}, {0x07, 0x07, 0x00, 0x00, 0x00, 0x00, 0x00, 0x00}}},
    {{{0x00, 0x00, 0x3F, 0x00, 0x00, 0x00, 0x00, 0x00}, {0x00, 0x00, 0x00, 0x00, 0x00, 0x00, 0x00, 0x1F}, {0x00, 0x00, 0x00, 0x3C, 0x3C, 0x0E, 0x0A, 0x0A}, {0x00, 0x00, 0x00, 0x00, 0x00, 0x0B, 0x1F, 0x14}, {0x00, 0x00, 0x00, 0x00, 0x00, 0x00, 0x00, 0x00}, {0x00, 0x00, 0x00, 0x00, 0x24, 0x24, 0x36, 0x12}, {0x00, 0x00, 0x00, 0x00, 0x09, 0x09, 0x1B, 0x12}, {0x00, 0x00, 0x00, 0x08, 0x2A, 0x22, 0x08, 0x5D}, {0x00, 0x00, 0x00, 0x00, 0x0C, 0x3E, 0x7F, 0x7F}, {0x00, 0x00, 0x00, 0x08, 0x08, 0x3E, 0x7F, 0x7F}, {0x00, 0x00, 0x00, 0x38, 0x7C, 0x46, 0x42, 0x52}, {0x00, 0x00, 0x00, 0x3E, 0x7F, 0x5D, 0x7F, 0x63}, {0x00, 0x00, 0x00, 0x00, 0x03, 0x1F, 0x18, 0x00}, {0x00, 0x00, 0x00, 0x00, 0x18, 0x1F, 0x03, 0x00}, {0x00, 0x00, 0x00, 0x18, 0x18, 0x08, 0x0C, 0x0C}, {0x00, 0x00, 0x00, 0x00, 0x00, 0x66, 0x7F, 0x59}}, {{0x00, 0x00, 0x00, 0x00, 0x00, 0x00, 0x00, 0x00}, {0x1F, 0x10, 0x10, 0x00, 0x00, 0x00, 0x00, 0x00}, {0x3E, 0x3F, 0x09, 0x09, 0x39, 0x39, 0x00, 0x00}, {0x16, 0x1F, 0x05, 0x05, 0x1F, 0x1B, 0x00, 0x00}, {0x00, 0x00, 0x09, 0x1B, 0x1B, 0x1B, 0x00, 0x00}, {0x1B, 0x12, 0x36, 0x24, 0x24, 0x00, 0x00, 0x00}, {0x36, 0x12, 0x1B, 0x09, 0x09, 0x00, 0x00, 0x00}, {0x5D, 0x5D, 0x08, 0x22, 0x2A, 0x08, 0x00, 0x00}, {0x67, 0x5B, 0x5B, 0x5F, 0x2E, 0x00, 0x00, 0x00}, {0x7F, 0x08, 0x08, 0x48, 0x78, 0x30, 0x00, 0x00}, {0x5E, 0x4C, 0x60, 0x31, 0x1F, 0x0E, 0x00, 0x00}, {0x3E, 0x7F, 0x7F, 0x7F, 0x7F, 0x3E, 0x00, 0x00}, {0x1F, 0x1F, 0x00, 0x18, 0x1F, 0x03, 0x00, 0x00}, {0x1F, 0x1F, 0x00, 0x03, 0x1F, 0x18, 0x00, 0x00}, {0x04, 0x06, 0x06, 0x02, 0x03, 0x03, 0x00, 0x00}, {0x49, 0x4D, 0x7F, 0x33, 0x00, 0x00, 0x00, 0x00}}},
    {{{0x00, 0x00, 0x00, 0x00, 0x1C, 0x3E, 0x63, 0x41}, {0x00, 0x00, 0x00, 0x00, 0x41, 0x63, 0x36, 0x1C}, {0x00, 0x00, 0x00, 0x00, 0x7F, 0x7F, 0x41, 0x41}, {0x00, 0x00, 0x00, 0x00, 0x08, 0x08, 0x1C, 0x14}, {0x00, 0x00, 0x00, 0x00, 0x00, 0x04, 0x04, 0x04}, {0x00, 0x00, 0x00, 0x00, 0x30, 0x18, 0x1C, 0x0E}, {0x00, 0x00, 0x08, 0x1C, 0x3E, 0x2A, 0x08, 0x1E}, {0x00, 0x00, 0x00, 0x1E, 0x3F, 0x21, 0x21, 0x21}, {0x00, 0x00, 0x00, 0x22, 0x77, 0x77, 0x77, 0x2A}, {0x00, 0x00, 0x00, 0x08, 0x08, 0x1C, 0x1C, 0x7F}, {0x00, 0x00, 0x00, 0x1C, 0x3E, 0x6B, 0x49, 0x49}, {0x00, 0x00, 0x00, 0x1C, 0x3E, 0x5D, 0x7F, 0x63}, {0x00, 0x00, 0x00, 0x1C, 0x3E, 0x7F, 0x5D, 0x2A}, {0x00, 0x00, 0x00, 0x1C, 0x3E, 0x7F, 0x6B, 0x5D}, {0x00, 0x00, 0x00, 0x1C, 0x3E, 0x7F, 0x5D, 0x6B}, {0x00, 0x00, 0x00, 0x1C, 0x3E, 0x7F, 0x5D, 0x7F}}, {{0x41, 0x41, 0x41, 0x63, 0x3E, 0x1C, 0x00, 0x00}, {0x08, 0x08, 0x1C, 0x36, 0x63, 0x41, 0x00, 0x00}, {0x41, 0x41, 0x41, 0x41, 0x7F, 0x7F, 0x00, 0x00}, {0x14, 0x36, 0x22, 0x22, 0x7F, 0x7F, 0x00, 0x00}, {0x1F, 0x1F, 0x04, 0x04, 0x04, 0x00, 0x00, 0x00}, {0x3F, 0x3F, 0x1C, 0x0E, 0x06, 0x03, 0x00, 0x00}, {0x3F, 0x21, 0x21, 0x21, 0x3F, 0x1E, 0x00, 0x00}, {0x3F, 0x1E, 0x04, 0x1F, 0x1F, 0x04, 0x00, 0x00}, {0x1C, 0x2A, 0x77, 0x77, 0x77, 0x22, 0x00, 0x00}, {0x3E, 0x1C, 0x1C, 0x3E, 0x36, 0x22, 0x00, 0x00}, {0x49, 0x7F, 0x6B, 0x3E, 0x3E, 0x2A, 0x00, 0x00}, {0x63, 0x63, 0x63, 0x63, 0x3E, 0x1C, 0x00, 0x00}, {0x7F, 0x7F, 0x41, 0x41, 0x3E, 0x1C, 0x00, 0x00}, {0x7F, 0x7F, 0x63, 0x6B, 0x3E, 0x1C, 0x00, 0x00}, {0x7F, 0x7F, 0x63, 0x5D, 0x3E, 0x1C, 0x00, 0x00}, {0x41, 0x41, 0x41, 0x63, 0x3E, 0x1C, 0x00, 0x00}}},
    {{{0x00, 0x00, 0x00, 0x00, 0x00, 0x11, 0x1B, 0x0E}, {0x00, 0x00, 0x00, 0x00, 0x00, 0x04, 0x04, 0x00}, {0x00, 0x00, 0x00, 0x18, 0x67, 0x7F, 0x7F, 0x7F}, {0x00, 0x00, 0x00, 0x63, 0x77, 0x77, 0x6B, 0x14}, {0x00, 0x00, 0x00, 0x00, 0x7F, 0x41, 0x63, 0x55}, {0x00, 0x00, 0x00, 0x3E, 0x1C, 0x08, 0x1C, 0x32}, {0x00, 0x00, 0x00, 0x18, 0x1B, 0x63, 0x60, 0x1C}, {0x00, 0x00, 0x00, 0x22, 0x36, 0x3E, 0x7F, 0x5D}, {0x00, 0x00, 0x00, 0x41, 0x63, 0x7F, 0x7F, 0x7F}, {0x00, 0x00, 0x36, 0x36, 0x36, 0x36, 0x3E, 0x7F}, {0x00, 0x00, 0x00, 0x00, 0x1C, 0x3E, 0x7F, 0x5D}, {0x00, 0x00, 0x00, 0x41, 0x7F, 0x3E, 0x2A, 0x2A}, {0x00, 0x00, 0x00, 0x41, 0x63, 0x3E, 0x2A, 0x6B}, {0x00, 0x00, 0x7F, 0x5F, 0x5F, 0x5F, 0x5F, 0x57}, {0x00, 0x00, 0x00, 0x2C, 0x2E, 0x6B, 0x7F, 0x41}, {0x00, 0x00, 0x00, 0x11, 0x0A, 0x0E, 0x1F, 0x1F}}, {{0x04, 0x04, 0x0E, 0x1B, 0x11, 0x00, 0x00, 0x00}, {0x1F, 0x1F, 0x00, 0x04, 0x04, 0x00, 0x00, 0x00}, {0x7F, 0x08, 0x08, 0x0C, 0x0C, 0x0C, 0x00, 0x00}, {0x14, 0x36, 0x36, 0x63, 0x63, 0x41, 0x00, 0x00}, {0x49, 0x41, 0x41, 0x41, 0x7F, 0x00, 0x00, 0x00}, {0x6B, 0x73, 0x6B, 0x6B, 0x73, 0x3E, 0x00, 0x00}, {0x3E, 0x3E, 0x3E, 0x3E, 0x1E, 0x0C, 0x00, 0x00}, {0x5D, 0x7F, 0x77, 0x7F, 0x7F, 0x36, 0x00, 0x00}, {0x5D, 0x6B, 0x7F, 0x77, 0x7F, 0x36, 0x00, 0x00}, {0x5D, 0x5D, 0x7F, 0x77, 0x7F, 0x3E, 0x00, 0x00}, {0x5D, 0x77, 0x6B, 0x5D, 0x63, 0x3E, 0x00, 0x00}, {0x3E, 0x7F, 0x49, 0x49, 0x7F, 0x3E, 0x00, 0x00}, {0x7F, 0x63, 0x55, 0x55, 0x63, 0x3E, 0x00, 0x00}, {0x53, 0x41, 0x41, 0x73, 0x77, 0x7F, 0x00, 0x00}, {0x7F, 0x7F, 0x7F, 0x3E, 0x18, 0x3C, 0x00, 0x00}, {0x00, 0x15, 0x1B, 0x1B, 0x1B, 0x0A, 0x00, 0x00}}},
    {{{0x00, 0x00, 0x00, 0x00, 0x00, 0x03, 0x03, 0x00}, {0x00, 0x00, 0x00, 0x10, 0x12, 0x3A, 0x3F, 0x17}, {0x00, 0x00, 0x00, 0x00, 0x00, 0x00, 0x00, 0x00}, {0x00, 0x00, 0x00, 0x00, 0x00, 0x00, 0x00, 0x00}, {0x00, 0x00, 0x00, 0x0E, 0x1F, 0x1F, 0x1F, 0x0E}, {0x00, 0x00, 0x00, 0x00, 0x00, 0x00, 0x00, 0x00}, {0x00, 0x00, 0x00, 0x00, 0x00, 0x00, 0x00, 0x00}, {0x00, 0x00, 0x00, 0x00, 0x00, 0x00, 0x00, 0x00}, {0x00, 0x00, 0x00, 0x00, 0x00, 0x00, 0x00, 0x00}, {0x00, 0x00, 0x00, 0x00, 0x00, 0x00, 0x00, 0x00}, {0x00, 0x00, 0x00, 0x00, 0x00, 0x00, 0x00, 0x00}, {0x00, 0x00, 0x00, 0x00, 0x00, 0x00, 0x00, 0x00}, {0x00, 0x00, 0x00, 0x00, 0x00, 0x00, 0x00, 0x00}, {0x00, 0x00, 0x00, 0x00, 0x00, 0x00, 0x00, 0x00}, {0x00, 0x00, 0x00, 0x00, 0x00, 0x00, 0x00, 0x00}, {0x00, 0x00, 0x00, 0x00, 0x00, 0x00, 0x00, 0x00}}, {{0x00, 0x00, 0x03, 0x03, 0x02, 0x01, 0x00, 0x00}, {0x12, 0x3A, 0x3F, 0x17, 0x12, 0x02, 0x00, 0x00}, {0x00, 0x00, 0x00, 0x00, 0x00, 0x00, 0x00, 0x00}, {0x00, 0x00, 0x00, 0x00, 0x00, 0x00, 0x00, 0x00}, {0x04, 0x04, 0x1C, 0x04, 0x1C, 0x1C, 0x00, 0x00}, {0x00, 0x00, 0x00, 0x00, 0x00, 0x00, 0x00, 0x00}, {0x00, 0x00, 0x00, 0x00, 0x00, 0x00, 0x00, 0x00}, {0x00, 0x00, 0x00, 0x00, 0x00, 0x00, 0x00, 0x00}, {0x00, 0x00, 0x00, 0x00, 0x00, 0x00, 0x00, 0x00}, {0x00, 0x00, 0x00, 0x00, 0x00, 0x00, 0x00, 0x00}, {0x00, 0x00, 0x00, 0x00, 0x00, 0x00, 0x00, 0x00}, {0x00, 0x00, 0x00, 0x00, 0x00, 0x00, 0x00, 0x00}, {0x00, 0x00, 0x00, 0x00, 0x00, 0x00, 0x00, 0x00}, {0x00, 0x00, 0x00, 0x00, 0x00, 0x00, 0x00, 0x00}, {0x00, 0x00, 0x00, 0x00, 0x00, 0x00, 0x00, 0x00}, {0x00, 0x00, 0x00, 0x00, 0x00, 0x00, 0x00, 0x00}}},
    {{{0x00, 0x00, 0x00, 0x00, 0x00, 0x00, 0x00, 0x00}, {0x00, 0x00, 0x00, 0x00, 0x00, 0x00, 0x00, 0x00}, {0x00, 0x00, 0x00, 0x00, 0x00, 0x00, 0x00, 0x00}, {0x00, 0x00, 0x00, 0x00, 0x00, 0x00, 0x00, 0x00}, {0x00, 0x00, 0x00, 0x00, 0x00, 0x00, 0x00, 0x00}, {0x00, 0x00, 0x00, 0x00, 0x00, 0x00, 0x00, 0x00}, {0x00, 0x00, 0x00, 0x00, 0x00, 0x00, 0x00, 0x00}, {0x00, 0x00, 0x00, 0x00, 0x00, 0x00, 0x00, 0x00}, {0x00, 0x00, 0x00, 0x00, 0x00, 0x00, 0x00, 0x00}, {0x00, 0x00, 0x00, 0x00, 0x00, 0x00, 0x00, 0x00}, {0x00, 0x00, 0x00, 0x00, 0x00, 0x00, 0x00, 0x00}, {0x00, 0x00, 0x00, 0x00, 0x00, 0x00, 0x00, 0x00}, {0x00, 0x00, 0x00, 0x00, 0x00, 0x00, 0x00, 0x00}, {0x00, 0x00, 0x00, 0x00, 0x00, 0x00, 0x00, 0x00}, {0x00, 0x00, 0x00, 0x00, 0x00, 0x00, 0x00, 0x00}, {0x00, 0x00, 0x00, 0x00, 0x00, 0x00, 0x00, 0x00}}, {{0x00, 0x00, 0x00, 0x00, 0x00, 0x00, 0x00, 0x00}, {0x00, 0x00, 0x00, 0x00, 0x00, 0x00, 0x00, 0x00}, {0x00, 0x00, 0x00, 0x00, 0x00, 0x00, 0x00, 0x00}, {0x00, 0x00, 0x00, 0x00, 0x00, 0x00, 0x00, 0x00}, {0x00, 0x00, 0x00, 0x00, 0x00, 0x00, 0x00, 0x00}, {0x00, 0x00, 0x00, 0x00, 0x00, 0x00, 0x00, 0x00}, {0x00, 0x00, 0x00, 0x00, 0x00, 0x00, 0x00, 0x00}, {0x00, 0x00, 0x00, 0x00, 0x00, 0x00, 0x00, 0x00}, {0x00, 0x00, 0x00, 0x00, 0x00, 0x00, 0x00, 0x00}, {0x00, 0x00, 0x00, 0x00, 0x00, 0x00, 0x00, 0x00}, {0x00, 0x00, 0x00, 0x00, 0x00, 0x00, 0x00, 0x00}, {0x00, 0x00, 0x00, 0x00, 0x00, 0x00, 0x00, 0x00}, {0x00, 0x00, 0x00, 0x00, 0x00, 0x00, 0x00, 0x00}, {0x00, 0x00, 0x00, 0x00, 0x00, 0x00, 0x00, 0x00}, {0x00, 0x00, 0x00, 0x00, 0x00, 0x00, 0x00, 0x00}, {0x00, 0x00, 0x00, 0x00, 0x00, 0x00, 0x00, 0x00}}},
    {{{0x00, 0x00, 0x00, 0x00, 0x00, 0x00, 0x00, 0x00}, {0x00, 0x00, 0x00, 0x00, 0x00, 0x00, 0x00, 0x00}, {0x00, 0x00, 0x00, 0x00, 0x00, 0x00, 0x00, 0x00}, {0x00, 0x00, 0x00, 0x00, 0x00, 0x00, 0x00, 0x00}, {0x00, 0x00, 0x00, 0x00, 0x00, 0x00, 0x00, 0x00}, {0x00, 0x00, 0x00, 0x00, 0x00, 0x00, 0x00, 0x00}, {0x00, 0x00, 0x00, 0x00, 0x00, 0x00, 0x00, 0x00}, {0x00, 0x00, 0x00, 0x00, 0x00, 0x00, 0x00, 0x00}, {0x00, 0x00, 0x00, 0x00, 0x00, 0x00, 0x00, 0x00}, {0x00, 0x00, 0x00, 0x00, 0x00, 0x00, 0x00, 0x00}, {0x00, 0x00, 0x00, 0x00, 0x00, 0x00, 0x00, 0x00}, {0x00, 0x00, 0x00, 0x00, 0x00, 0x00, 0x00, 0x00}, {0x00, 0x00, 0x00, 0x00, 0x00, 0x00, 0x00, 0x00}, {0x00, 0x00, 0x00, 0x00, 0x00, 0x00, 0x00, 0x00}, {0x00, 0x00, 0x00, 0x00, 0x00, 0x00, 0x00, 0x00}, {0x00, 0x00, 0x00, 0x00, 0x00, 0x00, 0x00, 0x00}}, {{0x00, 0x00, 0x00, 0x00, 0x00, 0x00, 0x00, 0x00}, {0x00, 0x00, 0x00, 0x00, 0x00, 0x00, 0x00, 0x00}, {0x00, 0x00, 0x00, 0x00, 0x00, 0x00, 0x00, 0x00}, {0x00, 0x00, 0x00, 0x00, 0x00, 0x00, 0x00, 0x00}, {0x00, 0x00, 0x00, 0x00, 0x00, 0x00, 0x00, 0x00}, {0x00, 0x00, 0x00, 0x00, 0x00, 0x00, 0x00, 0x00}, {0x00, 0x00, 0x00, 0x00, 0x00, 0x00, 0x00, 0x00}, {0x00, 0x00, 0x00, 0x00, 0x00, 0x00, 0x00, 0x00}, {0x00, 0x00, 0x00, 0x00, 0x00, 0x00, 0x00, 0x00}, {0x00, 0x00, 0x00, 0x00, 0x00, 0x00, 0x00, 0x00}, {0x00, 0x00, 0x00, 0x00, 0x00, 0x00, 0x00, 0x00}, {0x00, 0x00, 0x00, 0x00, 0x00, 0x00, 0x00, 0x00}, {0x00, 0x00, 0x00, 0x00, 0x00, 0x00, 0x00, 0x00}, {0x00, 0x00, 0x00, 0x00, 0x00, 0x00, 0x00, 0x00}, {0x00, 0x00, 0x00, 0x00, 0x00, 0x00, 0x00, 0x00}, {0x00, 0x00, 0x00, 0x00, 0x00, 0x00, 0x00, 0x00}}},
};

/* Original address: 0x0202A8D0 */
u8 sMsgSpaceGlyph[2][8] = {
    {0x00, 0x00, 0x7F, 0x49, 0x08, 0x2E, 0x2E, 0x2C},
    {0x09, 0x4B, 0x6B, 0x68, 0x6C, 0x7F, 0x00, 0x00},
};

/* Original address: 0x0202A8E0 */
int sCachedMessageIds[9] = { 0x15, 0x16, 0x17, 0x04, 0x05, 0x06, 0x11, 0x12, 0x19 };

/* Original address: 0x0202A904 */
mMsg_CONTROL_CODE_PROC sMsgControlCodeHandlers[] = {
    mMsg_Cont_Last, // mFont_CONT_CODE_LAST
    mMsg_Cont_Continue, // mFont_CONT_CODE_CONTINUE
    mMsg_Cont_Clear, // mFont_CONT_CODE_CLEAR
    mMsg_Cont_Noop, // mFont_CONT_CODE_CURSOR_SET_TIME
    mMsg_Cont_Button, // mFont_CONT_CODE_BUTTON
    mMsg_Cont_Noop, // mFont_CONT_CODE_COLOR
    mMsg_Cont_Noop, // mFont_CONT_CODE_ABLE_CANCEL
    mMsg_Cont_Noop, // mFont_CONT_CODE_UNABLE_CANCEL
    mMsg_Cont_Noop, // mFont_CONT_CODE_SET_DEMO_ORDER_PLAYER
    mMsg_Cont_Noop, // mFont_CONT_CODE_SET_DEMO_ORDER_NPC0
    mMsg_Cont_Noop, // mFont_CONT_CODE_SET_DEMO_ORDER_NPC1
    mMsg_Cont_Noop, // mFont_CONT_CODE_SET_DEMO_ORDER_NPC2
    mMsg_Cont_Noop, // mFont_CONT_CODE_SET_DEMO_ORDER_QUEST
    mMsg_Cont_Noop, // mFont_CONT_CODE_SET_SELECT_WINDOW
    mMsg_Cont_SetNextMessageF, // mFont_CONT_CODE_SET_NEXT_MESSAGE_F
    mMsg_Cont_SetNextMessage0, // mFont_CONT_CODE_SET_NEXT_MESSAGE_0
    mMsg_Cont_SetNextMessage1, // mFont_CONT_CODE_SET_NEXT_MESSAGE_1
    mMsg_Cont_Noop, // mFont_CONT_CODE_SET_NEXT_MESSAGE_2
    mMsg_Cont_Noop, // mFont_CONT_CODE_SET_NEXT_MESSAGE_3
    mMsg_Cont_Noop, // mFont_CONT_CODE_SET_NEXT_MESSAGE_RANDOM_2
    mMsg_Cont_Noop, // mFont_CONT_CODE_SET_NEXT_MESSAGE_RANDOM_3
    mMsg_Cont_Noop, // mFont_CONT_CODE_SET_NEXT_MESSAGE_RANDOM_4
    mMsg_Cont_Noop, // mFont_CONT_CODE_SET_SELECT_STRING_2
    mMsg_Cont_Noop, // mFont_CONT_CODE_SET_SELECT_STRING_3
    mMsg_Cont_Noop, // mFont_CONT_CODE_SET_SELECT_STRING_4
    mMsg_Cont_Noop, // mFont_CONT_CODE_SET_FORCE_NEXT
    mMsg_Cont_Noop, // mFont_CONT_CODE_PUT_STRING_PLAYER_NAME
    mMsg_Cont_Noop, // mFont_CONT_CODE_PUT_STRING_TALK_NAME
    mMsg_Cont_Noop, // mFont_CONT_CODE_PUT_STRING_TAIL
    mMsg_Cont_Noop, // mFont_CONT_CODE_PUT_STRING_YEAR
    mMsg_Cont_Noop, // mFont_CONT_CODE_PUT_STRING_MONTH
    mMsg_Cont_Noop, // mFont_CONT_CODE_PUT_STRING_WEEK
    mMsg_Cont_Noop, // mFont_CONT_CODE_PUT_STRING_DAY
    mMsg_Cont_Noop, // mFont_CONT_CODE_PUT_STRING_HOUR
    mMsg_Cont_Noop, // mFont_CONT_CODE_PUT_STRING_MIN
    mMsg_Cont_Noop, // mFont_CONT_CODE_PUT_STRING_SEC
    mMsg_Cont_Noop, // mFont_CONT_CODE_PUT_STRING_FREE0
    mMsg_Cont_Noop, // mFont_CONT_CODE_PUT_STRING_FREE1
    mMsg_Cont_Noop, // mFont_CONT_CODE_PUT_STRING_FREE2
    mMsg_Cont_Noop, // mFont_CONT_CODE_PUT_STRING_FREE3
    mMsg_Cont_Noop, // mFont_CONT_CODE_PUT_STRING_FREE4
    mMsg_Cont_Noop, // mFont_CONT_CODE_PUT_STRING_FREE5
    mMsg_Cont_Noop, // mFont_CONT_CODE_PUT_STRING_FREE6
    mMsg_Cont_Noop, // mFont_CONT_CODE_PUT_STRING_FREE7
    mMsg_Cont_Noop, // mFont_CONT_CODE_PUT_STRING_FREE8
    mMsg_Cont_Noop, // mFont_CONT_CODE_PUT_STRING_FREE9
    mMsg_Cont_Noop, // mFont_CONT_CODE_PUT_STRING_DETERMINATION
    mMsg_Cont_Noop, // mFont_CONT_CODE_PUT_STRING_COUNTRY_NAME
    mMsg_Cont_Noop, // mFont_CONT_CODE_PUT_STRING_RANDOM_NUMBER_2
    mMsg_Cont_Noop, // mFont_CONT_CODE_PUT_STRING_ITEM0
    mMsg_Cont_Noop, // mFont_CONT_CODE_PUT_STRING_ITEM1
    mMsg_Cont_Noop, // mFont_CONT_CODE_PUT_STRING_ITEM2
    mMsg_Cont_Noop, // mFont_CONT_CODE_PUT_STRING_ITEM3
    mMsg_Cont_Noop, // mFont_CONT_CODE_PUT_STRING_ITEM4
    mMsg_Cont_Noop, // mFont_CONT_CODE_PUT_STRING_FREE10
    mMsg_Cont_Noop, // mFont_CONT_CODE_PUT_STRING_FREE11
    mMsg_Cont_Noop, // mFont_CONT_CODE_PUT_STRING_FREE12
    mMsg_Cont_Noop, // mFont_CONT_CODE_PUT_STRING_FREE13
    mMsg_Cont_Noop, // mFont_CONT_CODE_PUT_STRING_FREE14
    mMsg_Cont_Noop, // mFont_CONT_CODE_PUT_STRING_FREE15
    mMsg_Cont_Noop, // mFont_CONT_CODE_PUT_STRING_FREE16
    mMsg_Cont_Noop, // mFont_CONT_CODE_PUT_STRING_FREE17
    mMsg_Cont_Noop, // mFont_CONT_CODE_PUT_STRING_FREE18
    mMsg_Cont_Noop, // mFont_CONT_CODE_PUT_STRING_FREE19
    mMsg_Cont_Noop, // mFont_CONT_CODE_PUT_STRING_MAIL
    mMsg_Cont_Noop, // mFont_CONT_CODE_SET_PLAYER_DESTINY0
    mMsg_Cont_Noop, // mFont_CONT_CODE_SET_PLAYER_DESTINY1
    mMsg_Cont_Noop, // mFont_CONT_CODE_SET_PLAYER_DESTINY2
    mMsg_Cont_Noop, // mFont_CONT_CODE_SET_PLAYER_DESTINY3
    mMsg_Cont_Noop, // mFont_CONT_CODE_SET_PLAYER_DESTINY4
    mMsg_Cont_Noop, // mFont_CONT_CODE_SET_PLAYER_DESTINY5
    mMsg_Cont_Noop, // mFont_CONT_CODE_SET_PLAYER_DESTINY6
    mMsg_Cont_Noop, // mFont_CONT_CODE_SET_PLAYER_DESTINY7
    mMsg_Cont_Noop, // mFont_CONT_CODE_SET_PLAYER_DESTINY8
    mMsg_Cont_Noop, // mFont_CONT_CODE_SET_PLAYER_DESTINY9
    mMsg_Cont_Noop, // mFont_CONT_CODE_SET_MESSAGE_CONTENTS_NORMAL
    mMsg_Cont_Noop, // mFont_CONT_CODE_SET_MESSAGE_CONTENTS_ANGRY
    mMsg_Cont_Noop, // mFont_CONT_CODE_SET_MESSAGE_CONTENTS_SAD
    mMsg_Cont_Noop, // mFont_CONT_CODE_SET_MESSAGE_CONTENTS_FUN
    mMsg_Cont_Noop, // mFont_CONT_CODE_SET_MESSAGE_CONTENTS_SLEEPY
    mMsg_Cont_Noop, // mFont_CONT_CODE_SET_COLOR_CHAR
    mMsg_Cont_Noop, // mFont_CONT_CODE_SOUND_CUT
    mMsg_Cont_Noop, // mFont_CONT_CODE_SET_LINE_OFFSET
    mMsg_Cont_Noop, // mFont_CONT_CODE_SET_LINE_TYPE
    mMsg_Cont_Noop, // mFont_CONT_CODE_SET_CHAR_SCALE
    mMsg_Cont_Noop, // mFont_CONT_CODE_BUTTON2
    mMsg_Cont_Noop, // mFont_CONT_CODE_BGM_MAKE
    mMsg_Cont_Noop, // mFont_CONT_CODE_BGM_DELETE
    mMsg_Cont_Noop, // mFont_CONT_CODE_MSG_TIME_END
    mMsg_Cont_SoundTrgSys, // mFont_CONT_CODE_SOUND_TRG_SYS
    mMsg_Cont_Noop, // mFont_CONT_CODE_SET_LINE_SCALE
    mMsg_Cont_Noop, // mFont_CONT_CODE_SOUND_NO_PAGE
    mMsg_Cont_Noop, // mFont_CONT_CODE_VOICE_TRUE
    mMsg_Cont_Noop, // mFont_CONT_CODE_VOICE_FALSE
    mMsg_Cont_Noop, // mFont_CONT_CODE_SELECT_NO_B
    mMsg_Cont_Noop, // mFont_CONT_CODE_GIVE_OPEN
    mMsg_Cont_Noop, // mFont_CONT_CODE_GIVE_CLOSE
    mMsg_Cont_Noop, // mFont_CONT_CODE_SET_MESSAGE_CONTENTS_GLOOMY
    mMsg_Cont_Noop, // mFont_CONT_CODE_SELECT_NO_B_CLOSE
    mMsg_Cont_Noop, // mFont_CONT_CODE_SET_NEXT_MESSAGE_RANDOM_SECTION
    mMsg_Cont_Noop, // mFont_CONT_CODE_UNKNOWN_100
    mMsg_Cont_Noop, // mFont_CONT_CODE_UNKNOWN_101
    mMsg_Cont_SetTemporaryColor, // mFont_CONT_CODE_SET_TEMPORARY_COLOR
    mMsg_Cont_Space, // mFont_CONT_CODE_SPACE
    mMsg_Cont_MoveDown, // mFont_CONT_CODE_MOVE_DOWN
    mMsg_Cont_RestoreCachedMessage, // mFont_CONT_CODE_RESTORE_CACHED_MESSAGE
    mMsg_Cont_Noop, // mFont_CONT_CODE_MALE_FEMALE_CHECK
    mMsg_Cont_SetChoiceCount2, // mFont_CONT_CODE_SET_CHOICE_COUNT_2
    mMsg_Cont_SetChoiceCount3, // mFont_CONT_CODE_SET_CHOICE_COUNT_3
    mMsg_Cont_SetChoiceText0, // mFont_CONT_CODE_SET_CHOICE_TEXT_0
    mMsg_Cont_SetChoiceText1, // mFont_CONT_CODE_SET_CHOICE_TEXT_1
    mMsg_Cont_SetChoiceText2, // mFont_CONT_CODE_SET_CHOICE_TEXT_2
    mMsg_Cont_CheckChoice, // mFont_CONT_CODE_CHECK_CHOICE
};

/* Original address: 0x0202AAC8 */
void *gMsgTwoChoiceHighlightTiles[2] = {
    gMsgWindowTileData[0], gMsgWindowTileData[1],
};

/* Original address: 0x0202AAD0 */
void *gMsgThreeChoiceHighlightTiles[3] = {
    gMsgThreeChoiceTileData[0], gMsgThreeChoiceTileData[1], gMsgThreeChoiceTileData[2],
};

/* Original address: 0x0202AADC */
mMsg_SETUP_PROC gMsgModeSetupCallbacks[] = {
    NULL,
    mMsg_MainSetup_Hide,
    mMsg_MainSetup_Appear,
    mMsg_MainSetup_Cursor,
    mMsg_MainSetup_Normal,
    mMsg_MainSetup_Choice,
    mMsg_MainSetup_Disappear,
    mMsg_MainSetup_DisappearWait,
    mMsg_MainSetup_AppearWait,
};

/* Original address: 0x0202AB00 */
u8 gMsgModeCallbacks[36] = {
    0x00, 0x00, 0x00, 0x00, 0x5D, 0x84, 0x01, 0x02, 0xBD, 0x84, 0x01, 0x02, 0x79, 0x89, 0x01, 0x02,
    0x11, 0x8B, 0x01, 0x02, 0x09, 0x8F, 0x01, 0x02, 0xA5, 0x8C, 0x01, 0x02, 0x19, 0x90, 0x01, 0x02,
    0x81, 0x90, 0x01, 0x02,
};

/* Original address: 0x0202AB24 */
int gMsgWindowScrollOffsets[12] = {
    0x00, 0x4A, 0x92, 0xBE, 0xD8, 0xE8, 0xF1, 0xF7,
    0xFA, 0xFD, 0xFF, 0x100
};

/* Original address: 0x0202AB54 */
mFont_ControlCodeInfo_c sMsgControlCodeInfo[] = {
    { 2, 0x00, 0x00, 0x00}, // mFont_CONT_CODE_LAST
    { 2, 0x00, 0x00, 0x00}, // mFont_CONT_CODE_CONTINUE
    { 2, 0x00, 0x00, 0x00}, // mFont_CONT_CODE_CLEAR
    { 3, 0x00, 0x00, 0x00}, // mFont_CONT_CODE_CURSOR_SET_TIME
    { 2, 0x00, 0x00, 0x00}, // mFont_CONT_CODE_BUTTON
    { 5, 0x00, 0x00, 0x00}, // mFont_CONT_CODE_COLOR
    { 2, 0x00, 0x00, 0x00}, // mFont_CONT_CODE_ABLE_CANCEL
    { 2, 0x00, 0x00, 0x00}, // mFont_CONT_CODE_UNABLE_CANCEL
    { 5, 0x01, 0x00, 0x00}, // mFont_CONT_CODE_SET_DEMO_ORDER_PLAYER
    { 5, 0x01, 0x00, 0x00}, // mFont_CONT_CODE_SET_DEMO_ORDER_NPC0
    { 5, 0x01, 0x00, 0x00}, // mFont_CONT_CODE_SET_DEMO_ORDER_NPC1
    { 5, 0x01, 0x00, 0x00}, // mFont_CONT_CODE_SET_DEMO_ORDER_NPC2
    { 5, 0x01, 0x00, 0x00}, // mFont_CONT_CODE_SET_DEMO_ORDER_QUEST
    { 2, 0x00, 0x00, 0x00}, // mFont_CONT_CODE_SET_SELECT_WINDOW
    { 4, 0x00, 0x00, 0x00}, // mFont_CONT_CODE_SET_NEXT_MESSAGE_F
    { 4, 0x00, 0x00, 0x00}, // mFont_CONT_CODE_SET_NEXT_MESSAGE_0
    { 4, 0x00, 0x00, 0x00}, // mFont_CONT_CODE_SET_NEXT_MESSAGE_1
    { 4, 0x00, 0x00, 0x00}, // mFont_CONT_CODE_SET_NEXT_MESSAGE_2
    { 4, 0x00, 0x00, 0x00}, // mFont_CONT_CODE_SET_NEXT_MESSAGE_3
    { 6, 0x00, 0x00, 0x00}, // mFont_CONT_CODE_SET_NEXT_MESSAGE_RANDOM_2
    { 8, 0x00, 0x00, 0x00}, // mFont_CONT_CODE_SET_NEXT_MESSAGE_RANDOM_3
    {10, 0x00, 0x00, 0x00}, // mFont_CONT_CODE_SET_NEXT_MESSAGE_RANDOM_4
    { 6, 0x00, 0x00, 0x00}, // mFont_CONT_CODE_SET_SELECT_STRING_2
    { 8, 0x00, 0x00, 0x00}, // mFont_CONT_CODE_SET_SELECT_STRING_3
    {10, 0x00, 0x00, 0x00}, // mFont_CONT_CODE_SET_SELECT_STRING_4
    { 2, 0x00, 0x00, 0x00}, // mFont_CONT_CODE_SET_FORCE_NEXT
    { 2, 0x02, 0x00, 0x00}, // mFont_CONT_CODE_PUT_STRING_PLAYER_NAME
    { 2, 0x02, 0x00, 0x00}, // mFont_CONT_CODE_PUT_STRING_TALK_NAME
    { 2, 0x02, 0x00, 0x00}, // mFont_CONT_CODE_PUT_STRING_TAIL
    { 2, 0x02, 0x00, 0x00}, // mFont_CONT_CODE_PUT_STRING_YEAR
    { 2, 0x02, 0x00, 0x00}, // mFont_CONT_CODE_PUT_STRING_MONTH
    { 2, 0x02, 0x00, 0x00}, // mFont_CONT_CODE_PUT_STRING_WEEK
    { 2, 0x02, 0x00, 0x00}, // mFont_CONT_CODE_PUT_STRING_DAY
    { 2, 0x02, 0x00, 0x00}, // mFont_CONT_CODE_PUT_STRING_HOUR
    { 2, 0x02, 0x00, 0x00}, // mFont_CONT_CODE_PUT_STRING_MIN
    { 2, 0x02, 0x00, 0x00}, // mFont_CONT_CODE_PUT_STRING_SEC
    { 2, 0x02, 0x00, 0x00}, // mFont_CONT_CODE_PUT_STRING_FREE0
    { 2, 0x02, 0x00, 0x00}, // mFont_CONT_CODE_PUT_STRING_FREE1
    { 2, 0x02, 0x00, 0x00}, // mFont_CONT_CODE_PUT_STRING_FREE2
    { 2, 0x02, 0x00, 0x00}, // mFont_CONT_CODE_PUT_STRING_FREE3
    { 2, 0x02, 0x00, 0x00}, // mFont_CONT_CODE_PUT_STRING_FREE4
    { 2, 0x02, 0x00, 0x00}, // mFont_CONT_CODE_PUT_STRING_FREE5
    { 2, 0x02, 0x00, 0x00}, // mFont_CONT_CODE_PUT_STRING_FREE6
    { 2, 0x02, 0x00, 0x00}, // mFont_CONT_CODE_PUT_STRING_FREE7
    { 2, 0x02, 0x00, 0x00}, // mFont_CONT_CODE_PUT_STRING_FREE8
    { 2, 0x02, 0x00, 0x00}, // mFont_CONT_CODE_PUT_STRING_FREE9
    { 2, 0x02, 0x00, 0x00}, // mFont_CONT_CODE_PUT_STRING_DETERMINATION
    { 2, 0x02, 0x00, 0x00}, // mFont_CONT_CODE_PUT_STRING_COUNTRY_NAME
    { 2, 0x02, 0x00, 0x00}, // mFont_CONT_CODE_PUT_STRING_RANDOM_NUMBER_2
    { 2, 0x02, 0x00, 0x00}, // mFont_CONT_CODE_PUT_STRING_ITEM0
    { 2, 0x02, 0x00, 0x00}, // mFont_CONT_CODE_PUT_STRING_ITEM1
    { 2, 0x02, 0x00, 0x00}, // mFont_CONT_CODE_PUT_STRING_ITEM2
    { 2, 0x02, 0x00, 0x00}, // mFont_CONT_CODE_PUT_STRING_ITEM3
    { 2, 0x02, 0x00, 0x00}, // mFont_CONT_CODE_PUT_STRING_ITEM4
    { 2, 0x02, 0x00, 0x00}, // mFont_CONT_CODE_PUT_STRING_FREE10
    { 2, 0x02, 0x00, 0x00}, // mFont_CONT_CODE_PUT_STRING_FREE11
    { 2, 0x02, 0x00, 0x00}, // mFont_CONT_CODE_PUT_STRING_FREE12
    { 2, 0x02, 0x00, 0x00}, // mFont_CONT_CODE_PUT_STRING_FREE13
    { 2, 0x02, 0x00, 0x00}, // mFont_CONT_CODE_PUT_STRING_FREE14
    { 2, 0x02, 0x00, 0x00}, // mFont_CONT_CODE_PUT_STRING_FREE15
    { 2, 0x02, 0x00, 0x00}, // mFont_CONT_CODE_PUT_STRING_FREE16
    { 2, 0x02, 0x00, 0x00}, // mFont_CONT_CODE_PUT_STRING_FREE17
    { 2, 0x02, 0x00, 0x00}, // mFont_CONT_CODE_PUT_STRING_FREE18
    { 2, 0x02, 0x00, 0x00}, // mFont_CONT_CODE_PUT_STRING_FREE19
    { 2, 0x02, 0x00, 0x00}, // mFont_CONT_CODE_PUT_STRING_MAIL
    { 2, 0x03, 0x00, 0x00}, // mFont_CONT_CODE_SET_PLAYER_DESTINY0
    { 2, 0x03, 0x00, 0x00}, // mFont_CONT_CODE_SET_PLAYER_DESTINY1
    { 2, 0x03, 0x00, 0x00}, // mFont_CONT_CODE_SET_PLAYER_DESTINY2
    { 2, 0x03, 0x00, 0x00}, // mFont_CONT_CODE_SET_PLAYER_DESTINY3
    { 2, 0x03, 0x00, 0x00}, // mFont_CONT_CODE_SET_PLAYER_DESTINY4
    { 2, 0x03, 0x00, 0x00}, // mFont_CONT_CODE_SET_PLAYER_DESTINY5
    { 2, 0x03, 0x00, 0x00}, // mFont_CONT_CODE_SET_PLAYER_DESTINY6
    { 2, 0x03, 0x00, 0x00}, // mFont_CONT_CODE_SET_PLAYER_DESTINY7
    { 2, 0x03, 0x00, 0x00}, // mFont_CONT_CODE_SET_PLAYER_DESTINY8
    { 2, 0x03, 0x00, 0x00}, // mFont_CONT_CODE_SET_PLAYER_DESTINY9
    { 2, 0x03, 0x00, 0x00}, // mFont_CONT_CODE_SET_MESSAGE_CONTENTS_NORMAL
    { 2, 0x03, 0x00, 0x00}, // mFont_CONT_CODE_SET_MESSAGE_CONTENTS_ANGRY
    { 2, 0x03, 0x00, 0x00}, // mFont_CONT_CODE_SET_MESSAGE_CONTENTS_SAD
    { 2, 0x03, 0x00, 0x00}, // mFont_CONT_CODE_SET_MESSAGE_CONTENTS_FUN
    { 2, 0x03, 0x00, 0x00}, // mFont_CONT_CODE_SET_MESSAGE_CONTENTS_SLEEPY
    { 6, 0x05, 0x00, 0x00}, // mFont_CONT_CODE_SET_COLOR_CHAR
    { 3, 0x00, 0x00, 0x00}, // mFont_CONT_CODE_SOUND_CUT
    { 3, 0x04, 0x00, 0x00}, // mFont_CONT_CODE_SET_LINE_OFFSET
    { 3, 0x04, 0x00, 0x00}, // mFont_CONT_CODE_SET_LINE_TYPE
    { 3, 0x05, 0x00, 0x00}, // mFont_CONT_CODE_SET_CHAR_SCALE
    { 2, 0x00, 0x00, 0x00}, // mFont_CONT_CODE_BUTTON2
    { 4, 0x06, 0x00, 0x00}, // mFont_CONT_CODE_BGM_MAKE
    { 4, 0x06, 0x00, 0x00}, // mFont_CONT_CODE_BGM_DELETE
    { 3, 0x00, 0x00, 0x00}, // mFont_CONT_CODE_MSG_TIME_END
    { 3, 0x07, 0x00, 0x00}, // mFont_CONT_CODE_SOUND_TRG_SYS
    { 3, 0x04, 0x00, 0x00}, // mFont_CONT_CODE_SET_LINE_SCALE
    { 2, 0x07, 0x00, 0x00}, // mFont_CONT_CODE_SOUND_NO_PAGE
    { 2, 0x03, 0x00, 0x00}, // mFont_CONT_CODE_VOICE_TRUE
    { 2, 0x03, 0x00, 0x00}, // mFont_CONT_CODE_VOICE_FALSE
    { 2, 0x00, 0x00, 0x00}, // mFont_CONT_CODE_SELECT_NO_B
    { 2, 0x00, 0x00, 0x00}, // mFont_CONT_CODE_GIVE_OPEN
    { 2, 0x00, 0x00, 0x00}, // mFont_CONT_CODE_GIVE_CLOSE
    { 2, 0x03, 0x00, 0x00}, // mFont_CONT_CODE_SET_MESSAGE_CONTENTS_GLOOMY
    { 2, 0x00, 0x00, 0x00}, // mFont_CONT_CODE_SELECT_NO_B_CLOSE
    { 6, 0x00, 0x00, 0x00}, // mFont_CONT_CODE_SET_NEXT_MESSAGE_RANDOM_SECTION
    { 3, 0x08, 0x00, 0x00}, // mFont_CONT_CODE_UNKNOWN_100
    { 3, 0x08, 0x00, 0x00}, // mFont_CONT_CODE_UNKNOWN_101
    { 4, 0x08, 0x00, 0x00}, // mFont_CONT_CODE_SET_TEMPORARY_COLOR
    { 3, 0x04, 0x00, 0x00}, // mFont_CONT_CODE_SPACE
    { 2, 0x08, 0x00, 0x00}, // mFont_CONT_CODE_MOVE_DOWN
    { 2, 0x08, 0x00, 0x00}, // mFont_CONT_CODE_RESTORE_CACHED_MESSAGE
    { 6, 0x00, 0x00, 0x00}, // mFont_CONT_CODE_MALE_FEMALE_CHECK
    { 2, 0x00, 0x00, 0x00}, // mFont_CONT_CODE_SET_CHOICE_COUNT_2
    { 2, 0x00, 0x00, 0x00}, // mFont_CONT_CODE_SET_CHOICE_COUNT_3
    { 3, 0x00, 0x00, 0x00}, // mFont_CONT_CODE_SET_CHOICE_TEXT_0
    { 3, 0x00, 0x00, 0x00}, // mFont_CONT_CODE_SET_CHOICE_TEXT_1
    { 3, 0x00, 0x00, 0x00}, // mFont_CONT_CODE_SET_CHOICE_TEXT_2
    { 3, 0x00, 0x00, 0x00}, // mFont_CONT_CODE_CHECK_CHOICE
};

/* Original address: 0x0202AD18 */
u8 gMsgChoiceTemplateParams[4] = {
    0x08, 0x07, 0x07, 0x08,
};

/* Original address: 0x0202AD1C */
u8 sFontTileBufferVramDestinations[12] = {
    0x00, 0x00, 0x00, 0x00, 0x00, 0x32, 0x00, 0x06, 0x00, 0x20, 0x00, 0x06,
};

/* Original address: 0x0202AD28 */
u8 sFontTileBufferSizes[12] = {
    0x00, 0x00, 0x00, 0x00, 0x00, 0x0C, 0x00, 0x00, 0x00, 0x12, 0x00, 0x00,
};

/* Original address: 0x0202AD34 */
u8 sSineTable[640] = {
    0x00, 0x00, 0x06, 0x00, 0x0C, 0x00, 0x12, 0x00, 0x19, 0x00, 0x1F, 0x00, 0x25, 0x00, 0x2B, 0x00,
    0x31, 0x00, 0x38, 0x00, 0x3E, 0x00, 0x44, 0x00, 0x4A, 0x00, 0x50, 0x00, 0x56, 0x00, 0x5C, 0x00,
    0x61, 0x00, 0x67, 0x00, 0x6D, 0x00, 0x73, 0x00, 0x78, 0x00, 0x7E, 0x00, 0x83, 0x00, 0x88, 0x00,
    0x8E, 0x00, 0x93, 0x00, 0x98, 0x00, 0x9D, 0x00, 0xA2, 0x00, 0xA7, 0x00, 0xAB, 0x00, 0xB0, 0x00,
    0xB5, 0x00, 0xB9, 0x00, 0xBD, 0x00, 0xC1, 0x00, 0xC5, 0x00, 0xC9, 0x00, 0xCD, 0x00, 0xD1, 0x00,
    0xD4, 0x00, 0xD8, 0x00, 0xDB, 0x00, 0xDE, 0x00, 0xE1, 0x00, 0xE4, 0x00, 0xE7, 0x00, 0xEA, 0x00,
    0xEC, 0x00, 0xEE, 0x00, 0xF1, 0x00, 0xF3, 0x00, 0xF4, 0x00, 0xF6, 0x00, 0xF8, 0x00, 0xF9, 0x00,
    0xFB, 0x00, 0xFC, 0x00, 0xFD, 0x00, 0xFE, 0x00, 0xFE, 0x00, 0xFF, 0x00, 0xFF, 0x00, 0xFF, 0x00,
    0x00, 0x01, 0xFF, 0x00, 0xFF, 0x00, 0xFF, 0x00, 0xFE, 0x00, 0xFE, 0x00, 0xFD, 0x00, 0xFC, 0x00,
    0xFB, 0x00, 0xF9, 0x00, 0xF8, 0x00, 0xF6, 0x00, 0xF4, 0x00, 0xF3, 0x00, 0xF1, 0x00, 0xEE, 0x00,
    0xEC, 0x00, 0xEA, 0x00, 0xE7, 0x00, 0xE4, 0x00, 0xE1, 0x00, 0xDE, 0x00, 0xDB, 0x00, 0xD8, 0x00,
    0xD4, 0x00, 0xD1, 0x00, 0xCD, 0x00, 0xC9, 0x00, 0xC5, 0x00, 0xC1, 0x00, 0xBD, 0x00, 0xB9, 0x00,
    0xB5, 0x00, 0xB0, 0x00, 0xAB, 0x00, 0xA7, 0x00, 0xA2, 0x00, 0x9D, 0x00, 0x98, 0x00, 0x93, 0x00,
    0x8E, 0x00, 0x88, 0x00, 0x83, 0x00, 0x7E, 0x00, 0x78, 0x00, 0x73, 0x00, 0x6D, 0x00, 0x67, 0x00,
    0x61, 0x00, 0x5C, 0x00, 0x56, 0x00, 0x50, 0x00, 0x4A, 0x00, 0x44, 0x00, 0x3E, 0x00, 0x38, 0x00,
    0x31, 0x00, 0x2B, 0x00, 0x25, 0x00, 0x1F, 0x00, 0x19, 0x00, 0x12, 0x00, 0x0C, 0x00, 0x06, 0x00,
    0x00, 0x00, 0xFA, 0xFF, 0xF4, 0xFF, 0xEE, 0xFF, 0xE7, 0xFF, 0xE1, 0xFF, 0xDB, 0xFF, 0xD5, 0xFF,
    0xCF, 0xFF, 0xC8, 0xFF, 0xC2, 0xFF, 0xBC, 0xFF, 0xB6, 0xFF, 0xB0, 0xFF, 0xAA, 0xFF, 0xA4, 0xFF,
    0x9F, 0xFF, 0x99, 0xFF, 0x93, 0xFF, 0x8D, 0xFF, 0x88, 0xFF, 0x82, 0xFF, 0x7D, 0xFF, 0x78, 0xFF,
    0x72, 0xFF, 0x6D, 0xFF, 0x68, 0xFF, 0x63, 0xFF, 0x5E, 0xFF, 0x59, 0xFF, 0x55, 0xFF, 0x50, 0xFF,
    0x4B, 0xFF, 0x47, 0xFF, 0x43, 0xFF, 0x3F, 0xFF, 0x3B, 0xFF, 0x37, 0xFF, 0x33, 0xFF, 0x2F, 0xFF,
    0x2C, 0xFF, 0x28, 0xFF, 0x25, 0xFF, 0x22, 0xFF, 0x1F, 0xFF, 0x1C, 0xFF, 0x19, 0xFF, 0x16, 0xFF,
    0x14, 0xFF, 0x12, 0xFF, 0x0F, 0xFF, 0x0D, 0xFF, 0x0C, 0xFF, 0x0A, 0xFF, 0x08, 0xFF, 0x07, 0xFF,
    0x05, 0xFF, 0x04, 0xFF, 0x03, 0xFF, 0x02, 0xFF, 0x02, 0xFF, 0x01, 0xFF, 0x01, 0xFF, 0x01, 0xFF,
    0x00, 0xFF, 0x01, 0xFF, 0x01, 0xFF, 0x01, 0xFF, 0x02, 0xFF, 0x02, 0xFF, 0x03, 0xFF, 0x04, 0xFF,
    0x05, 0xFF, 0x07, 0xFF, 0x08, 0xFF, 0x0A, 0xFF, 0x0C, 0xFF, 0x0D, 0xFF, 0x0F, 0xFF, 0x12, 0xFF,
    0x14, 0xFF, 0x16, 0xFF, 0x19, 0xFF, 0x1C, 0xFF, 0x1F, 0xFF, 0x22, 0xFF, 0x25, 0xFF, 0x28, 0xFF,
    0x2C, 0xFF, 0x2F, 0xFF, 0x33, 0xFF, 0x37, 0xFF, 0x3B, 0xFF, 0x3F, 0xFF, 0x43, 0xFF, 0x47, 0xFF,
    0x4B, 0xFF, 0x50, 0xFF, 0x55, 0xFF, 0x59, 0xFF, 0x5E, 0xFF, 0x63, 0xFF, 0x68, 0xFF, 0x6D, 0xFF,
    0x72, 0xFF, 0x78, 0xFF, 0x7D, 0xFF, 0x82, 0xFF, 0x88, 0xFF, 0x8D, 0xFF, 0x93, 0xFF, 0x99, 0xFF,
    0x9F, 0xFF, 0xA4, 0xFF, 0xAA, 0xFF, 0xB0, 0xFF, 0xB6, 0xFF, 0xBC, 0xFF, 0xC2, 0xFF, 0xC8, 0xFF,
    0xCF, 0xFF, 0xD5, 0xFF, 0xDB, 0xFF, 0xE1, 0xFF, 0xE7, 0xFF, 0xEE, 0xFF, 0xF4, 0xFF, 0xFA, 0xFF,
    0x00, 0x00, 0x06, 0x00, 0x0C, 0x00, 0x12, 0x00, 0x19, 0x00, 0x1F, 0x00, 0x25, 0x00, 0x2B, 0x00,
    0x31, 0x00, 0x38, 0x00, 0x3E, 0x00, 0x44, 0x00, 0x4A, 0x00, 0x50, 0x00, 0x56, 0x00, 0x5C, 0x00,
    0x61, 0x00, 0x67, 0x00, 0x6D, 0x00, 0x73, 0x00, 0x78, 0x00, 0x7E, 0x00, 0x83, 0x00, 0x88, 0x00,
    0x8E, 0x00, 0x93, 0x00, 0x98, 0x00, 0x9D, 0x00, 0xA2, 0x00, 0xA7, 0x00, 0xAB, 0x00, 0xB0, 0x00,
    0xB5, 0x00, 0xB9, 0x00, 0xBD, 0x00, 0xC1, 0x00, 0xC5, 0x00, 0xC9, 0x00, 0xCD, 0x00, 0xD1, 0x00,
    0xD4, 0x00, 0xD8, 0x00, 0xDB, 0x00, 0xDE, 0x00, 0xE1, 0x00, 0xE4, 0x00, 0xE7, 0x00, 0xEA, 0x00,
    0xEC, 0x00, 0xEE, 0x00, 0xF1, 0x00, 0xF3, 0x00, 0xF4, 0x00, 0xF6, 0x00, 0xF8, 0x00, 0xF9, 0x00,
    0xFB, 0x00, 0xFC, 0x00, 0xFD, 0x00, 0xFE, 0x00, 0xFE, 0x00, 0xFF, 0x00, 0xFF, 0x00, 0xFF, 0x00,
};

/* Original address: 0x0202AFB4 */
u8 sHiddenOamAttributes[8] = {
    0xA0, 0x00, 0x00, 0x00, 0x00, 0x00, 0x00, 0x00,
};

/* Original address: 0x0202AFBC */
u32 sJoybootGbaHandshake = 0x4A464141; /* 'AAFJ', little endian. */

/* Original address: 0x0202AFC0 */
u8 sData_0202AFC0[4] __attribute__((section(".data"))) = { 0 };

/* Original address: 0x0202AFC4 */
u32 sJoybootGameCubeHandshake = 0x4A464147; /* 'GAFJ', little endian. */

/* Original address: 0x0202AFC8 */
u8 sData_0202AFC8[4] __attribute__((section(".data"))) = { 0 };

/* Original address: 0x0202AFCC */
IslandProgramModeProc sIslandProgramNoticeEnterProcs[] = {
        NULL,
        IslandProgram_EnterNoticeTransfer,
        IslandProgram_EnterNoticeResult,
        IslandProgram_EnterNoticeRestart,
    };

/* Original address: 0x0202AFDC */
IslandProgramModeProc sIslandProgramNoticeUpdateProcs[4] = {
    NULL,
    IslandProgram_UpdateNoticeTransfer,
    IslandProgram_UpdateNoticeResult,
    IslandProgram_UpdateNoticeRestart,
};

/* Original address: 0x0202AFEC */
IslandProgramModeProc sIslandProgramSleepEnterProcs[] = {
        NULL,
        IslandProgram_EnterSleepPrompt,
        IslandProgram_EnterSleepMode,
        IslandProgram_EnterSleepCleanup,
    };

/* Original address: 0x0202AFFC */
IslandProgramModeProc sIslandProgramPromptUpdateProcs[4] = {
    NULL,
    IslandProgram_UpdateSleepPrompt,
    IslandProgram_UpdateSleepMode,
    IslandProgram_UpdateSleepCleanup,
};

/* Original address: 0x0202B00C */
IslandProgramNoticeResultMessages sNoticeResultMessages = { { 13, 20 } };

/* Original address: 0x0202B014 */
u8 sTimeOfDayPalette2Table[384] = {
    0xBD, 0x5F, 0x0B, 0x5E, 0x27, 0x35, 0x27, 0x35, 0x27, 0x35, 0x27, 0x35, 0x27, 0x35, 0x27, 0x35,
    0xBD, 0x5F, 0x0B, 0x5E, 0x27, 0x35, 0x27, 0x35, 0x27, 0x35, 0x27, 0x35, 0x27, 0x35, 0x27, 0x35,
    0xBD, 0x5F, 0x0B, 0x5E, 0x27, 0x35, 0x27, 0x35, 0x27, 0x35, 0x27, 0x35, 0x27, 0x35, 0x27, 0x35,
    0xBD, 0x5F, 0x0B, 0x5E, 0x27, 0x35, 0x27, 0x35, 0x27, 0x35, 0x27, 0x35, 0x27, 0x35, 0x27, 0x35,
    0x37, 0x5F, 0x2B, 0x5E, 0x8A, 0x49, 0xCB, 0x4D, 0x0C, 0x52, 0xEC, 0x49, 0xAB, 0x45, 0x69, 0x45,
    0xD2, 0x62, 0x4C, 0x62, 0x4D, 0x5A, 0x70, 0x5A, 0xB3, 0x5E, 0x52, 0x56, 0x0F, 0x4A, 0x2B, 0x5A,
    0x6D, 0x66, 0x6D, 0x66, 0x90, 0x66, 0xD3, 0x66, 0x17, 0x6B, 0xD6, 0x5E, 0x94, 0x56, 0x6D, 0x66,
    0x2B, 0x66, 0x2B, 0x66, 0x6E, 0x66, 0xB2, 0x66, 0x17, 0x6B, 0xD5, 0x5E, 0x93, 0x56, 0x2B, 0x66,
    0xE9, 0x65, 0xE9, 0x65, 0x4D, 0x66, 0x91, 0x66, 0x17, 0x6B, 0xD5, 0x5E, 0x93, 0x56, 0xE9, 0x65,
    0xC7, 0x69, 0xC7, 0x69, 0x2C, 0x6A, 0x91, 0x6A, 0x17, 0x6B, 0xD5, 0x62, 0x93, 0x5A, 0xC7, 0x69,
    0xC7, 0x69, 0xC7, 0x69, 0x2C, 0x6A, 0x91, 0x6A, 0x17, 0x6B, 0xD5, 0x62, 0x93, 0x5A, 0xC7, 0x69,
    0xC7, 0x69, 0xC7, 0x69, 0x2C, 0x6A, 0x91, 0x6A, 0x17, 0x6B, 0xD5, 0x62, 0x93, 0x5A, 0xC7, 0x69,
    0xC7, 0x69, 0xC7, 0x69, 0x2C, 0x6A, 0x91, 0x6A, 0x17, 0x6B, 0xD5, 0x62, 0x93, 0x5A, 0xC7, 0x69,
    0xAB, 0x69, 0xAB, 0x69, 0x2F, 0x66, 0x93, 0x62, 0x18, 0x63, 0xD5, 0x5E, 0x93, 0x5A, 0xAB, 0x69,
    0xAF, 0x69, 0xAF, 0x69, 0x32, 0x62, 0x95, 0x5E, 0x19, 0x5B, 0xD5, 0x5A, 0x94, 0x5A, 0xAF, 0x69,
    0xB3, 0x69, 0xB3, 0x69, 0x35, 0x62, 0xB7, 0x5A, 0x3A, 0x53, 0xD6, 0x5A, 0x95, 0x5A, 0xB3, 0x69,
    0x96, 0x41, 0x96, 0x41, 0x16, 0x4A, 0xB8, 0x4E, 0x3B, 0x4B, 0xB6, 0x5A, 0x74, 0x5A, 0x96, 0x41,
    0x97, 0x29, 0x97, 0x29, 0x18, 0x36, 0xBA, 0x42, 0x5C, 0x47, 0xB6, 0x5A, 0x53, 0x5A, 0x97, 0x29,
    0xB3, 0x39, 0xB3, 0x39, 0xB2, 0x35, 0x33, 0x3E, 0x95, 0x3E, 0x32, 0x4E, 0xCF, 0x4D, 0x71, 0x2D,
    0xF5, 0x5A, 0xCF, 0x49, 0x6C, 0x35, 0xAD, 0x39, 0xF0, 0x3D, 0xCE, 0x3D, 0xAC, 0x39, 0x6A, 0x35,
    0xBD, 0x5F, 0x0B, 0x5E, 0x27, 0x35, 0x27, 0x35, 0x27, 0x35, 0x27, 0x35, 0x27, 0x35, 0x27, 0x35,
    0xBD, 0x5F, 0x0B, 0x5E, 0x27, 0x35, 0x27, 0x35, 0x27, 0x35, 0x27, 0x35, 0x27, 0x35, 0x27, 0x35,
    0xBD, 0x5F, 0x0B, 0x5E, 0x27, 0x35, 0x27, 0x35, 0x27, 0x35, 0x27, 0x35, 0x27, 0x35, 0x27, 0x35,
    0xBD, 0x5F, 0x0B, 0x5E, 0x27, 0x35, 0x27, 0x35, 0x27, 0x35, 0x27, 0x35, 0x27, 0x35, 0x27, 0x35,
};

/* Original address: 0x0202B194 */
u8 sTimeOfDayPalette3Table[240] = {
    0x5B, 0x57, 0x27, 0x35, 0x46, 0x62, 0xC5, 0x59, 0x65, 0x55, 0x5B, 0x57, 0x27, 0x35, 0x46, 0x62,
    0xC5, 0x59, 0x65, 0x55, 0x5B, 0x57, 0x27, 0x35, 0x46, 0x62, 0xC5, 0x59, 0x65, 0x55, 0x5B, 0x57,
    0x27, 0x35, 0x46, 0x62, 0xC5, 0x59, 0x65, 0x55, 0x3A, 0x5B, 0x69, 0x45, 0x27, 0x5E, 0xA6, 0x59,
    0x45, 0x55, 0x39, 0x63, 0x2B, 0x5A, 0x09, 0x5E, 0x88, 0x55, 0x46, 0x51, 0x38, 0x6B, 0x6D, 0x66,
    0x0B, 0x5E, 0xA9, 0x59, 0x47, 0x55, 0x38, 0x6B, 0x2B, 0x66, 0xC9, 0x5D, 0x88, 0x59, 0x46, 0x55,
    0x38, 0x6B, 0xE9, 0x65, 0xA8, 0x5D, 0x67, 0x59, 0x26, 0x55, 0x38, 0x6B, 0xC7, 0x69, 0x86, 0x61,
    0x66, 0x5D, 0x25, 0x55, 0x38, 0x6B, 0xC7, 0x69, 0x86, 0x61, 0x66, 0x5D, 0x25, 0x55, 0x38, 0x6B,
    0xC7, 0x69, 0x86, 0x61, 0x66, 0x5D, 0x25, 0x55, 0x38, 0x6B, 0xC7, 0x69, 0x86, 0x61, 0x66, 0x5D,
    0x25, 0x55, 0x18, 0x63, 0xAB, 0x69, 0x69, 0x61, 0x48, 0x5D, 0x26, 0x55, 0x19, 0x5B, 0xAF, 0x69,
    0x6C, 0x61, 0x4A, 0x5D, 0x27, 0x55, 0x1B, 0x4F, 0xB3, 0x69, 0xF5, 0x61, 0x8F, 0x59, 0x4A, 0x55,
    0x1B, 0x4B, 0x96, 0x41, 0xF7, 0x3D, 0x91, 0x41, 0x4B, 0x49, 0x1C, 0x4B, 0x97, 0x1D, 0xF8, 0x1D,
    0xD3, 0x2D, 0x4D, 0x3D, 0x1B, 0x4B, 0x71, 0x2D, 0xF2, 0x31, 0x8D, 0x39, 0x49, 0x45, 0x1B, 0x4F,
    0x4C, 0x31, 0x2C, 0x4A, 0xC9, 0x49, 0x67, 0x4D, 0x5B, 0x57, 0x27, 0x35, 0x46, 0x62, 0xC5, 0x59,
    0x65, 0x55, 0x5B, 0x57, 0x27, 0x35, 0x46, 0x62, 0xC5, 0x59, 0x65, 0x55, 0x5B, 0x57, 0x27, 0x35,
    0x46, 0x62, 0xC5, 0x59, 0x65, 0x55, 0x5B, 0x57, 0x27, 0x35, 0x46, 0x62, 0xC5, 0x59, 0x65, 0x55,
};

/* Original address: 0x0202B284 */
IslandProgramModeProc sIslandProgramTransferEnterProcs[] = {
            NULL,
            IslandProgram_EnterTransferPrompt,
            IslandProgram_EnterTransferProgress,
            IslandProgram_EnterTransferRetry,
            IslandProgram_EnterTransferComplete,
            IslandProgram_EnterTransferCleanup,
            IslandProgram_EnterTransferRestart,
        };

/* Original address: 0x0202B2A0 */
IslandProgramModeProc sIslandProgramTransferUpdateProcs[7] = {
    NULL,
    IslandProgram_UpdateTransferPrompt,
    IslandProgram_UpdateTransferProgress,
    IslandProgram_UpdateTransferRetry,
    IslandProgram_UpdateTransferComplete,
    IslandProgram_UpdateTransferCleanup,
    IslandProgram_UpdateTransferRestart,
};

/* Original address: 0x0202B2BC */
IslandProgramModeProc sIslandProgramModeEnterProcs[6] = {
    NULL,
    IslandProgram_EnterNormalMode,
    IslandProgram_EnterFieldLoadMode,
    IslandProgram_EnterMosaicRevealMode,
    IslandProgram_EnterMosaicCoverMode,
    IslandProgram_EnterMessageMode,
};

/* Original address: 0x0202B2D4 */
IslandProgramModeProc sIslandProgramModeUpdateProcs[6] = {
    NULL,
    IslandProgram_UpdateNormalMode,
    IslandProgram_UpdateFieldLoadMode,
    IslandProgram_UpdateMosaicRevealMode,
    IslandProgram_UpdateMosaicCoverMode,
    IslandProgram_UpdateMessageMode,
};

/* Original address: 0x0202B2EC */
mMsg_SpriteProfile mMsg_null_sprite_profile __attribute__((section(".data"))) = {
    NULL,
    NULL,
    NULL,
    NULL,
};


/* Original address: 0x0202B2FC */
mMsg_SpriteProfile* sMsgSpriteProfiles[13] = {
    &mMsg_null_sprite_profile,
    &mMsg_null_sprite_profile,
    &mMsg_null_sprite_profile,
    &mMsg_null_sprite_profile,
    &mMsg_null_sprite_profile,
    &mMsg_null_sprite_profile,
    &mMsg_null_sprite_profile,
    &mMsg_null_sprite_profile,
    &mMsg_null_sprite_profile,
    &mMsg_null_sprite_profile,
    &mMsg_continue_prompt_sprite_profile,
    &mMsg_choice_cursor_sprite_profile,
    &mMsg_null_sprite_profile,
};

/* Original address: 0x0202B330 */
mMsg_SpriteProfile mMsg_continue_prompt_sprite_profile = {
    &mMsg_ContinuePromptInit,
    &mMsg_ContinuePromptDestroy,
    &mMsg_ContinuePromptUpdate,
    &mMsg_ContinuePromptDraw,
};

/* Original address: 0x0202B340 */
OAMData sContinuePromptAnimOamData[5] = {
    ISLANDER_OAM(0x0000, 0x0000, 0x7339, 0x0000),
    ISLANDER_OAM(0x0000, 0x01F8, 0x7338, 0x0000),
    ISLANDER_OAM(0x00F8, 0x0000, 0x7319, 0x0000),
    ISLANDER_OAM(0x00F8, 0x01F8, 0x7318, 0x0000),
    ISLANDER_OAM(0x0000, 0x0000, 0x0000, 0xFFFF),
};

/* Original address: 0x0202B368 */
AnimFrameData sMsgContinuePromptAnimData[2] = {
    { sContinuePromptAnimOamData, 1, 0, 0 },
    { NULL, 0, 0, 0 },
};

/* Original address: 0x0202B378 */
AnimFrameData* sMsgContinuePromptAnimations[1] = {
    sMsgContinuePromptAnimData
};

/* Original address: 0x0202B37C */
u8 sMsgContinuePromptRed[8] = {
    0x00, 0x04, 0x0C, 0x04, 0x1A, 0x1A, 0x1A, 0x1A,
};

/* Original address: 0x0202B384 */
u8 sMsgContinuePromptGreen[8] = {
    0x00, 0x11, 0x16, 0x11, 0x1C, 0x1C, 0x1C, 0x1C,
};

/* Original address: 0x0202B38C */
u8 sMsgContinuePromptBlue[8] = {
    0x1F, 0x1F, 0x1F, 0x1F, 0x00, 0x1D, 0x12, 0x1D,
};

/* Original address: 0x0202B394 */
mMsg_SpriteProfile mMsg_choice_cursor_sprite_profile = {
    &mMsg_ChoiceCursorInit,
    &mMsg_ChoiceCursorDestroy,
    &mMsg_ChoiceCursorUpdate,
    &mMsg_ChoiceCursorDraw,
};

/* Original address: 0x0202B3A4 */
OAMData sMsgChoiceCursorAnimOamData[5] = {
    ISLANDER_OAM(0x0000, 0x0000, 0x72F9, 0x0000),
    ISLANDER_OAM(0x0000, 0x01F8, 0x72F8, 0x0000),
    ISLANDER_OAM(0x00F8, 0x0000, 0x72D9, 0x0000),
    ISLANDER_OAM(0x00F8, 0x01F8, 0x72D8, 0x0000),
    ISLANDER_OAM(0x0000, 0x0000, 0x0000, 0xFFFF),
};

/* Original address: 0x0202B3CC */
AnimFrameData sMsgChoiceCursorAnimData[2] = {
    { sMsgChoiceCursorAnimOamData, 1, 0, 0 },
    { NULL, 0, 0, 0 },
};

/* Original address: 0x0202B3DC */
AnimFrameData* sMsgChoiceCursorAnimations[1] = {
    sMsgChoiceCursorAnimData
};

/* Original address: 0x0202B3E0 */
u8 sData_0202B3E0[28] = {
    0x4D, 0x75, 0x6C, 0x74, 0x69, 0x53, 0x69, 0x6F, 0x34, 0x53, 0x69, 0x6F, 0x33, 0x32, 0x4C, 0x6F,
    0x61, 0x64, 0x30, 0x31, 0x30, 0x39, 0x31, 0x38, 0x00, 0x00, 0x00, 0x00,
};

/* Original address: 0x0202B3FC */
u8 sIslandRightAcreTilemaps[8192] = {
    0xF6, 0x30, 0xF6, 0x30, 0xF6, 0x30, 0xF6, 0x30, 0xF6, 0x30, 0xF6, 0x30, 0xF6, 0x30, 0xF6, 0x30,
    0xF6, 0x30, 0xF6, 0x30, 0xF6, 0x30, 0xF6, 0x30, 0xF6, 0x30, 0xF6, 0x30, 0xF6, 0x30, 0xF6, 0x30,
    0xF6, 0x30, 0xF6, 0x30, 0xF6, 0x30, 0xF6, 0x30, 0xF6, 0x30, 0xF6, 0x30, 0xF6, 0x30, 0xF6, 0x30,
    0xF6, 0x30, 0xF6, 0x30, 0xF6, 0x30, 0xF6, 0x30, 0xF6, 0x30, 0xF6, 0x30, 0xF6, 0x30, 0xF6, 0x30,
    0xF6, 0x30, 0xF6, 0x30, 0xF6, 0x30, 0xF6, 0x30, 0xF6, 0x30, 0xF6, 0x30, 0xF6, 0x30, 0xF6, 0x30,
    0xF6, 0x30, 0xF6, 0x30, 0xF6, 0x30, 0xF6, 0x30, 0xF6, 0x30, 0xF6, 0x30, 0xF6, 0x30, 0xF6, 0x30,
    0xF6, 0x30, 0xF6, 0x30, 0xF6, 0x30, 0xF6, 0x30, 0xF6, 0x30, 0xF6, 0x30, 0xF6, 0x30, 0xF6, 0x30,
    0xF6, 0x30, 0xF6, 0x30, 0xF6, 0x30, 0xF6, 0x30, 0xF6, 0x30, 0xF6, 0x30, 0xF6, 0x30, 0xF6, 0x30,
    0xF6, 0x30, 0xF6, 0x30, 0xF6, 0x30, 0xF6, 0x30, 0xF6, 0x30, 0xF6, 0x30, 0xF6, 0x30, 0xF6, 0x30,
    0xF6, 0x30, 0xF6, 0x30, 0xF6, 0x30, 0xF6, 0x30, 0xF6, 0x30, 0xF6, 0x30, 0xF6, 0x30, 0xF6, 0x30,
    0xF6, 0x30, 0xF6, 0x30, 0xF6, 0x30, 0xF6, 0x30, 0xF6, 0x30, 0xF6, 0x30, 0xF6, 0x30, 0xF6, 0x30,
    0xF6, 0x30, 0xF6, 0x30, 0xF6, 0x30, 0xF6, 0x30, 0xF6, 0x30, 0xF6, 0x30, 0xF6, 0x30, 0xF6, 0x30,
    0xF6, 0x30, 0xF6, 0x30, 0xF6, 0x30, 0xF6, 0x30, 0xF6, 0x30, 0xF6, 0x30, 0xF6, 0x30, 0xF6, 0x30,
    0xF6, 0x30, 0xF6, 0x30, 0xF6, 0x30, 0xF6, 0x30, 0xF6, 0x30, 0xF6, 0x30, 0xF6, 0x30, 0xF6, 0x30,
    0xF6, 0x30, 0xF6, 0x30, 0xF6, 0x30, 0xF6, 0x30, 0xF6, 0x30, 0xF6, 0x30, 0xF6, 0x30, 0xF6, 0x30,
    0xF6, 0x30, 0xF6, 0x30, 0xF6, 0x30, 0xF6, 0x30, 0xF6, 0x30, 0xF6, 0x30, 0xF6, 0x30, 0xF6, 0x30,
    0xF6, 0x30, 0xF6, 0x30, 0xF6, 0x30, 0xF6, 0x30, 0xF6, 0x30, 0xF6, 0x30, 0xF6, 0x30, 0xF6, 0x30,
    0xF6, 0x30, 0xF6, 0x30, 0xF6, 0x30, 0xF6, 0x30, 0xF6, 0x30, 0xF6, 0x30, 0xF6, 0x30, 0xF6, 0x30,
    0xF6, 0x30, 0xF6, 0x30, 0xF6, 0x30, 0xF6, 0x30, 0xF6, 0x30, 0xF6, 0x30, 0xF6, 0x30, 0xF6, 0x30,
    0xF6, 0x30, 0xF6, 0x30, 0xF6, 0x30, 0xF6, 0x30, 0xF6, 0x30, 0xF6, 0x30, 0xF6, 0x30, 0xF6, 0x30,
    0xF6, 0x30, 0xF6, 0x30, 0xF6, 0x30, 0xF6, 0x30, 0xF6, 0x30, 0xF6, 0x30, 0xB6, 0x00, 0xB7, 0x00,
    0xB8, 0x00, 0xB9, 0x00, 0xBA, 0x00, 0xBB, 0x00, 0xF6, 0x30, 0xF6, 0x30, 0xF6, 0x30, 0xF6, 0x30,
    0xF6, 0x30, 0xF6, 0x30, 0xF6, 0x30, 0xF6, 0x30, 0xF6, 0x30, 0xF6, 0x30, 0xF6, 0x30, 0xF6, 0x30,
    0xF6, 0x30, 0xF6, 0x30, 0xF6, 0x30, 0xF6, 0x30, 0xF6, 0x30, 0xF6, 0x30, 0xF6, 0x30, 0xF6, 0x30,
    0xF6, 0x30, 0xF6, 0x30, 0xF6, 0x30, 0xF6, 0x30, 0xF6, 0x30, 0x46, 0x00, 0x68, 0x00, 0x69, 0x00,
    0x68, 0x00, 0x69, 0x00, 0x68, 0x00, 0x69, 0x00, 0x47, 0x00, 0xF6, 0x30, 0xF6, 0x30, 0xF6, 0x30,
    0xF6, 0x30, 0xF6, 0x30, 0xF6, 0x30, 0xF6, 0x30, 0xF7, 0x30, 0x11, 0x30, 0x15, 0x30, 0xF6, 0x30,
    0xF6, 0x30, 0xF6, 0x30, 0xF6, 0x30, 0xF6, 0x30, 0xF6, 0x30, 0xF6, 0x30, 0xF6, 0x30, 0xF6, 0x30,
    0xB6, 0x00, 0xB7, 0x00, 0xB8, 0x00, 0xB9, 0x00, 0x56, 0x00, 0x79, 0x00, 0x78, 0x00, 0x79, 0x00,
    0x78, 0x00, 0x79, 0x00, 0x78, 0x00, 0x79, 0x00, 0x78, 0x00, 0x57, 0x00, 0xF6, 0x30, 0xF6, 0x30,
    0xF6, 0x30, 0xF6, 0x30, 0xF6, 0x30, 0xF6, 0x30, 0x02, 0x30, 0x03, 0x30, 0x04, 0x30, 0xF8, 0x30,
    0xF6, 0x30, 0xF6, 0x30, 0xF6, 0x30, 0xF6, 0x30, 0xF6, 0x30, 0xF6, 0x30, 0xF6, 0x30, 0xF6, 0x30,
    0x68, 0x00, 0x69, 0x00, 0x68, 0x00, 0x69, 0x00, 0x68, 0x00, 0x69, 0x00, 0x68, 0x00, 0x69, 0x00,
    0x68, 0x00, 0x69, 0x00, 0x68, 0x00, 0x69, 0x00, 0x68, 0x00, 0x69, 0x00, 0xD3, 0x00, 0xF6, 0x30,
    0xF6, 0x30, 0xF6, 0x30, 0xF7, 0x30, 0x11, 0x30, 0x12, 0x30, 0x13, 0x30, 0x14, 0x30, 0xF9, 0x30,
    0xF6, 0x30, 0xF6, 0x30, 0xF6, 0x30, 0xF6, 0x30, 0xF6, 0x30, 0xF6, 0x30, 0xF6, 0x30, 0xF6, 0x30,
    0x78, 0x00, 0x79, 0x00, 0x78, 0x00, 0x79, 0x00, 0x78, 0x00, 0x20, 0x10, 0x21, 0x10, 0x22, 0x10,
    0x23, 0x10, 0x24, 0x10, 0x25, 0x10, 0x79, 0x00, 0x78, 0x00, 0x79, 0x00, 0xE1, 0x00, 0xF6, 0x30,
    0xF6, 0x30, 0xF6, 0x30, 0x02, 0x30, 0x03, 0x30, 0x04, 0x30, 0x05, 0x30, 0xFA, 0x30, 0xFB, 0x00,
    0xF6, 0x30, 0xF6, 0x30, 0xF6, 0x30, 0xF6, 0x30, 0xF6, 0x30, 0xF6, 0x30, 0xF6, 0x30, 0xF6, 0x30,
    0x68, 0x00, 0x69, 0x00, 0x68, 0x00, 0x69, 0x00, 0x68, 0x00, 0x30, 0x10, 0x31, 0x10, 0x32, 0x10,
    0x33, 0x10, 0x34, 0x10, 0x35, 0x10, 0x69, 0x00, 0x68, 0x00, 0x69, 0x00, 0x47, 0x00, 0xF6, 0x30,
    0xF7, 0x30, 0x11, 0x30, 0x12, 0x30, 0x13, 0x30, 0x14, 0x30, 0xF9, 0x30, 0xFC, 0x00, 0xFD, 0x00,
    0xF6, 0x30, 0xF6, 0x30, 0xF6, 0x30, 0xF6, 0x30, 0xF6, 0x30, 0xF6, 0x30, 0xF6, 0x30, 0xF6, 0x30,
    0x78, 0x00, 0x79, 0x00, 0x78, 0x00, 0x79, 0x00, 0x78, 0x00, 0x40, 0x10, 0x41, 0x10, 0x42, 0x10,
    0x43, 0x10, 0x44, 0x10, 0x45, 0x10, 0x79, 0x00, 0x78, 0x00, 0x79, 0x00, 0x78, 0x00, 0x57, 0x00,
    0x02, 0x30, 0x03, 0x30, 0x04, 0x30, 0x05, 0x30, 0xFA, 0x30, 0xFB, 0x00, 0xF6, 0x30, 0xF6, 0x30,
    0xF6, 0x30, 0xF6, 0x30, 0xF6, 0x30, 0xF6, 0x30, 0xF6, 0x30, 0xF6, 0x30, 0xF6, 0x30, 0xF6, 0x30,
    0x68, 0x00, 0x69, 0x00, 0x68, 0x00, 0x69, 0x00, 0x68, 0x00, 0x50, 0x10, 0x51, 0x10, 0x52, 0x10,
    0x5E, 0x10, 0x5F, 0x10, 0x55, 0x10, 0x69, 0x00, 0x68, 0x00, 0x69, 0x00, 0x68, 0x00, 0x69, 0x00,
    0x00, 0x30, 0x13, 0x30, 0x14, 0x30, 0xF9, 0x30, 0xFC, 0x00, 0xFD, 0x00, 0xF6, 0x30, 0xF6, 0x30,
    0xF6, 0x30, 0xF6, 0x30, 0xF6, 0x30, 0xF6, 0x30, 0xF6, 0x30, 0xF6, 0x30, 0xF6, 0x30, 0xF6, 0x30,
    0x78, 0x00, 0x79, 0x00, 0x78, 0x00, 0x79, 0x00, 0x78, 0x00, 0x60, 0x10, 0x61, 0x10, 0x6C, 0x10,
    0x6D, 0x10, 0x6E, 0x10, 0x6F, 0x10, 0x2A, 0x10, 0x2B, 0x10, 0x22, 0x10, 0x23, 0x10, 0x24, 0x10,
    0x25, 0x10, 0x10, 0x30, 0xFA, 0x30, 0xFB, 0x00, 0xF6, 0x30, 0xF6, 0x30, 0xF6, 0x30, 0xF6, 0x30,
    0xF6, 0x30, 0xF6, 0x30, 0xF6, 0x30, 0xF6, 0x30, 0xF6, 0x30, 0xF6, 0x30, 0xF6, 0x30, 0xF6, 0x30,
    0x68, 0x00, 0x69, 0x00, 0x68, 0x00, 0x69, 0x00, 0x68, 0x00, 0x70, 0x10, 0x71, 0x10, 0x7C, 0x10,
    0x7D, 0x10, 0x7E, 0x10, 0x7F, 0x10, 0x3A, 0x10, 0x3B, 0x10, 0x32, 0x10, 0x33, 0x10, 0x34, 0x10,
    0x35, 0x10, 0x69, 0x00, 0x01, 0x00, 0xFD, 0x00, 0xF6, 0x30, 0xF6, 0x30, 0xF6, 0x30, 0xF6, 0x30,
    0xF6, 0x30, 0xF6, 0x30, 0xF6, 0x30, 0xF6, 0x30, 0xF6, 0x30, 0xF6, 0x30, 0xF6, 0x30, 0xF6, 0x30,
    0x78, 0x00, 0x79, 0x00, 0x78, 0x00, 0x79, 0x00, 0x78, 0x00, 0x79, 0x00, 0x78, 0x00, 0x40, 0x10,
    0x48, 0x10, 0x49, 0x10, 0x4A, 0x10, 0x4B, 0x10, 0x4C, 0x10, 0x4D, 0x10, 0x43, 0x10, 0x44, 0x10,
    0x45, 0x10, 0x79, 0x00, 0x78, 0x00, 0x57, 0x00, 0xB6, 0x00, 0xB7, 0x00, 0xB8, 0x00, 0xB9, 0x00,
    0xF6, 0x30, 0xF6, 0x30, 0xF6, 0x30, 0xF6, 0x30, 0xF6, 0x30, 0xF6, 0x30, 0xF6, 0x30, 0xF6, 0x30,
    0x68, 0x00, 0x69, 0x00, 0x68, 0x00, 0x69, 0x00, 0x68, 0x00, 0x69, 0x00, 0x68, 0x00, 0x50, 0x10,
    0x51, 0x10, 0x52, 0x10, 0x5A, 0x10, 0x5B, 0x10, 0x5C, 0x10, 0x5D, 0x10, 0x53, 0x10, 0x54, 0x10,
    0x55, 0x10, 0x68, 0x00, 0x69, 0x00, 0x68, 0x00, 0x69, 0x00, 0x68, 0x00, 0x69, 0x00, 0x68, 0x00,
    0x47, 0x00, 0xF6, 0x30, 0xF6, 0x30, 0xF6, 0x30, 0xF6, 0x30, 0xF6, 0x30, 0xF6, 0x30, 0xF6, 0x30,
    0x78, 0x00, 0x79, 0x00, 0x78, 0x00, 0x79, 0x00, 0x78, 0x00, 0x79, 0x00, 0x78, 0x00, 0x60, 0x10,
    0x61, 0x10, 0x62, 0x10, 0x63, 0x10, 0x6A, 0x10, 0x6B, 0x10, 0x62, 0x10, 0x63, 0x10, 0x64, 0x10,
    0x65, 0x10, 0x78, 0x00, 0x79, 0x00, 0x20, 0x10, 0x21, 0x10, 0x22, 0x10, 0x23, 0x10, 0x24, 0x10,
    0x25, 0x10, 0x57, 0x00, 0xF6, 0x30, 0xF6, 0x30, 0xF6, 0x30, 0xF6, 0x30, 0xF6, 0x30, 0xF6, 0x30,
    0x68, 0x00, 0x69, 0x00, 0x68, 0x00, 0x69, 0x00, 0x68, 0x00, 0x69, 0x00, 0x68, 0x00, 0x70, 0x10,
    0x71, 0x10, 0x72, 0x10, 0x73, 0x10, 0x7A, 0x10, 0x7B, 0x10, 0x72, 0x10, 0x73, 0x10, 0x74, 0x10,
    0x75, 0x10, 0x68, 0x00, 0x69, 0x00, 0x30, 0x10, 0x31, 0x10, 0x32, 0x10, 0x33, 0x10, 0x34, 0x10,
    0x35, 0x10, 0x68, 0x00, 0xD3, 0x00, 0xF6, 0x30, 0xF6, 0x30, 0xF6, 0x30, 0xF6, 0x30, 0xF6, 0x30,
    0x78, 0x00, 0x79, 0x00, 0x78, 0x00, 0x79, 0x00, 0x78, 0x00, 0x79, 0x00, 0x78, 0x00, 0x79, 0x00,
    0x78, 0x00, 0x78, 0x00, 0x79, 0x00, 0x78, 0x00, 0x79, 0x00, 0x78, 0x00, 0x79, 0x00, 0x78, 0x00,
    0x79, 0x00, 0x78, 0x00, 0x79, 0x00, 0x40, 0x10, 0x41, 0x10, 0x42, 0x10, 0x43, 0x10, 0x44, 0x10,
    0x45, 0x10, 0x78, 0x00, 0xE1, 0x00, 0xF6, 0x30, 0xF6, 0x30, 0xF6, 0x30, 0xF6, 0x30, 0xF6, 0x30,
    0x68, 0x00, 0x69, 0x00, 0x68, 0x00, 0x69, 0x00, 0x68, 0x00, 0x69, 0x00, 0x68, 0x00, 0x69, 0x00,
    0x68, 0x00, 0x68, 0x00, 0x69, 0x00, 0x68, 0x00, 0x69, 0x00, 0x68, 0x00, 0x69, 0x00, 0x68, 0x00,
    0x69, 0x00, 0x68, 0x00, 0x69, 0x00, 0x50, 0x10, 0x51, 0x10, 0x52, 0x10, 0x53, 0x10, 0x54, 0x10,
    0x55, 0x10, 0x68, 0x00, 0xD1, 0x00, 0xF6, 0x30, 0xF6, 0x30, 0xF6, 0x30, 0xF6, 0x30, 0xF6, 0x30,
    0x78, 0x00, 0x79, 0x00, 0x78, 0x00, 0x79, 0x00, 0x78, 0x00, 0x79, 0x00, 0x78, 0x00, 0x79, 0x00,
    0x78, 0x00, 0x78, 0x00, 0x79, 0x00, 0x78, 0x00, 0x79, 0x00, 0x78, 0x00, 0x79, 0x00, 0x78, 0x00,
    0x79, 0x00, 0x78, 0x00, 0x79, 0x00, 0x60, 0x10, 0x61, 0x10, 0x62, 0x10, 0x63, 0x10, 0x64, 0x10,
    0x65, 0x10, 0x78, 0x00, 0xE1, 0x00, 0xF6, 0x30, 0xF6, 0x30, 0xF6, 0x30, 0xF6, 0x30, 0xF6, 0x30,
    0x0A, 0x20, 0x0B, 0x20, 0x0C, 0x20, 0x0D, 0x20, 0x0A, 0x20, 0x0B, 0x20, 0x0C, 0x20, 0x0D, 0x20,
    0x0A, 0x20, 0x0F, 0x20, 0x69, 0x00, 0x68, 0x00, 0x69, 0x00, 0x68, 0x00, 0x69, 0x00, 0x68, 0x00,
    0x69, 0x00, 0x68, 0x00, 0x69, 0x00, 0x70, 0x10, 0x71, 0x10, 0x72, 0x10, 0x73, 0x10, 0x74, 0x10,
    0x75, 0x10, 0x68, 0x00, 0xD1, 0x00, 0xF6, 0x30, 0xF6, 0x30, 0xF6, 0x30, 0xF6, 0x30, 0xF6, 0x30,
    0x1A, 0x20, 0x1B, 0x20, 0x1C, 0x20, 0x1D, 0x20, 0x1A, 0x20, 0x1B, 0x20, 0x1C, 0x20, 0x1D, 0x20,
    0x1A, 0x20, 0x1F, 0x20, 0x79, 0x00, 0x78, 0x00, 0x79, 0x00, 0x78, 0x00, 0x79, 0x00, 0x78, 0x00,
    0x79, 0x00, 0x78, 0x00, 0x79, 0x00, 0x78, 0x00, 0x79, 0x00, 0x78, 0x00, 0x79, 0x00, 0x78, 0x00,
    0x79, 0x00, 0x78, 0x00, 0xE1, 0x00, 0xF6, 0x30, 0xF6, 0x30, 0xF6, 0x30, 0xF6, 0x30, 0xF6, 0x30,
    0xC8, 0x20, 0xC9, 0x20, 0xCA, 0x20, 0xCB, 0x20, 0xC8, 0x20, 0xC9, 0x20, 0xCA, 0x20, 0xCB, 0x20,
    0xC8, 0x20, 0xC7, 0x20, 0x69, 0x00, 0x68, 0x00, 0x69, 0x00, 0x68, 0x00, 0x69, 0x00, 0x68, 0x00,
    0x69, 0x00, 0x68, 0x00, 0x69, 0x00, 0x68, 0x00, 0x69, 0x00, 0x68, 0x00, 0x69, 0x00, 0x68, 0x00,
    0x69, 0x00, 0x67, 0x00, 0xF1, 0x00, 0xF6, 0x30, 0xF6, 0x30, 0xF6, 0x30, 0xF6, 0x30, 0xF6, 0x30,
    0xD8, 0x20, 0xD9, 0x20, 0xDA, 0x20, 0xDB, 0x20, 0xD8, 0x20, 0xD9, 0x20, 0xDA, 0x20, 0xDB, 0x20,
    0xD8, 0x20, 0xD7, 0x20, 0x79, 0x00, 0x78, 0x00, 0x79, 0x00, 0x78, 0x00, 0x79, 0x00, 0x78, 0x00,
    0x79, 0x00, 0x78, 0x00, 0x79, 0x00, 0x78, 0x00, 0x79, 0x00, 0x78, 0x00, 0x79, 0x00, 0x78, 0x00,
    0x77, 0x00, 0xE5, 0x00, 0xF4, 0x00, 0xF6, 0x30, 0xF6, 0x30, 0xF6, 0x30, 0xF6, 0x30, 0xF6, 0x30,
    0xE8, 0x20, 0xE9, 0x20, 0xEA, 0x20, 0xEB, 0x20, 0xE8, 0x20, 0xE9, 0x20, 0xEA, 0x20, 0xEB, 0x20,
    0xE8, 0x20, 0xE7, 0x20, 0xB2, 0x00, 0xB3, 0x00, 0xB4, 0x00, 0xB5, 0x00, 0xB0, 0x00, 0xB1, 0x00,
    0xB2, 0x00, 0xB3, 0x00, 0xB4, 0x00, 0xB5, 0x00, 0xB2, 0x00, 0xB3, 0x00, 0xB4, 0x00, 0xB5, 0x00,
    0xE4, 0x00, 0xF5, 0x00, 0xF6, 0x30, 0xF6, 0x30, 0xF6, 0x30, 0xF6, 0x30, 0xF6, 0x30, 0xF6, 0x30,
    0xF6, 0x30, 0xF6, 0x30, 0xF6, 0x30, 0xF6, 0x30, 0xF6, 0x30, 0xF6, 0x30, 0xF6, 0x30, 0xF6, 0x30,
    0xF6, 0x30, 0xF6, 0x30, 0xC2, 0x00, 0xC3, 0x00, 0xC4, 0x00, 0xC5, 0x00, 0xC0, 0x00, 0xC1, 0x00,
    0xC2, 0x00, 0xC3, 0x00, 0xC4, 0x00, 0xC5, 0x00, 0xC2, 0x00, 0xC3, 0x00, 0xC4, 0x00, 0xC5, 0x00,
    0xF4, 0x00, 0xF6, 0x30, 0xF6, 0x30, 0xF6, 0x30, 0xF6, 0x30, 0xF6, 0x30, 0xF6, 0x30, 0xF6, 0x30,
    0xF6, 0x30, 0xF6, 0x30, 0xF6, 0x30, 0xF6, 0x30, 0xF6, 0x30, 0xF6, 0x30, 0xF6, 0x30, 0xF6, 0x30,
    0xF6, 0x30, 0xF6, 0x30, 0xF6, 0x30, 0xF6, 0x30, 0xF6, 0x30, 0xF6, 0x30, 0xF6, 0x30, 0xF6, 0x30,
    0xF6, 0x30, 0xF6, 0x30, 0xF6, 0x30, 0xF6, 0x30, 0xF6, 0x30, 0xF6, 0x30, 0xF6, 0x30, 0xF6, 0x30,
    0xF6, 0x30, 0xF6, 0x30, 0xF6, 0x30, 0xF6, 0x30, 0xF6, 0x30, 0xF6, 0x30, 0xF6, 0x30, 0xF6, 0x30,
    0xF6, 0x30, 0xF6, 0x30, 0xF6, 0x30, 0xF6, 0x30, 0xF6, 0x30, 0xF6, 0x30, 0xF6, 0x30, 0xF6, 0x30,
    0xF6, 0x30, 0xF6, 0x30, 0xF6, 0x30, 0xF6, 0x30, 0xF6, 0x30, 0xF6, 0x30, 0xF6, 0x30, 0xF6, 0x30,
    0xF6, 0x30, 0xF6, 0x30, 0xF6, 0x30, 0xF6, 0x30, 0xF6, 0x30, 0xF6, 0x30, 0xF6, 0x30, 0xF6, 0x30,
    0xF6, 0x30, 0xF6, 0x30, 0xF6, 0x30, 0xF6, 0x30, 0xF6, 0x30, 0xF6, 0x30, 0xF6, 0x30, 0xF6, 0x30,
    0xF6, 0x30, 0xF6, 0x30, 0xF6, 0x30, 0xF6, 0x30, 0xF6, 0x30, 0xF6, 0x30, 0xF6, 0x30, 0xF6, 0x30,
    0xF6, 0x30, 0xF6, 0x30, 0xF6, 0x30, 0xF6, 0x30, 0xF6, 0x30, 0xF6, 0x30, 0xF6, 0x30, 0xF6, 0x30,
    0xF6, 0x30, 0xF6, 0x30, 0xF6, 0x30, 0xF6, 0x30, 0xF6, 0x30, 0xF6, 0x30, 0xF6, 0x30, 0xF6, 0x30,
    0xF6, 0x30, 0xF6, 0x30, 0xF6, 0x30, 0xF6, 0x30, 0xF6, 0x30, 0xF6, 0x30, 0xF6, 0x30, 0xF6, 0x30,
    0xF6, 0x30, 0xF6, 0x30, 0xF6, 0x30, 0xF6, 0x30, 0xF6, 0x30, 0xF6, 0x30, 0xF6, 0x30, 0xF6, 0x30,
    0xF6, 0x30, 0xF6, 0x30, 0xF6, 0x30, 0xF6, 0x30, 0xF6, 0x30, 0xF6, 0x30, 0xF6, 0x30, 0xF6, 0x30,
    0xF6, 0x30, 0xF6, 0x30, 0xF6, 0x30, 0xF6, 0x30, 0xF6, 0x30, 0xF6, 0x30, 0xF6, 0x30, 0xF6, 0x30,
    0xF6, 0x30, 0xF6, 0x30, 0xF6, 0x30, 0xF6, 0x30, 0xF6, 0x30, 0xF6, 0x30, 0xF6, 0x30, 0xF6, 0x30,
    0xF6, 0x30, 0xF6, 0x30, 0xF6, 0x30, 0xF6, 0x30, 0xF6, 0x30, 0xF6, 0x30, 0xF6, 0x30, 0xF6, 0x30,
    0xF6, 0x30, 0xF6, 0x30, 0xF6, 0x30, 0xF6, 0x30, 0xF6, 0x30, 0xF6, 0x30, 0xF6, 0x30, 0xF6, 0x30,
    0xF6, 0x30, 0xF6, 0x30, 0xF6, 0x30, 0xF6, 0x30, 0xF6, 0x30, 0xF6, 0x30, 0xF6, 0x30, 0xF6, 0x30,
    0xF6, 0x30, 0xF6, 0x30, 0xF6, 0x30, 0xF6, 0x30, 0xF6, 0x30, 0xF6, 0x30, 0xF6, 0x30, 0xF6, 0x30,
    0xF6, 0x30, 0xF6, 0x30, 0xF6, 0x30, 0xF6, 0x30, 0xF6, 0x30, 0xF6, 0x30, 0xF6, 0x30, 0xF6, 0x30,
    0xF6, 0x30, 0xF6, 0x30, 0xF6, 0x30, 0xF6, 0x30, 0xF6, 0x30, 0xF6, 0x30, 0xF6, 0x30, 0xF6, 0x30,
    0xF6, 0x30, 0xF6, 0x30, 0xF6, 0x30, 0xF6, 0x30, 0xF6, 0x30, 0xF6, 0x30, 0xF6, 0x30, 0xF6, 0x30,
    0xF6, 0x30, 0xF6, 0x30, 0xF6, 0x30, 0xF6, 0x30, 0xF6, 0x30, 0xF6, 0x30, 0xF6, 0x30, 0xF6, 0x30,
    0xF6, 0x30, 0xF6, 0x30, 0xF6, 0x30, 0xF6, 0x30, 0xF6, 0x30, 0xF6, 0x30, 0xF6, 0x30, 0xF6, 0x30,
    0xF6, 0x30, 0xF6, 0x30, 0xF6, 0x30, 0xF6, 0x30, 0xF6, 0x30, 0xF6, 0x30, 0xF6, 0x30, 0xF6, 0x30,
    0xF6, 0x30, 0xF6, 0x30, 0xF6, 0x30, 0xF6, 0x30, 0xF6, 0x30, 0xF6, 0x30, 0xF6, 0x30, 0xF6, 0x30,
    0xF6, 0x30, 0xF6, 0x30, 0xF6, 0x30, 0xF6, 0x30, 0xF6, 0x30, 0xF6, 0x30, 0xF6, 0x30, 0xF6, 0x30,
    0xF6, 0x30, 0xF6, 0x30, 0xF6, 0x30, 0xF6, 0x30, 0xF6, 0x30, 0xF6, 0x30, 0xF6, 0x30, 0xF6, 0x30,
    0xF6, 0x30, 0xF6, 0x30, 0xBA, 0x00, 0xBB, 0x00, 0xF6, 0x30, 0xF6, 0x30, 0xF6, 0x30, 0xF6, 0x30,
    0xF6, 0x30, 0xF6, 0x30, 0xF6, 0x30, 0xF6, 0x30, 0xF6, 0x30, 0xF6, 0x30, 0xF6, 0x30, 0xF6, 0x30,
    0xF6, 0x30, 0xF6, 0x30, 0xF6, 0x30, 0xF6, 0x30, 0xF6, 0x30, 0xF6, 0x30, 0xF6, 0x30, 0xF6, 0x30,
    0xF6, 0x30, 0xF6, 0x30, 0xF6, 0x30, 0xF6, 0x30, 0xF6, 0x30, 0xF6, 0x30, 0xF6, 0x30, 0xF6, 0x30,
    0xF6, 0x30, 0x46, 0x00, 0x68, 0x00, 0x69, 0x00, 0x47, 0x00, 0xF6, 0x30, 0xF6, 0x30, 0xF6, 0x30,
    0xF6, 0x30, 0xF6, 0x30, 0xF6, 0x30, 0xF6, 0x30, 0xF6, 0x30, 0xF6, 0x30, 0xF6, 0x30, 0xF6, 0x30,
    0xF6, 0x30, 0xF6, 0x30, 0xF6, 0x30, 0xF6, 0x30, 0xF6, 0x30, 0xF6, 0x30, 0xF6, 0x30, 0xF6, 0x30,
    0xF6, 0x30, 0xF6, 0x30, 0xF6, 0x30, 0xF6, 0x30, 0xF6, 0x30, 0xF6, 0x30, 0xF6, 0x30, 0xF6, 0x30,
    0x56, 0x00, 0x79, 0x00, 0x78, 0x00, 0x79, 0x00, 0x78, 0x00, 0x57, 0x00, 0xF6, 0x30, 0xF6, 0x30,
    0xF6, 0x30, 0xF6, 0x30, 0xF6, 0x30, 0xF6, 0x30, 0xF6, 0x30, 0xF6, 0x30, 0xF6, 0x30, 0xF6, 0x30,
    0xF6, 0x30, 0xF6, 0x30, 0xF6, 0x30, 0xF6, 0x30, 0xF6, 0x30, 0xF6, 0x30, 0xF6, 0x30, 0xF6, 0x30,
    0xF6, 0x30, 0xF6, 0x30, 0xF6, 0x30, 0xF6, 0x30, 0xF6, 0x30, 0xF6, 0x30, 0xF6, 0x30, 0x46, 0x00,
    0x68, 0x00, 0x69, 0x00, 0x69, 0x00, 0x68, 0x00, 0x69, 0x00, 0x68, 0x00, 0xD3, 0x00, 0xF6, 0x30,
    0xF6, 0x30, 0xF6, 0x30, 0xF6, 0x30, 0xF6, 0x30, 0xF7, 0x30, 0x11, 0x30, 0x15, 0x30, 0xF6, 0x30,
    0xF6, 0x30, 0xF6, 0x30, 0xF6, 0x30, 0xF6, 0x30, 0xF6, 0x30, 0xF6, 0x30, 0xF6, 0x30, 0xF6, 0x30,
    0xB6, 0x00, 0xB7, 0x00, 0xB8, 0x00, 0xB9, 0x00, 0xBA, 0x00, 0xBB, 0x00, 0x56, 0x00, 0x79, 0x00,
    0x78, 0x00, 0x79, 0x00, 0x79, 0x00, 0x78, 0x00, 0x79, 0x00, 0x78, 0x00, 0xE1, 0x00, 0xF6, 0x30,
    0xF6, 0x30, 0xF6, 0x30, 0xF6, 0x30, 0xF6, 0x30, 0x02, 0x30, 0x03, 0x30, 0x04, 0x30, 0xF8, 0x30,
    0xF6, 0x30, 0xF6, 0x30, 0xF6, 0x30, 0xF6, 0x30, 0xF6, 0x30, 0xF6, 0x30, 0xF6, 0x30, 0xF6, 0x30,
    0x69, 0x00, 0x68, 0x00, 0x20, 0x10, 0x21, 0x10, 0x22, 0x10, 0x23, 0x10, 0x2A, 0x10, 0x2B, 0x10,
    0x22, 0x10, 0x23, 0x10, 0x24, 0x10, 0x25, 0x10, 0x69, 0x00, 0x68, 0x00, 0xE1, 0x00, 0xF6, 0x30,
    0xF6, 0x30, 0xF6, 0x30, 0xF7, 0x30, 0x11, 0x30, 0x12, 0x30, 0x13, 0x30, 0x14, 0x30, 0xF9, 0x30,
    0xF6, 0x30, 0xF6, 0x30, 0xF6, 0x30, 0xF6, 0x30, 0xF6, 0x30, 0xF6, 0x30, 0xF6, 0x30, 0xF6, 0x30,
    0x79, 0x00, 0x78, 0x00, 0x30, 0x10, 0x31, 0x10, 0x32, 0x10, 0x32, 0x14, 0x3A, 0x10, 0x3B, 0x10,
    0x32, 0x10, 0x32, 0x14, 0x34, 0x10, 0x35, 0x10, 0x79, 0x00, 0x78, 0x00, 0xD1, 0x00, 0xF6, 0x30,
    0xF6, 0x30, 0xF6, 0x30, 0x02, 0x30, 0x03, 0x30, 0x04, 0x30, 0x05, 0x30, 0xFA, 0x30, 0xFB, 0x00,
    0xF6, 0x30, 0xF6, 0x30, 0xF6, 0x30, 0xF6, 0x30, 0xF6, 0x30, 0xF6, 0x30, 0xF6, 0x30, 0xF6, 0x30,
    0x69, 0x00, 0x68, 0x00, 0x40, 0x10, 0x41, 0x10, 0x42, 0x10, 0x4A, 0x10, 0x4B, 0x10, 0x4B, 0x14,
    0x42, 0x10, 0x42, 0x14, 0x41, 0x14, 0x45, 0x10, 0x69, 0x00, 0x68, 0x00, 0x47, 0x00, 0xF6, 0x30,
    0xF7, 0x30, 0x11, 0x30, 0x12, 0x30, 0x13, 0x30, 0x14, 0x30, 0xF9, 0x30, 0xFC, 0x00, 0xFD, 0x00,
    0xF6, 0x30, 0xF6, 0x30, 0xF6, 0x30, 0xF6, 0x30, 0xF6, 0x30, 0xF6, 0x30, 0xF6, 0x30, 0xF6, 0x30,
    0x79, 0x00, 0x78, 0x00, 0x45, 0x1C, 0x48, 0x18, 0x49, 0x18, 0x4A, 0x18, 0x4B, 0x18, 0x4B, 0x1C,
    0x42, 0x18, 0x42, 0x1C, 0x41, 0x1C, 0x40, 0x1C, 0x79, 0x00, 0x78, 0x00, 0x78, 0x00, 0x57, 0x00,
    0x02, 0x30, 0x03, 0x30, 0x04, 0x30, 0x05, 0x30, 0xFA, 0x30, 0xFB, 0x00, 0xF6, 0x30, 0xF6, 0x30,
    0xF6, 0x30, 0xF6, 0x30, 0xF6, 0x30, 0xF6, 0x30, 0xF6, 0x30, 0xF6, 0x30, 0xF6, 0x30, 0xF6, 0x30,
    0x20, 0x10, 0x21, 0x10, 0x2C, 0x10, 0x2D, 0x10, 0x3D, 0x1C, 0x3C, 0x1C, 0x3B, 0x1C, 0x3A, 0x1C,
    0x32, 0x18, 0x32, 0x1C, 0x31, 0x1C, 0x30, 0x1C, 0x69, 0x00, 0x68, 0x00, 0x69, 0x00, 0x68, 0x00,
    0x00, 0x30, 0x13, 0x30, 0x14, 0x30, 0xF9, 0x30, 0xFC, 0x00, 0xFD, 0x00, 0xF6, 0x30, 0xF6, 0x30,
    0xF6, 0x30, 0xF6, 0x30, 0xF6, 0x30, 0xF6, 0x30, 0xF6, 0x30, 0xF6, 0x30, 0xF6, 0x30, 0xF6, 0x30,
    0x30, 0x10, 0x31, 0x10, 0x3C, 0x10, 0x3D, 0x10, 0x2D, 0x1C, 0x2C, 0x1C, 0x2B, 0x1C, 0x2A, 0x1C,
    0x23, 0x1C, 0x22, 0x1C, 0x21, 0x1C, 0x20, 0x1C, 0x79, 0x00, 0x78, 0x00, 0x79, 0x00, 0x78, 0x00,
    0x25, 0x10, 0x10, 0x30, 0xFA, 0x30, 0xFB, 0x00, 0xF6, 0x30, 0xF6, 0x30, 0xF6, 0x30, 0xF6, 0x30,
    0xF6, 0x30, 0xF6, 0x30, 0xF6, 0x30, 0xF6, 0x30, 0xF6, 0x30, 0xF6, 0x30, 0xF6, 0x30, 0xF6, 0x30,
    0x40, 0x10, 0x41, 0x10, 0x42, 0x10, 0x49, 0x14, 0x48, 0x14, 0x45, 0x10, 0x69, 0x00, 0x20, 0x10,
    0x21, 0x10, 0x22, 0x10, 0x23, 0x10, 0x24, 0x10, 0x25, 0x10, 0x68, 0x00, 0x69, 0x00, 0x68, 0x00,
    0x69, 0x00, 0x68, 0x00, 0x01, 0x00, 0xFD, 0x00, 0xF6, 0x30, 0xF6, 0x30, 0xF6, 0x30, 0xF6, 0x30,
    0xF6, 0x30, 0xF6, 0x30, 0xF6, 0x30, 0xF6, 0x30, 0xF6, 0x30, 0xF6, 0x30, 0xF6, 0x30, 0xF6, 0x30,
    0x45, 0x1C, 0x41, 0x18, 0x42, 0x18, 0x42, 0x1C, 0x41, 0x1C, 0x40, 0x1C, 0x79, 0x00, 0x30, 0x10,
    0x31, 0x10, 0x32, 0x10, 0x32, 0x14, 0x34, 0x10, 0x35, 0x10, 0x78, 0x00, 0x79, 0x00, 0x78, 0x00,
    0x79, 0x00, 0x78, 0x00, 0x78, 0x00, 0x57, 0x00, 0xB6, 0x00, 0xB7, 0x00, 0xF6, 0x30, 0xF6, 0x30,
    0xF6, 0x30, 0xF6, 0x30, 0xF6, 0x30, 0xF6, 0x30, 0xF6, 0x30, 0xF6, 0x30, 0xF6, 0x30, 0xF6, 0x30,
    0x35, 0x1C, 0x34, 0x1C, 0x32, 0x18, 0x32, 0x1C, 0x31, 0x1C, 0x30, 0x1C, 0x69, 0x00, 0x40, 0x10,
    0x41, 0x10, 0x42, 0x10, 0x42, 0x14, 0x41, 0x14, 0x45, 0x10, 0x68, 0x00, 0x69, 0x00, 0x68, 0x00,
    0x69, 0x00, 0x68, 0x00, 0x69, 0x00, 0x68, 0x00, 0x69, 0x00, 0x68, 0x00, 0x47, 0x00, 0xF6, 0x30,
    0xF6, 0x30, 0xF6, 0x30, 0xF6, 0x30, 0xF6, 0x30, 0xF6, 0x30, 0xF6, 0x30, 0xF6, 0x30, 0xF6, 0x30,
    0x25, 0x1C, 0x24, 0x1C, 0x23, 0x1C, 0x22, 0x1C, 0x21, 0x1C, 0x20, 0x1C, 0x79, 0x00, 0x45, 0x1C,
    0x41, 0x18, 0x42, 0x18, 0x42, 0x1C, 0x41, 0x1C, 0x40, 0x1C, 0x78, 0x00, 0x79, 0x00, 0x78, 0x00,
    0x79, 0x00, 0x78, 0x00, 0x79, 0x00, 0x78, 0x00, 0x79, 0x00, 0x78, 0x00, 0x78, 0x00, 0x57, 0x00,
    0xF6, 0x30, 0xF6, 0x30, 0xF6, 0x30, 0xF6, 0x30, 0xF6, 0x30, 0xF6, 0x30, 0xF6, 0x30, 0xF6, 0x30,
    0x69, 0x00, 0x68, 0x00, 0x69, 0x00, 0x68, 0x00, 0x69, 0x00, 0x68, 0x00, 0x69, 0x00, 0x35, 0x1C,
    0x34, 0x1C, 0x32, 0x18, 0x32, 0x1C, 0x31, 0x1C, 0x30, 0x1C, 0x68, 0x00, 0x69, 0x00, 0x68, 0x00,
    0x69, 0x00, 0x68, 0x00, 0x69, 0x00, 0x68, 0x00, 0x69, 0x00, 0x68, 0x00, 0x69, 0x00, 0x68, 0x00,
    0x47, 0x00, 0xF6, 0x30, 0xF6, 0x30, 0xF6, 0x30, 0xF6, 0x30, 0xF6, 0x30, 0xF6, 0x30, 0xF6, 0x30,
    0x78, 0x00, 0x79, 0x00, 0x78, 0x00, 0x79, 0x00, 0x78, 0x00, 0x79, 0x00, 0x78, 0x00, 0x25, 0x1C,
    0x24, 0x1C, 0x23, 0x1C, 0x22, 0x1C, 0x21, 0x1C, 0x20, 0x1C, 0x78, 0x00, 0x79, 0x00, 0x78, 0x00,
    0x79, 0x00, 0x78, 0x00, 0x79, 0x00, 0x78, 0x00, 0x79, 0x00, 0x78, 0x00, 0x79, 0x00, 0x78, 0x00,
    0x78, 0x00, 0x57, 0x00, 0xF6, 0x30, 0xF6, 0x30, 0xF6, 0x30, 0xF6, 0x30, 0xF6, 0x30, 0xF6, 0x30,
    0x68, 0x00, 0x69, 0x00, 0x68, 0x00, 0x69, 0x00, 0x68, 0x00, 0x17, 0x20, 0x0A, 0x20, 0x0D, 0x20,
    0x0A, 0x20, 0x0D, 0x20, 0x0A, 0x20, 0x0D, 0x20, 0x18, 0x20, 0x69, 0x00, 0x69, 0x00, 0x68, 0x00,
    0x69, 0x00, 0x68, 0x00, 0x69, 0x00, 0x68, 0x00, 0x69, 0x00, 0x68, 0x00, 0x69, 0x00, 0x68, 0x00,
    0x69, 0x00, 0x68, 0x00, 0xD3, 0x00, 0xF6, 0x30, 0xF6, 0x30, 0xF6, 0x30, 0xF6, 0x30, 0xF6, 0x30,
    0x78, 0x00, 0x79, 0x00, 0x78, 0x00, 0x79, 0x00, 0x16, 0x20, 0x27, 0x20, 0x1A, 0x20, 0x1D, 0x20,
    0x1A, 0x20, 0x1D, 0x20, 0x1A, 0x20, 0x1D, 0x20, 0x28, 0x20, 0x19, 0x20, 0x79, 0x00, 0x78, 0x00,
    0x79, 0x00, 0x20, 0x10, 0x21, 0x10, 0x22, 0x10, 0x23, 0x10, 0x24, 0x10, 0x25, 0x10, 0x78, 0x00,
    0x79, 0x00, 0x78, 0x00, 0xE1, 0x00, 0xF6, 0x30, 0xF6, 0x30, 0xF6, 0x30, 0xF6, 0x30, 0xF6, 0x30,
    0x0A, 0x20, 0x0B, 0x20, 0x0C, 0x20, 0x0D, 0x20, 0x26, 0x20, 0x37, 0x20, 0x85, 0x20, 0xBD, 0x20,
    0xC8, 0x20, 0xCB, 0x20, 0xBE, 0x20, 0x85, 0x20, 0x38, 0x20, 0x29, 0x20, 0x0A, 0x20, 0x0F, 0x20,
    0x69, 0x00, 0x30, 0x10, 0x31, 0x10, 0x32, 0x10, 0x32, 0x14, 0x34, 0x10, 0x35, 0x10, 0x68, 0x00,
    0x75, 0x10, 0x68, 0x00, 0xD1, 0x00, 0xF6, 0x30, 0xF6, 0x30, 0xF6, 0x30, 0xF6, 0x30, 0xF6, 0x30,
    0x1A, 0x20, 0x1B, 0x20, 0x1C, 0x20, 0x1D, 0x20, 0x36, 0x20, 0x85, 0x20, 0xBC, 0x20, 0xCD, 0x20,
    0xD8, 0x20, 0xDB, 0x20, 0xCE, 0x20, 0xBF, 0x20, 0x85, 0x20, 0x39, 0x20, 0x1A, 0x20, 0x1F, 0x20,
    0x79, 0x00, 0x40, 0x10, 0x41, 0x10, 0x42, 0x10, 0x42, 0x14, 0x41, 0x14, 0x45, 0x10, 0x78, 0x00,
    0x79, 0x00, 0x78, 0x00, 0xE1, 0x00, 0xF6, 0x30, 0xF6, 0x30, 0xF6, 0x30, 0xF6, 0x30, 0xF6, 0x30,
    0xC8, 0x20, 0xC9, 0x20, 0xCA, 0x20, 0xCB, 0x20, 0xC8, 0x20, 0xCB, 0x20, 0xCC, 0x20, 0xDD, 0x20,
    0xE8, 0x20, 0xEB, 0x20, 0xDE, 0x20, 0xCF, 0x20, 0xC8, 0x20, 0xC9, 0x20, 0xCA, 0x20, 0xC7, 0x20,
    0x69, 0x00, 0x45, 0x1C, 0x41, 0x18, 0x42, 0x18, 0x42, 0x1C, 0x41, 0x1C, 0x40, 0x1C, 0x68, 0x00,
    0x75, 0x10, 0x68, 0x00, 0xD1, 0x00, 0xF6, 0x30, 0xF6, 0x30, 0xF6, 0x30, 0xF6, 0x30, 0xF6, 0x30,
    0xD8, 0x20, 0xD9, 0x20, 0xDA, 0x20, 0xDB, 0x20, 0xD8, 0x20, 0xDB, 0x20, 0xDC, 0x20, 0xED, 0x20,
    0xF6, 0x30, 0xF6, 0x30, 0xEE, 0x20, 0xDF, 0x20, 0xD8, 0x20, 0xD9, 0x20, 0xDA, 0x20, 0xD7, 0x20,
    0x79, 0x00, 0x35, 0x1C, 0x34, 0x1C, 0x32, 0x18, 0x32, 0x1C, 0x31, 0x1C, 0x30, 0x1C, 0x78, 0x00,
    0x79, 0x00, 0x78, 0x00, 0xE1, 0x00, 0xF6, 0x30, 0xF6, 0x30, 0xF6, 0x30, 0xF6, 0x30, 0xF6, 0x30,
    0xE8, 0x20, 0xE9, 0x20, 0xEA, 0x20, 0xEB, 0x20, 0xE8, 0x20, 0xEB, 0x20, 0xEC, 0x20, 0xF6, 0x30,
    0xF6, 0x30, 0xF6, 0x30, 0xF6, 0x30, 0xEF, 0x20, 0xE8, 0x20, 0xE9, 0x20, 0xEA, 0x20, 0xE7, 0x20,
    0x66, 0x00, 0x25, 0x1C, 0x24, 0x1C, 0x23, 0x1C, 0x22, 0x1C, 0x21, 0x1C, 0x20, 0x1C, 0x68, 0x00,
    0x69, 0x00, 0x67, 0x00, 0xF1, 0x00, 0xF6, 0x30, 0xF6, 0x30, 0xF6, 0x30, 0xF6, 0x30, 0xF6, 0x30,
    0xF6, 0x30, 0xF6, 0x30, 0xF6, 0x30, 0xF6, 0x30, 0xF6, 0x30, 0xF6, 0x30, 0xF6, 0x30, 0xF6, 0x30,
    0xF6, 0x30, 0xF6, 0x30, 0xF6, 0x30, 0xF6, 0x30, 0xF6, 0x30, 0xF6, 0x30, 0xF6, 0x30, 0xF6, 0x30,
    0xE2, 0x00, 0x76, 0x00, 0x79, 0x00, 0x78, 0x00, 0x79, 0x00, 0x78, 0x00, 0x79, 0x00, 0x78, 0x00,
    0x77, 0x00, 0xE5, 0x00, 0xF4, 0x00, 0xF6, 0x30, 0xF6, 0x30, 0xF6, 0x30, 0xF6, 0x30, 0xF6, 0x30,
    0xF6, 0x30, 0xF6, 0x30, 0xF6, 0x30, 0xF6, 0x30, 0xF6, 0x30, 0xF6, 0x30, 0xF6, 0x30, 0xF6, 0x30,
    0xF6, 0x30, 0xF6, 0x30, 0xF6, 0x30, 0xF6, 0x30, 0xF6, 0x30, 0xF6, 0x30, 0xF6, 0x30, 0xF6, 0x30,
    0xF2, 0x00, 0xE3, 0x00, 0xB0, 0x00, 0xB1, 0x00, 0xB2, 0x00, 0xB3, 0x00, 0xB4, 0x00, 0xB5, 0x00,
    0xE4, 0x00, 0xF5, 0x00, 0xF6, 0x30, 0xF6, 0x30, 0xF6, 0x30, 0xF6, 0x30, 0xF6, 0x30, 0xF6, 0x30,
    0xF6, 0x30, 0xF6, 0x30, 0xF6, 0x30, 0xF6, 0x30, 0xF6, 0x30, 0xF6, 0x30, 0xF6, 0x30, 0xF6, 0x30,
    0xF6, 0x30, 0xF6, 0x30, 0xF6, 0x30, 0xF6, 0x30, 0xF6, 0x30, 0xF6, 0x30, 0xF6, 0x30, 0xF6, 0x30,
    0xF6, 0x30, 0xF3, 0x00, 0xC0, 0x00, 0xC1, 0x00, 0xC2, 0x00, 0xC3, 0x00, 0xC4, 0x00, 0xC5, 0x00,
    0xF4, 0x00, 0xF6, 0x30, 0xF6, 0x30, 0xF6, 0x30, 0xF6, 0x30, 0xF6, 0x30, 0xF6, 0x30, 0xF6, 0x30,
    0xF6, 0x30, 0xF6, 0x30, 0xF6, 0x30, 0xF6, 0x30, 0xF6, 0x30, 0xF6, 0x30, 0xF6, 0x30, 0xF6, 0x30,
    0xF6, 0x30, 0xF6, 0x30, 0xF6, 0x30, 0xF6, 0x30, 0xF6, 0x30, 0xF6, 0x30, 0xF6, 0x30, 0xF6, 0x30,
    0xF6, 0x30, 0xF6, 0x30, 0xF6, 0x30, 0xF6, 0x30, 0xF6, 0x30, 0xF6, 0x30, 0xF6, 0x30, 0xF6, 0x30,
    0xF6, 0x30, 0xF6, 0x30, 0xF6, 0x30, 0xF6, 0x30, 0xF6, 0x30, 0xF6, 0x30, 0xF6, 0x30, 0xF6, 0x30,
    0xF6, 0x30, 0xF6, 0x30, 0xF6, 0x30, 0xF6, 0x30, 0xF6, 0x30, 0xF6, 0x30, 0xF6, 0x30, 0xF6, 0x30,
    0xF6, 0x30, 0xF6, 0x30, 0xF6, 0x30, 0xF6, 0x30, 0xF6, 0x30, 0xF6, 0x30, 0xF6, 0x30, 0xF6, 0x30,
    0xF6, 0x30, 0xF6, 0x30, 0xF6, 0x30, 0xF6, 0x30, 0xF6, 0x30, 0xF6, 0x30, 0xF6, 0x30, 0xF6, 0x30,
    0xF6, 0x30, 0xF6, 0x30, 0xF6, 0x30, 0xF6, 0x30, 0xF6, 0x30, 0xF6, 0x30, 0xF6, 0x30, 0xF6, 0x30,
    0xF6, 0x30, 0xF6, 0x30, 0xF6, 0x30, 0xF6, 0x30, 0xF6, 0x30, 0xF6, 0x30, 0xF6, 0x30, 0xF6, 0x30,
    0xF6, 0x30, 0xF6, 0x30, 0xF6, 0x30, 0xF6, 0x30, 0xF6, 0x30, 0xF6, 0x30, 0xF6, 0x30, 0xF6, 0x30,
    0xF6, 0x30, 0xF6, 0x30, 0xF6, 0x30, 0xF6, 0x30, 0xF6, 0x30, 0xF6, 0x30, 0xF6, 0x30, 0xF6, 0x30,
    0xF6, 0x30, 0xF6, 0x30, 0xF6, 0x30, 0xF6, 0x30, 0xF6, 0x30, 0xF6, 0x30, 0xF6, 0x30, 0xF6, 0x30,
    0xF6, 0x30, 0xF6, 0x30, 0xF6, 0x30, 0xF6, 0x30, 0xF6, 0x30, 0xF6, 0x30, 0xF6, 0x30, 0xF6, 0x30,
    0xF6, 0x30, 0xF6, 0x30, 0xF6, 0x30, 0xF6, 0x30, 0xF6, 0x30, 0xF6, 0x30, 0xF6, 0x30, 0xF6, 0x30,
    0xF6, 0x30, 0xF6, 0x30, 0xF6, 0x30, 0xF6, 0x30, 0xF6, 0x30, 0xF6, 0x30, 0xF6, 0x30, 0xF6, 0x30,
    0xF6, 0x30, 0xF6, 0x30, 0xF6, 0x30, 0xF6, 0x30, 0xF6, 0x30, 0xF6, 0x30, 0xF6, 0x30, 0xF6, 0x30,
    0xF6, 0x30, 0xF6, 0x30, 0xF6, 0x30, 0xF6, 0x30, 0xF6, 0x30, 0xF6, 0x30, 0xF6, 0x30, 0xF6, 0x30,
    0xF6, 0x30, 0xF6, 0x30, 0xF6, 0x30, 0xF6, 0x30, 0xF6, 0x30, 0xF6, 0x30, 0xF6, 0x30, 0xF6, 0x30,
    0xF6, 0x30, 0xF6, 0x30, 0xF6, 0x30, 0xF6, 0x30, 0xF6, 0x30, 0xF6, 0x30, 0xF6, 0x30, 0xF6, 0x30,
    0xF6, 0x30, 0xF6, 0x30, 0xF6, 0x30, 0xF6, 0x30, 0xF6, 0x30, 0xF6, 0x30, 0xF6, 0x30, 0xF6, 0x30,
    0xF6, 0x30, 0xF6, 0x30, 0xF6, 0x30, 0xF6, 0x30, 0xF6, 0x30, 0xF6, 0x30, 0xB6, 0x00, 0xB7, 0x00,
    0xB8, 0x00, 0xB9, 0x00, 0xBA, 0x00, 0xBB, 0x00, 0xF6, 0x30, 0xF6, 0x30, 0xF6, 0x30, 0xF6, 0x30,
    0xF6, 0x30, 0xF6, 0x30, 0xF6, 0x30, 0xF6, 0x30, 0xF6, 0x30, 0xF6, 0x30, 0xF6, 0x30, 0xF6, 0x30,
    0xF6, 0x30, 0xF6, 0x30, 0xF6, 0x30, 0xF6, 0x30, 0xF6, 0x30, 0xF6, 0x30, 0xF6, 0x30, 0xF6, 0x30,
    0xF6, 0x30, 0xF6, 0x30, 0xF6, 0x30, 0xF6, 0x30, 0xF6, 0x30, 0x46, 0x00, 0x68, 0x00, 0x69, 0x00,
    0x68, 0x00, 0x69, 0x00, 0x68, 0x00, 0x69, 0x00, 0x47, 0x00, 0xF6, 0x30, 0xF6, 0x30, 0xF6, 0x30,
    0xF6, 0x30, 0xF6, 0x30, 0xF6, 0x30, 0xF6, 0x30, 0xF6, 0x30, 0xF6, 0x30, 0xF6, 0x30, 0xF6, 0x30,
    0xF6, 0x30, 0xF6, 0x30, 0xF6, 0x30, 0xF6, 0x30, 0xF6, 0x30, 0xF6, 0x30, 0xF6, 0x30, 0xF6, 0x30,
    0xF6, 0x30, 0xF6, 0x30, 0xF6, 0x30, 0xF6, 0x30, 0x56, 0x00, 0x79, 0x00, 0x78, 0x00, 0x79, 0x00,
    0x78, 0x00, 0x79, 0x00, 0x78, 0x00, 0x79, 0x00, 0x78, 0x00, 0x57, 0x00, 0xF6, 0x30, 0xF6, 0x30,
    0xF6, 0x30, 0xF6, 0x30, 0xF6, 0x30, 0xF6, 0x30, 0xF6, 0x30, 0xF6, 0x30, 0xF6, 0x30, 0xF6, 0x30,
    0xF6, 0x30, 0xF6, 0x30, 0xF6, 0x30, 0xF6, 0x30, 0xF6, 0x30, 0xF6, 0x30, 0xF6, 0x30, 0xF6, 0x30,
    0xF6, 0x30, 0xF6, 0x30, 0xF6, 0x30, 0x46, 0x00, 0x68, 0x00, 0x69, 0x00, 0x68, 0x00, 0x69, 0x00,
    0x68, 0x00, 0x69, 0x00, 0x68, 0x00, 0x69, 0x00, 0x69, 0x00, 0x68, 0x00, 0xD3, 0x00, 0xF6, 0x30,
    0xF6, 0x30, 0xF6, 0x30, 0xF6, 0x30, 0xF6, 0x30, 0xF7, 0x30, 0x11, 0x30, 0x15, 0x30, 0xF6, 0x30,
    0xF6, 0x30, 0xF6, 0x30, 0xF6, 0x30, 0xF6, 0x30, 0xF6, 0x30, 0xF6, 0x30, 0xF6, 0x30, 0xF6, 0x30,
    0xBA, 0x00, 0xBB, 0x00, 0x56, 0x00, 0x79, 0x00, 0x78, 0x00, 0x79, 0x00, 0x78, 0x00, 0x79, 0x00,
    0x78, 0x00, 0x79, 0x00, 0x78, 0x00, 0x79, 0x00, 0x79, 0x00, 0x78, 0x00, 0xE1, 0x00, 0xF6, 0x30,
    0xF6, 0x30, 0xF6, 0x30, 0xF6, 0x30, 0xF6, 0x30, 0x02, 0x30, 0x03, 0x30, 0x04, 0x30, 0xF8, 0x30,
    0xF6, 0x30, 0xF6, 0x30, 0xF6, 0x30, 0xF6, 0x30, 0xF6, 0x30, 0xF6, 0x30, 0xF6, 0x30, 0xF6, 0x30,
    0x68, 0x00, 0x69, 0x00, 0x68, 0x00, 0x69, 0x00, 0x68, 0x00, 0x69, 0x00, 0x68, 0x00, 0x69, 0x00,
    0x20, 0x10, 0x21, 0x10, 0x22, 0x10, 0x23, 0x10, 0x24, 0x10, 0x25, 0x10, 0xE1, 0x00, 0xF6, 0x30,
    0xF6, 0x30, 0xF6, 0x30, 0xF7, 0x30, 0x11, 0x30, 0x12, 0x30, 0x13, 0x30, 0x14, 0x30, 0xF9, 0x30,
    0xF6, 0x30, 0xF6, 0x30, 0xF6, 0x30, 0xF6, 0x30, 0xF6, 0x30, 0xF6, 0x30, 0xF6, 0x30, 0xF6, 0x30,
    0x78, 0x00, 0x79, 0x00, 0x78, 0x00, 0x79, 0x00, 0x78, 0x00, 0x79, 0x00, 0x78, 0x00, 0x79, 0x00,
    0x30, 0x10, 0x31, 0x10, 0x32, 0x10, 0x32, 0x14, 0x34, 0x10, 0x35, 0x10, 0xD1, 0x00, 0xF6, 0x30,
    0xF6, 0x30, 0xF6, 0x30, 0x02, 0x30, 0x03, 0x30, 0x04, 0x30, 0x05, 0x30, 0xFA, 0x30, 0xFB, 0x00,
    0xF6, 0x30, 0xF6, 0x30, 0xF6, 0x30, 0xF6, 0x30, 0xF6, 0x30, 0xF6, 0x30, 0xF6, 0x30, 0xF6, 0x30,
    0x68, 0x00, 0x69, 0x00, 0x68, 0x00, 0x69, 0x00, 0x68, 0x00, 0x69, 0x00, 0x68, 0x00, 0x69, 0x00,
    0x40, 0x10, 0x41, 0x10, 0x42, 0x10, 0x42, 0x14, 0x41, 0x14, 0x45, 0x10, 0x47, 0x00, 0xF6, 0x30,
    0xF7, 0x30, 0x11, 0x30, 0x12, 0x30, 0x13, 0x30, 0x14, 0x30, 0xF9, 0x30, 0xFC, 0x00, 0xFD, 0x00,
    0xF6, 0x30, 0xF6, 0x30, 0xF6, 0x30, 0xF6, 0x30, 0xF6, 0x30, 0xF6, 0x30, 0xF6, 0x30, 0xF6, 0x30,
    0x78, 0x00, 0x79, 0x00, 0x78, 0x00, 0x79, 0x00, 0x78, 0x00, 0x79, 0x00, 0x78, 0x00, 0x79, 0x00,
    0x45, 0x1C, 0x41, 0x18, 0x42, 0x18, 0x49, 0x1C, 0x48, 0x1C, 0x40, 0x1C, 0x78, 0x00, 0x57, 0x00,
    0x02, 0x30, 0x03, 0x30, 0x04, 0x30, 0x05, 0x30, 0xFA, 0x30, 0xFB, 0x00, 0xF6, 0x30, 0xF6, 0x30,
    0xF6, 0x30, 0xF6, 0x30, 0xF6, 0x30, 0xF6, 0x30, 0xF6, 0x30, 0xF6, 0x30, 0xF6, 0x30, 0xF6, 0x30,
    0x68, 0x00, 0x69, 0x00, 0x68, 0x00, 0x69, 0x00, 0x68, 0x00, 0x69, 0x00, 0x68, 0x00, 0x69, 0x00,
    0x35, 0x1C, 0x34, 0x1C, 0x3C, 0x18, 0x3D, 0x18, 0x2D, 0x14, 0x6F, 0x10, 0x24, 0x10, 0x25, 0x10,
    0x00, 0x30, 0x13, 0x30, 0x14, 0x30, 0xF9, 0x30, 0xFC, 0x00, 0xFD, 0x00, 0xF6, 0x30, 0xF6, 0x30,
    0xF6, 0x30, 0xF6, 0x30, 0xF6, 0x30, 0xF6, 0x30, 0xF6, 0x30, 0xF6, 0x30, 0xF6, 0x30, 0xF6, 0x30,
    0x78, 0x00, 0x79, 0x00, 0x78, 0x00, 0x79, 0x00, 0x78, 0x00, 0x79, 0x00, 0x78, 0x00, 0x79, 0x00,
    0x25, 0x1C, 0x24, 0x1C, 0x6F, 0x1C, 0x2D, 0x18, 0x3D, 0x14, 0x3C, 0x14, 0x34, 0x10, 0x35, 0x10,
    0x25, 0x10, 0x10, 0x30, 0xFA, 0x30, 0xFB, 0x00, 0xF6, 0x30, 0xF6, 0x30, 0xF6, 0x30, 0xF6, 0x30,
    0xF6, 0x30, 0xF6, 0x30, 0xF6, 0x30, 0xF6, 0x30, 0xF6, 0x30, 0xF6, 0x30, 0xF6, 0x30, 0xF6, 0x30,
    0x68, 0x00, 0x69, 0x00, 0x68, 0x00, 0x69, 0x00, 0x68, 0x00, 0x69, 0x00, 0x68, 0x00, 0x69, 0x00,
    0x68, 0x00, 0x69, 0x00, 0x40, 0x10, 0x48, 0x10, 0x49, 0x10, 0x42, 0x14, 0x41, 0x14, 0x45, 0x10,
    0x69, 0x00, 0x68, 0x00, 0x01, 0x00, 0xFD, 0x00, 0xF6, 0x30, 0xF6, 0x30, 0xF6, 0x30, 0xF6, 0x30,
    0xF6, 0x30, 0xF6, 0x30, 0xF6, 0x30, 0xF6, 0x30, 0xF6, 0x30, 0xF6, 0x30, 0xF6, 0x30, 0xF6, 0x30,
    0x78, 0x00, 0x79, 0x00, 0x78, 0x00, 0x79, 0x00, 0x78, 0x00, 0x79, 0x00, 0x78, 0x00, 0x79, 0x00,
    0x78, 0x00, 0x79, 0x00, 0x45, 0x1C, 0x41, 0x18, 0x42, 0x18, 0x42, 0x1C, 0x41, 0x1C, 0x40, 0x1C,
    0x79, 0x00, 0x78, 0x00, 0x78, 0x00, 0x57, 0x00, 0xF6, 0x30, 0xF6, 0x30, 0xF6, 0x30, 0xF6, 0x30,
    0xF6, 0x30, 0xF6, 0x30, 0xF6, 0x30, 0xF6, 0x30, 0xF6, 0x30, 0xF6, 0x30, 0xF6, 0x30, 0xF6, 0x30,
    0x68, 0x00, 0x69, 0x00, 0x20, 0x10, 0x21, 0x10, 0x22, 0x10, 0x23, 0x10, 0x24, 0x10, 0x25, 0x10,
    0x68, 0x00, 0x69, 0x00, 0x35, 0x1C, 0x34, 0x1C, 0x32, 0x18, 0x32, 0x1C, 0x31, 0x1C, 0x30, 0x1C,
    0x69, 0x00, 0x68, 0x00, 0x69, 0x00, 0x68, 0x00, 0xD3, 0x00, 0xF6, 0x30, 0xF6, 0x30, 0xF6, 0x30,
    0xF6, 0x30, 0xF6, 0x30, 0xF6, 0x30, 0xF6, 0x30, 0xF6, 0x30, 0xF6, 0x30, 0xF6, 0x30, 0xF6, 0x30,
    0x78, 0x00, 0x79, 0x00, 0x30, 0x10, 0x31, 0x10, 0x32, 0x10, 0x32, 0x14, 0x34, 0x10, 0x35, 0x10,
    0x78, 0x00, 0x79, 0x00, 0x25, 0x1C, 0x24, 0x1C, 0x23, 0x1C, 0x22, 0x1C, 0x21, 0x1C, 0x20, 0x1C,
    0x79, 0x00, 0x78, 0x00, 0x79, 0x00, 0x78, 0x00, 0xE1, 0x00, 0xF6, 0x30, 0xF6, 0x30, 0xF6, 0x30,
    0xBA, 0x00, 0xBB, 0x00, 0xF6, 0x30, 0xF6, 0x30, 0xF6, 0x30, 0xF6, 0x30, 0xF6, 0x30, 0xF6, 0x30,
    0x68, 0x00, 0x69, 0x00, 0x40, 0x10, 0x41, 0x10, 0x42, 0x10, 0x42, 0x14, 0x41, 0x14, 0x45, 0x10,
    0x68, 0x00, 0x69, 0x00, 0x68, 0x00, 0x69, 0x00, 0x68, 0x00, 0x69, 0x00, 0x68, 0x00, 0x69, 0x00,
    0x69, 0x00, 0x68, 0x00, 0x68, 0x00, 0x81, 0x30, 0x86, 0x00, 0xF7, 0x34, 0xF6, 0x30, 0x46, 0x00,
    0x78, 0x00, 0x79, 0x00, 0x47, 0x00, 0xF6, 0x30, 0xF6, 0x30, 0xF6, 0x30, 0xF6, 0x30, 0xF6, 0x30,
    0x78, 0x00, 0x79, 0x00, 0x45, 0x1C, 0x41, 0x18, 0x42, 0x18, 0x42, 0x1C, 0x41, 0x1C, 0x40, 0x1C,
    0x78, 0x00, 0x79, 0x00, 0x78, 0x00, 0x79, 0x00, 0x78, 0x00, 0x79, 0x00, 0x78, 0x00, 0x79, 0x00,
    0x79, 0x00, 0x78, 0x00, 0x80, 0x30, 0x04, 0x34, 0x03, 0x34, 0x02, 0x34, 0x56, 0x00, 0x21, 0x10,
    0x22, 0x10, 0x23, 0x10, 0x24, 0x10, 0x57, 0x00, 0xF6, 0x30, 0xF6, 0x30, 0xF6, 0x30, 0xF6, 0x30,
    0x68, 0x00, 0x69, 0x00, 0x35, 0x1C, 0x34, 0x1C, 0x32, 0x18, 0x32, 0x1C, 0x31, 0x1C, 0x30, 0x1C,
    0x68, 0x00, 0x69, 0x00, 0x68, 0x00, 0x69, 0x00, 0x68, 0x00, 0x69, 0x00, 0x68, 0x00, 0x69, 0x00,
    0x69, 0x00, 0x67, 0x00, 0x97, 0x30, 0x14, 0x34, 0x13, 0x34, 0x84, 0x30, 0x30, 0x10, 0x31, 0x10,
    0x32, 0x10, 0x32, 0x14, 0x34, 0x10, 0x35, 0x10, 0xD3, 0x00, 0xF6, 0x30, 0xF6, 0x30, 0xF6, 0x30,
    0x78, 0x00, 0x79, 0x00, 0x25, 0x1C, 0x24, 0x1C, 0x23, 0x1C, 0x22, 0x1C, 0x21, 0x1C, 0x20, 0x1C,
    0x78, 0x00, 0x79, 0x00, 0x78, 0x00, 0x79, 0x00, 0x78, 0x00, 0x79, 0x00, 0x78, 0x00, 0x79, 0x00,
    0x77, 0x00, 0xE5, 0x00, 0xA7, 0x00, 0xFA, 0x34, 0x83, 0x30, 0x79, 0x00, 0x40, 0x10, 0x41, 0x10,
    0x42, 0x10, 0x42, 0x14, 0x41, 0x14, 0x45, 0x10, 0xE1, 0x00, 0xF6, 0x30, 0xF6, 0x30, 0xF6, 0x30,
    0x0A, 0x20, 0x0B, 0x20, 0x0C, 0x20, 0x0F, 0x20, 0x68, 0x00, 0x69, 0x00, 0x68, 0x00, 0x69, 0x00,
    0x68, 0x00, 0x69, 0x00, 0x68, 0x00, 0x69, 0x00, 0x68, 0x00, 0x69, 0x00, 0x68, 0x00, 0x67, 0x00,
    0xE4, 0x00, 0xF5, 0x00, 0xFD, 0x04, 0xFF, 0x00, 0x68, 0x00, 0x69, 0x00, 0x45, 0x1C, 0x41, 0x18,
    0x42, 0x18, 0x42, 0x1C, 0x41, 0x1C, 0x40, 0x1C, 0xD1, 0x00, 0xF6, 0x30, 0xF6, 0x30, 0xF6, 0x30,
    0x1A, 0x20, 0x1B, 0x20, 0x1C, 0x20, 0x1F, 0x20, 0x78, 0x00, 0x79, 0x00, 0x78, 0x00, 0x79, 0x00,
    0x78, 0x00, 0x79, 0x00, 0x78, 0x00, 0x79, 0x00, 0x78, 0x00, 0x79, 0x00, 0x77, 0x00, 0xE5, 0x00,
    0xF4, 0x00, 0xF6, 0x30, 0xF6, 0x30, 0xE0, 0x00, 0x78, 0x00, 0x79, 0x00, 0x35, 0x1C, 0x34, 0x1C,
    0x32, 0x18, 0x32, 0x1C, 0x31, 0x1C, 0x30, 0x1C, 0xE1, 0x00, 0xF6, 0x30, 0xF6, 0x30, 0xF6, 0x30,
    0xC8, 0x20, 0xC9, 0x20, 0xCA, 0x20, 0xC7, 0x20, 0x68, 0x00, 0x69, 0x00, 0x68, 0x00, 0x69, 0x00,
    0x68, 0x00, 0x69, 0x00, 0x68, 0x00, 0x69, 0x00, 0x68, 0x00, 0x69, 0x00, 0xD4, 0x00, 0xF4, 0x00,
    0xF6, 0x30, 0xF6, 0x30, 0xF6, 0x30, 0xD0, 0x00, 0x68, 0x00, 0x69, 0x00, 0x25, 0x1C, 0x24, 0x1C,
    0x23, 0x1C, 0x22, 0x1C, 0x21, 0x1C, 0x67, 0x00, 0xF1, 0x00, 0xF6, 0x30, 0xF6, 0x30, 0xF6, 0x30,
    0xD8, 0x20, 0xD9, 0x20, 0xDA, 0x20, 0xD7, 0x20, 0x78, 0x00, 0x79, 0x00, 0x78, 0x00, 0x79, 0x00,
    0x78, 0x00, 0x79, 0x00, 0x78, 0x00, 0x79, 0x00, 0x78, 0x00, 0x79, 0x00, 0xE1, 0x00, 0xF6, 0x30,
    0xF6, 0x30, 0xF6, 0x30, 0xF6, 0x30, 0xE0, 0x00, 0x78, 0x00, 0x79, 0x00, 0x78, 0x00, 0x79, 0x00,
    0x68, 0x00, 0x69, 0x00, 0x77, 0x00, 0xE5, 0x00, 0xF4, 0x00, 0xF6, 0x30, 0xF6, 0x30, 0xF6, 0x30,
    0xE8, 0x20, 0xE9, 0x20, 0xEA, 0x20, 0xE7, 0x20, 0x66, 0x00, 0x69, 0x00, 0x68, 0x00, 0x69, 0x00,
    0x68, 0x00, 0x69, 0x00, 0x68, 0x00, 0x69, 0x00, 0x69, 0x00, 0x67, 0x00, 0xF1, 0x00, 0xF6, 0x30,
    0xF6, 0x30, 0xF6, 0x30, 0xF6, 0x30, 0xF0, 0x00, 0x66, 0x00, 0x69, 0x00, 0x68, 0x00, 0x69, 0x00,
    0x69, 0x00, 0x67, 0x00, 0xE4, 0x00, 0xF5, 0x00, 0xF6, 0x30, 0xF6, 0x30, 0xF6, 0x30, 0xF6, 0x30,
    0xF6, 0x30, 0xF6, 0x30, 0xF6, 0x30, 0xF6, 0x30, 0xE2, 0x00, 0x76, 0x00, 0x78, 0x00, 0x79, 0x00,
    0x78, 0x00, 0x79, 0x00, 0x78, 0x00, 0x79, 0x00, 0x77, 0x00, 0xE5, 0x00, 0xF4, 0x00, 0xF6, 0x30,
    0xF6, 0x30, 0xF6, 0x30, 0xF6, 0x30, 0xF3, 0x00, 0xE2, 0x00, 0x76, 0x00, 0x78, 0x00, 0x79, 0x00,
    0x77, 0x00, 0xE5, 0x00, 0xF4, 0x00, 0xF6, 0x30, 0xF6, 0x30, 0xF6, 0x30, 0xF6, 0x30, 0xF6, 0x30,
    0xF6, 0x30, 0xF6, 0x30, 0xF6, 0x30, 0xF6, 0x30, 0xF2, 0x00, 0xE3, 0x00, 0xB0, 0x00, 0xB1, 0x00,
    0xB2, 0x00, 0xB3, 0x00, 0xB4, 0x00, 0xB5, 0x00, 0xE4, 0x00, 0xF5, 0x00, 0xF6, 0x30, 0xF6, 0x30,
    0xF6, 0x30, 0xF6, 0x30, 0xF6, 0x30, 0xF6, 0x30, 0xF2, 0x00, 0xE3, 0x00, 0xB4, 0x00, 0xB5, 0x00,
    0xE4, 0x00, 0xF5, 0x00, 0xF6, 0x30, 0xF6, 0x30, 0xF6, 0x30, 0xF6, 0x30, 0xF6, 0x30, 0xF6, 0x30,
    0xF6, 0x30, 0xF6, 0x30, 0xF6, 0x30, 0xF6, 0x30, 0xF6, 0x30, 0xF3, 0x00, 0xC0, 0x00, 0xC1, 0x00,
    0xC2, 0x00, 0xC3, 0x00, 0xC4, 0x00, 0xC5, 0x00, 0xF4, 0x00, 0xF6, 0x30, 0xF6, 0x30, 0xF6, 0x30,
    0xF6, 0x30, 0xF6, 0x30, 0xF6, 0x30, 0xF6, 0x30, 0xF6, 0x30, 0xF3, 0x00, 0xC4, 0x00, 0xC5, 0x00,
    0xF4, 0x00, 0xF6, 0x30, 0xF6, 0x30, 0xF6, 0x30, 0xF6, 0x30, 0xF6, 0x30, 0xF6, 0x30, 0xF6, 0x30,
    0xF6, 0x30, 0xF6, 0x30, 0xF6, 0x30, 0xF6, 0x30, 0xF6, 0x30, 0xF6, 0x30, 0xF6, 0x30, 0xF6, 0x30,
    0xF6, 0x30, 0xF6, 0x30, 0xF6, 0x30, 0xF6, 0x30, 0xF6, 0x30, 0xF6, 0x30, 0xF6, 0x30, 0xF6, 0x30,
    0xF6, 0x30, 0xF6, 0x30, 0xF6, 0x30, 0xF6, 0x30, 0xF6, 0x30, 0xF6, 0x30, 0xF6, 0x30, 0xF6, 0x30,
    0xF6, 0x30, 0xF6, 0x30, 0xF6, 0x30, 0xF6, 0x30, 0xF6, 0x30, 0xF6, 0x30, 0xF6, 0x30, 0xF6, 0x30,
    0xF6, 0x30, 0xF6, 0x30, 0xF6, 0x30, 0xF6, 0x30, 0xF6, 0x30, 0xF6, 0x30, 0xF6, 0x30, 0xF6, 0x30,
    0xF6, 0x30, 0xF6, 0x30, 0xF6, 0x30, 0xF6, 0x30, 0xF6, 0x30, 0xF6, 0x30, 0xF6, 0x30, 0xF6, 0x30,
    0xF6, 0x30, 0xF6, 0x30, 0xF6, 0x30, 0xF6, 0x30, 0xF6, 0x30, 0xF6, 0x30, 0xF6, 0x30, 0xF6, 0x30,
    0xF6, 0x30, 0xF6, 0x30, 0xF6, 0x30, 0xF6, 0x30, 0xF6, 0x30, 0xF6, 0x30, 0xF6, 0x30, 0xF6, 0x30,
    0xF6, 0x30, 0xF6, 0x30, 0xF6, 0x30, 0xF6, 0x30, 0xF6, 0x30, 0xF6, 0x30, 0xF6, 0x30, 0xF6, 0x30,
    0xF6, 0x30, 0xF6, 0x30, 0xF6, 0x30, 0xF6, 0x30, 0xF6, 0x30, 0xF6, 0x30, 0xF6, 0x30, 0xF6, 0x30,
    0xF6, 0x30, 0xF6, 0x30, 0xF6, 0x30, 0xF6, 0x30, 0xF6, 0x30, 0xF6, 0x30, 0xF6, 0x30, 0xF6, 0x30,
    0xF6, 0x30, 0xF6, 0x30, 0xF6, 0x30, 0xF6, 0x30, 0xF6, 0x30, 0xF6, 0x30, 0xF6, 0x30, 0xF6, 0x30,
    0xF6, 0x30, 0xF6, 0x30, 0xF6, 0x30, 0xF6, 0x30, 0xF6, 0x30, 0xF6, 0x30, 0xF6, 0x30, 0xF6, 0x30,
    0xF6, 0x30, 0xF6, 0x30, 0xF6, 0x30, 0xF6, 0x30, 0xF6, 0x30, 0xF6, 0x30, 0xF6, 0x30, 0xF6, 0x30,
    0xF6, 0x30, 0xF6, 0x30, 0xF6, 0x30, 0xF6, 0x30, 0xF6, 0x30, 0xF6, 0x30, 0xF6, 0x30, 0xF6, 0x30,
    0xF6, 0x30, 0xF6, 0x30, 0xF6, 0x30, 0xF6, 0x30, 0xF6, 0x30, 0xF6, 0x30, 0xF6, 0x30, 0xF6, 0x30,
    0xF6, 0x30, 0xF6, 0x30, 0xF6, 0x30, 0xF6, 0x30, 0xF6, 0x30, 0xF6, 0x30, 0xF6, 0x30, 0xF6, 0x30,
    0xF6, 0x30, 0xF6, 0x30, 0xF6, 0x30, 0xF6, 0x30, 0xF6, 0x30, 0xF6, 0x30, 0xF6, 0x30, 0xF6, 0x30,
    0xF6, 0x30, 0xF6, 0x30, 0xF6, 0x30, 0xF6, 0x30, 0xF6, 0x30, 0xF6, 0x30, 0xF6, 0x30, 0xF6, 0x30,
    0xF6, 0x30, 0xF6, 0x30, 0xF6, 0x30, 0xF6, 0x30, 0xF6, 0x30, 0xF6, 0x30, 0xF6, 0x30, 0xF6, 0x30,
    0xF6, 0x30, 0xF6, 0x30, 0xF6, 0x30, 0xF6, 0x30, 0xB6, 0x00, 0xB7, 0x00, 0xB8, 0x00, 0xB9, 0x00,
    0xBA, 0x00, 0xBB, 0x00, 0xF6, 0x30, 0xF6, 0x30, 0xF6, 0x30, 0xF6, 0x30, 0xF6, 0x30, 0xF6, 0x30,
    0xF6, 0x30, 0xF6, 0x30, 0xF6, 0x30, 0xF6, 0x30, 0xF6, 0x30, 0xF6, 0x30, 0xF6, 0x30, 0xF6, 0x30,
    0xF6, 0x30, 0xF6, 0x30, 0xF6, 0x30, 0xF6, 0x30, 0xF6, 0x30, 0xF6, 0x30, 0xF6, 0x30, 0xF6, 0x30,
    0xF6, 0x30, 0xF6, 0x30, 0xF6, 0x30, 0x46, 0x00, 0x68, 0x00, 0x69, 0x00, 0x68, 0x00, 0x69, 0x00,
    0x68, 0x00, 0x69, 0x00, 0x47, 0x00, 0xF6, 0x30, 0xF6, 0x30, 0xF6, 0x30, 0xF6, 0x30, 0xF6, 0x30,
    0xF6, 0x30, 0xF6, 0x30, 0xF6, 0x30, 0xF6, 0x30, 0xF6, 0x30, 0xF6, 0x30, 0xF6, 0x30, 0xF6, 0x30,
    0xF6, 0x30, 0xF6, 0x30, 0xF6, 0x30, 0xF6, 0x30, 0xF6, 0x30, 0xF6, 0x30, 0xF6, 0x30, 0xF6, 0x30,
    0xF6, 0x30, 0xF6, 0x30, 0x56, 0x00, 0x79, 0x00, 0x78, 0x00, 0x79, 0x00, 0x78, 0x00, 0x79, 0x00,
    0x78, 0x00, 0x79, 0x00, 0x78, 0x00, 0x57, 0x00, 0xF6, 0x30, 0xF6, 0x30, 0xF6, 0x30, 0xF6, 0x30,
    0xF6, 0x30, 0xF6, 0x30, 0xF6, 0x30, 0xF6, 0x30, 0xF6, 0x30, 0xF6, 0x30, 0xF6, 0x30, 0xF6, 0x30,
    0xF6, 0x30, 0xF6, 0x30, 0xF6, 0x30, 0xF6, 0x30, 0xF6, 0x30, 0xF6, 0x30, 0xF6, 0x30, 0xF6, 0x30,
    0xF6, 0x30, 0xD2, 0x00, 0x68, 0x00, 0x69, 0x00, 0x68, 0x00, 0x69, 0x00, 0x68, 0x00, 0x69, 0x00,
    0x68, 0x00, 0x69, 0x00, 0x68, 0x00, 0x69, 0x00, 0xD3, 0x00, 0xF6, 0x30, 0xF6, 0x30, 0xF6, 0x30,
    0xF6, 0x30, 0xF6, 0x30, 0xF6, 0x30, 0xF6, 0x30, 0xF7, 0x30, 0x11, 0x30, 0x15, 0x30, 0xF6, 0x30,
    0xF6, 0x30, 0xF6, 0x30, 0xF6, 0x30, 0xF6, 0x30, 0xF6, 0x30, 0xF6, 0x30, 0xF6, 0x30, 0xF6, 0x30,
    0xBA, 0x00, 0xFE, 0x00, 0x78, 0x00, 0x79, 0x00, 0x78, 0x00, 0x79, 0x00, 0x78, 0x00, 0x79, 0x00,
    0x78, 0x00, 0x79, 0x00, 0x78, 0x00, 0x79, 0x00, 0xE1, 0x00, 0xF6, 0x30, 0xF6, 0x30, 0xF6, 0x30,
    0xF6, 0x30, 0xF6, 0x30, 0xF6, 0x30, 0xF6, 0x30, 0x02, 0x30, 0x03, 0x30, 0x04, 0x30, 0xF8, 0x30,
    0xF6, 0x30, 0xF6, 0x30, 0xF6, 0x30, 0xF6, 0x30, 0xF6, 0x30, 0xF6, 0x30, 0xF6, 0x30, 0xF6, 0x30,
    0x68, 0x00, 0x69, 0x00, 0x68, 0x00, 0x69, 0x00, 0x68, 0x00, 0x69, 0x00, 0x68, 0x00, 0x69, 0x00,
    0x68, 0x00, 0x69, 0x00, 0x68, 0x00, 0x69, 0x00, 0xE1, 0x00, 0xF6, 0x30, 0xF6, 0x30, 0xF6, 0x30,
    0xF6, 0x30, 0xF6, 0x30, 0xF7, 0x30, 0x11, 0x30, 0x12, 0x30, 0x13, 0x30, 0x14, 0x30, 0xF9, 0x30,
    0xF6, 0x30, 0xF6, 0x30, 0xF6, 0x30, 0xF6, 0x30, 0xF6, 0x30, 0xF6, 0x30, 0xF6, 0x30, 0xF6, 0x30,
    0x78, 0x00, 0x79, 0x00, 0x78, 0x00, 0x79, 0x00, 0x78, 0x00, 0x79, 0x00, 0x78, 0x00, 0x79, 0x00,
    0x78, 0x00, 0x79, 0x00, 0x78, 0x00, 0x79, 0x00, 0xD1, 0x00, 0xF6, 0x30, 0xF6, 0x30, 0xF6, 0x30,
    0xF6, 0x30, 0xF6, 0x30, 0x02, 0x30, 0x03, 0x30, 0x04, 0x30, 0x05, 0x30, 0xFA, 0x30, 0xFB, 0x00,
    0xF6, 0x30, 0xF6, 0x30, 0xF6, 0x30, 0xF6, 0x30, 0xF6, 0x30, 0xF6, 0x30, 0xF6, 0x30, 0xF6, 0x30,
    0x68, 0x00, 0x69, 0x00, 0x68, 0x00, 0x69, 0x00, 0x68, 0x00, 0x69, 0x00, 0x68, 0x00, 0x69, 0x00,
    0x68, 0x00, 0x69, 0x00, 0x68, 0x00, 0x69, 0x00, 0x47, 0x00, 0xF6, 0x30, 0xF6, 0x30, 0xF6, 0x30,
    0xF7, 0x30, 0x11, 0x30, 0x12, 0x30, 0x13, 0x30, 0x14, 0x30, 0xF9, 0x30, 0xFC, 0x00, 0xFD, 0x00,
    0xF6, 0x30, 0xF6, 0x30, 0xF6, 0x30, 0xF6, 0x30, 0xF6, 0x30, 0xF6, 0x30, 0xF6, 0x30, 0xF6, 0x30,
    0x78, 0x00, 0x79, 0x00, 0x78, 0x00, 0x79, 0x00, 0x20, 0x10, 0x21, 0x10, 0x22, 0x10, 0x23, 0x10,
    0x24, 0x10, 0x25, 0x10, 0x78, 0x00, 0x79, 0x00, 0x78, 0x00, 0x57, 0x00, 0xBA, 0x00, 0xBB, 0x00,
    0x02, 0x30, 0x03, 0x30, 0x04, 0x30, 0x05, 0x30, 0xFA, 0x30, 0xFB, 0x00, 0xF6, 0x30, 0xF6, 0x30,
    0xF6, 0x30, 0xF6, 0x30, 0xF6, 0x30, 0xF6, 0x30, 0xF6, 0x30, 0xF6, 0x30, 0xF6, 0x30, 0xF6, 0x30,
    0x68, 0x00, 0x69, 0x00, 0x68, 0x00, 0x69, 0x00, 0x30, 0x10, 0x31, 0x10, 0x32, 0x10, 0x32, 0x14,
    0x34, 0x10, 0x35, 0x10, 0x68, 0x00, 0x69, 0x00, 0x68, 0x00, 0x69, 0x00, 0x68, 0x00, 0x69, 0x00,
    0x00, 0x30, 0x13, 0x30, 0x14, 0x30, 0xF9, 0x30, 0xFC, 0x00, 0xFD, 0x00, 0xF6, 0x30, 0xF6, 0x30,
    0xF6, 0x30, 0xF6, 0x30, 0xF6, 0x30, 0xF6, 0x30, 0xF6, 0x30, 0xF6, 0x30, 0xF6, 0x30, 0xF6, 0x30,
    0x78, 0x00, 0x79, 0x00, 0x78, 0x00, 0x79, 0x00, 0x40, 0x10, 0x41, 0x10, 0x42, 0x10, 0x42, 0x14,
    0x41, 0x14, 0x45, 0x10, 0x78, 0x00, 0x79, 0x00, 0x78, 0x00, 0x79, 0x00, 0x78, 0x00, 0x79, 0x00,
    0x25, 0x10, 0x10, 0x30, 0xFA, 0x30, 0xFB, 0x00, 0xF6, 0x30, 0xF6, 0x30, 0xF6, 0x30, 0xF6, 0x30,
    0xF6, 0x30, 0xF6, 0x30, 0xF6, 0x30, 0xF6, 0x30, 0xF6, 0x30, 0xF6, 0x30, 0xF6, 0x30, 0xF6, 0x30,
    0x68, 0x00, 0x69, 0x00, 0x68, 0x00, 0x69, 0x00, 0x45, 0x1C, 0x41, 0x18, 0x42, 0x18, 0x49, 0x1C,
    0x48, 0x1C, 0x40, 0x1C, 0x68, 0x00, 0x69, 0x00, 0x68, 0x00, 0x69, 0x00, 0x68, 0x00, 0x69, 0x00,
    0x69, 0x00, 0x68, 0x00, 0x01, 0x00, 0xFD, 0x00, 0xF6, 0x30, 0xF6, 0x30, 0xF6, 0x30, 0xF6, 0x30,
    0xF6, 0x30, 0xF6, 0x30, 0xF6, 0x30, 0xF6, 0x30, 0xF6, 0x30, 0xF6, 0x30, 0xF6, 0x30, 0xF6, 0x30,
    0x78, 0x00, 0x79, 0x00, 0x78, 0x00, 0x79, 0x00, 0x35, 0x1C, 0x34, 0x1C, 0x3C, 0x18, 0x3D, 0x18,
    0x2D, 0x14, 0x6F, 0x10, 0x2A, 0x10, 0x2B, 0x10, 0x22, 0x10, 0x23, 0x10, 0x24, 0x10, 0x25, 0x10,
    0x79, 0x00, 0x78, 0x00, 0x78, 0x00, 0x57, 0x00, 0xF6, 0x30, 0xF6, 0x30, 0xF6, 0x30, 0xF6, 0x30,
    0xBA, 0x00, 0xBB, 0x00, 0xF6, 0x30, 0xF6, 0x30, 0xF6, 0x30, 0xF6, 0x30, 0xF6, 0x30, 0xF6, 0x30,
    0x68, 0x00, 0x69, 0x00, 0x68, 0x00, 0x69, 0x00, 0x25, 0x1C, 0x24, 0x1C, 0x6F, 0x1C, 0x2D, 0x18,
    0x3D, 0x14, 0x3C, 0x14, 0x3A, 0x10, 0x3B, 0x10, 0x32, 0x10, 0x32, 0x14, 0x34, 0x10, 0x35, 0x10,
    0x69, 0x00, 0x68, 0x00, 0x69, 0x00, 0x68, 0x00, 0x47, 0x00, 0xF6, 0x30, 0xF6, 0x30, 0x46, 0x00,
    0x69, 0x00, 0x68, 0x00, 0x47, 0x00, 0xF6, 0x30, 0xF6, 0x30, 0xF6, 0x30, 0xF6, 0x30, 0xF6, 0x30,
    0x78, 0x00, 0x79, 0x00, 0x78, 0x00, 0x79, 0x00, 0x78, 0x00, 0x79, 0x00, 0x40, 0x10, 0x48, 0x10,
    0x49, 0x10, 0x4A, 0x10, 0x4B, 0x10, 0x4B, 0x14, 0x4A, 0x14, 0x42, 0x14, 0x41, 0x14, 0x45, 0x10,
    0x79, 0x00, 0x78, 0x00, 0x79, 0x00, 0x78, 0x00, 0x78, 0x00, 0x57, 0x00, 0x56, 0x00, 0x79, 0x00,
    0x79, 0x00, 0x78, 0x00, 0x78, 0x00, 0x57, 0x00, 0xF6, 0x30, 0xF6, 0x30, 0xF6, 0x30, 0xF6, 0x30,
    0x68, 0x00, 0x69, 0x00, 0x68, 0x00, 0x69, 0x00, 0x68, 0x00, 0x69, 0x00, 0x45, 0x1C, 0x41, 0x18,
    0x42, 0x18, 0x4A, 0x18, 0x4B, 0x18, 0x4B, 0x1C, 0x4A, 0x1C, 0x42, 0x1C, 0x41, 0x1C, 0x40, 0x1C,
    0x69, 0x00, 0x68, 0x00, 0x69, 0x00, 0x68, 0x00, 0x69, 0x00, 0x68, 0x00, 0x69, 0x00, 0x68, 0x00,
    0x69, 0x00, 0x68, 0x00, 0x69, 0x00, 0x68, 0x00, 0xD3, 0x00, 0xF6, 0x30, 0xF6, 0x30, 0xF6, 0x30,
    0x78, 0x00, 0x79, 0x00, 0x78, 0x00, 0x79, 0x00, 0x78, 0x00, 0x79, 0x00, 0x35, 0x1C, 0x34, 0x1C,
    0x32, 0x18, 0x32, 0x1C, 0x3B, 0x1C, 0x3A, 0x1C, 0x32, 0x18, 0x32, 0x1C, 0x31, 0x1C, 0x30, 0x1C,
    0x79, 0x00, 0x78, 0x00, 0x79, 0x00, 0x78, 0x00, 0x79, 0x00, 0x78, 0x00, 0x79, 0x00, 0x78, 0x00,
    0x79, 0x00, 0x78, 0x00, 0x79, 0x00, 0x78, 0x00, 0xE1, 0x00, 0xF6, 0x30, 0xF6, 0x30, 0xF6, 0x30,
    0x68, 0x00, 0x69, 0x00, 0x68, 0x00, 0x69, 0x00, 0x68, 0x00, 0x69, 0x00, 0x25, 0x1C, 0x24, 0x1C,
    0x23, 0x1C, 0x22, 0x1C, 0x2B, 0x1C, 0x2A, 0x1C, 0x23, 0x1C, 0x22, 0x1C, 0x21, 0x1C, 0x20, 0x1C,
    0x69, 0x00, 0x68, 0x00, 0x69, 0x00, 0x68, 0x00, 0x69, 0x00, 0x68, 0x00, 0x69, 0x00, 0x68, 0x00,
    0x69, 0x00, 0x68, 0x00, 0x69, 0x00, 0x67, 0x00, 0xF1, 0x00, 0xF6, 0x30, 0xF6, 0x30, 0xF6, 0x30,
    0x78, 0x00, 0x79, 0x00, 0x78, 0x00, 0x79, 0x00, 0x78, 0x00, 0x79, 0x00, 0x78, 0x00, 0x79, 0x00,
    0x78, 0x00, 0x20, 0x10, 0x21, 0x10, 0x22, 0x10, 0x23, 0x10, 0x24, 0x10, 0x25, 0x10, 0x78, 0x00,
    0x79, 0x00, 0x78, 0x00, 0x79, 0x00, 0x78, 0x00, 0x79, 0x00, 0x78, 0x00, 0x79, 0x00, 0x78, 0x00,
    0x79, 0x00, 0x78, 0x00, 0x77, 0x00, 0xE5, 0x00, 0xF4, 0x00, 0xF6, 0x30, 0xF6, 0x30, 0xF6, 0x30,
    0x0A, 0x20, 0x0B, 0x20, 0x0C, 0x20, 0x0D, 0x20, 0x0A, 0x20, 0x0B, 0x20, 0x0C, 0x20, 0x0F, 0x20,
    0x68, 0x00, 0x30, 0x10, 0x31, 0x10, 0x32, 0x10, 0x32, 0x14, 0x34, 0x10, 0x35, 0x10, 0x69, 0x00,
    0x68, 0x00, 0x69, 0x00, 0x68, 0x00, 0x69, 0x00, 0x68, 0x00, 0x69, 0x00, 0x68, 0x00, 0x67, 0x00,
    0xB0, 0x00, 0xB1, 0x00, 0xE4, 0x00, 0xF5, 0x00, 0xF6, 0x30, 0xF6, 0x30, 0xF6, 0x30, 0xF6, 0x30,
    0x1A, 0x20, 0x1B, 0x20, 0x1C, 0x20, 0x1D, 0x20, 0x1A, 0x20, 0x1B, 0x20, 0x1C, 0x20, 0x1F, 0x20,
    0x78, 0x00, 0x40, 0x10, 0x41, 0x10, 0x42, 0x10, 0x42, 0x14, 0x41, 0x14, 0x45, 0x10, 0x79, 0x00,
    0x78, 0x00, 0x79, 0x00, 0x78, 0x00, 0x79, 0x00, 0x78, 0x00, 0x79, 0x00, 0x77, 0x00, 0xE5, 0x00,
    0xC0, 0x00, 0xC1, 0x00, 0xF4, 0x00, 0xF6, 0x30, 0xF6, 0x30, 0xF6, 0x30, 0xF6, 0x30, 0xF6, 0x30,
    0xC8, 0x20, 0xC9, 0x20, 0xCA, 0x20, 0xCB, 0x20, 0xC8, 0x20, 0xC9, 0x20, 0xCA, 0x20, 0xC7, 0x20,
    0x68, 0x00, 0x45, 0x1C, 0x41, 0x18, 0x42, 0x18, 0x42, 0x1C, 0x41, 0x1C, 0x40, 0x1C, 0x69, 0x00,
    0x68, 0x00, 0x69, 0x00, 0x68, 0x00, 0x69, 0x00, 0x68, 0x00, 0x69, 0x00, 0xD4, 0x00, 0xF4, 0x00,
    0xF6, 0x30, 0xF6, 0x30, 0xF6, 0x30, 0xF6, 0x30, 0xF6, 0x30, 0xF6, 0x30, 0xF6, 0x30, 0xF6, 0x30,
    0xD8, 0x20, 0xD9, 0x20, 0xDA, 0x20, 0xDB, 0x20, 0xD8, 0x20, 0xD9, 0x20, 0xDA, 0x20, 0xD7, 0x20,
    0x78, 0x00, 0x35, 0x1C, 0x34, 0x1C, 0x32, 0x18, 0x32, 0x1C, 0x31, 0x1C, 0x30, 0x1C, 0x79, 0x00,
    0x78, 0x00, 0x79, 0x00, 0x78, 0x00, 0x79, 0x00, 0x78, 0x00, 0x79, 0x00, 0xE1, 0x00, 0xF6, 0x30,
    0xF6, 0x30, 0xF6, 0x30, 0xF6, 0x30, 0xF6, 0x30, 0xF6, 0x30, 0xF6, 0x30, 0xF6, 0x30, 0xF6, 0x30,
    0xE8, 0x20, 0xE9, 0x20, 0xEA, 0x20, 0xEB, 0x20, 0xE8, 0x20, 0xE9, 0x20, 0xEA, 0x20, 0xE7, 0x20,
    0x66, 0x00, 0x25, 0x1C, 0x24, 0x1C, 0x23, 0x1C, 0x22, 0x1C, 0x21, 0x1C, 0x20, 0x1C, 0x69, 0x00,
    0x68, 0x00, 0x69, 0x00, 0x69, 0x00, 0x68, 0x00, 0x69, 0x00, 0x67, 0x00, 0xF1, 0x00, 0xF6, 0x30,
    0xF6, 0x30, 0xF6, 0x30, 0xF6, 0x30, 0xF6, 0x30, 0xF6, 0x30, 0xF6, 0x30, 0xF6, 0x30, 0xF6, 0x30,
    0xF6, 0x30, 0xF6, 0x30, 0xF6, 0x30, 0xF6, 0x30, 0xF6, 0x30, 0xF6, 0x30, 0xF6, 0x30, 0xF6, 0x30,
    0xE2, 0x00, 0x76, 0x00, 0x78, 0x00, 0x79, 0x00, 0x78, 0x00, 0x79, 0x00, 0x78, 0x00, 0x79, 0x00,
    0x78, 0x00, 0x79, 0x00, 0x79, 0x00, 0x78, 0x00, 0x77, 0x00, 0xE5, 0x00, 0xF4, 0x00, 0xF6, 0x30,
    0xF6, 0x30, 0xF6, 0x30, 0xF6, 0x30, 0xF6, 0x30, 0xF6, 0x30, 0xF6, 0x30, 0xF6, 0x30, 0xF6, 0x30,
    0xF6, 0x30, 0xF6, 0x30, 0xF6, 0x30, 0xF6, 0x30, 0xF6, 0x30, 0xF6, 0x30, 0xF6, 0x30, 0xF6, 0x30,
    0xF2, 0x00, 0xE3, 0x00, 0xB2, 0x00, 0xB3, 0x00, 0xB4, 0x00, 0xB5, 0x00, 0xB0, 0x00, 0xB1, 0x00,
    0xB2, 0x00, 0xB3, 0x00, 0xB4, 0x00, 0xB5, 0x00, 0xE4, 0x00, 0xF5, 0x00, 0xF6, 0x30, 0xF6, 0x30,
    0xF6, 0x30, 0xF6, 0x30, 0xF6, 0x30, 0xF6, 0x30, 0xF6, 0x30, 0xF6, 0x30, 0xF6, 0x30, 0xF6, 0x30,
    0xF6, 0x30, 0xF6, 0x30, 0xF6, 0x30, 0xF6, 0x30, 0xF6, 0x30, 0xF6, 0x30, 0xF6, 0x30, 0xF6, 0x30,
    0xF6, 0x30, 0xF3, 0x00, 0xC2, 0x00, 0xC3, 0x00, 0xC4, 0x00, 0xC5, 0x00, 0xC0, 0x00, 0xC1, 0x00,
    0xC2, 0x00, 0xC3, 0x00, 0xC4, 0x00, 0xC5, 0x00, 0xF4, 0x00, 0xF6, 0x30, 0xF6, 0x30, 0xF6, 0x30,
    0xF6, 0x30, 0xF6, 0x30, 0xF6, 0x30, 0xF6, 0x30, 0xF6, 0x30, 0xF6, 0x30, 0xF6, 0x30, 0xF6, 0x30,
    0xF6, 0x30, 0xF6, 0x30, 0xF6, 0x30, 0xF6, 0x30, 0xF6, 0x30, 0xF6, 0x30, 0xF6, 0x30, 0xF6, 0x30,
    0xF6, 0x30, 0xF6, 0x30, 0xF6, 0x30, 0xF6, 0x30, 0xF6, 0x30, 0xF6, 0x30, 0xF6, 0x30, 0xF6, 0x30,
    0xF6, 0x30, 0xF6, 0x30, 0xF6, 0x30, 0xF6, 0x30, 0xF6, 0x30, 0xF6, 0x30, 0xF6, 0x30, 0xF6, 0x30,
    0xF6, 0x30, 0xF6, 0x30, 0xF6, 0x30, 0xF6, 0x30, 0xF6, 0x30, 0xF6, 0x30, 0xF6, 0x30, 0xF6, 0x30,
    0xF6, 0x30, 0xF6, 0x30, 0xF6, 0x30, 0xF6, 0x30, 0xF6, 0x30, 0xF6, 0x30, 0xF6, 0x30, 0xF6, 0x30,
    0xF6, 0x30, 0xF6, 0x30, 0xF6, 0x30, 0xF6, 0x30, 0xF6, 0x30, 0xF6, 0x30, 0xF6, 0x30, 0xF6, 0x30,
    0xF6, 0x30, 0xF6, 0x30, 0xF6, 0x30, 0xF6, 0x30, 0xF6, 0x30, 0xF6, 0x30, 0xF6, 0x30, 0xF6, 0x30,
    0xF6, 0x30, 0xF6, 0x30, 0xF6, 0x30, 0xF6, 0x30, 0xF6, 0x30, 0xF6, 0x30, 0xF6, 0x30, 0xF6, 0x30,
};

/* Original address: 0x0202D3FC */
u8 sIslandLeftAcreTilemaps[8192] = {
    0xF6, 0x30, 0xF6, 0x30, 0xF6, 0x30, 0xF6, 0x30, 0xF6, 0x30, 0xF6, 0x30, 0xF6, 0x30, 0xF6, 0x30,
    0xF6, 0x30, 0xF6, 0x30, 0xF6, 0x30, 0xF6, 0x30, 0xF6, 0x30, 0xF6, 0x30, 0xF6, 0x30, 0xF6, 0x30,
    0xF6, 0x30, 0xF6, 0x30, 0xF6, 0x30, 0xF6, 0x30, 0xF6, 0x30, 0xF6, 0x30, 0xF6, 0x30, 0xF6, 0x30,
    0xF6, 0x30, 0xF6, 0x30, 0xF6, 0x30, 0xF6, 0x30, 0xF6, 0x30, 0xF6, 0x30, 0xF6, 0x30, 0xF6, 0x30,
    0xF6, 0x30, 0xF6, 0x30, 0xF6, 0x30, 0xF6, 0x30, 0xF6, 0x30, 0xF6, 0x30, 0xF6, 0x30, 0xF6, 0x30,
    0xF6, 0x30, 0xF6, 0x30, 0xF6, 0x30, 0xF6, 0x30, 0xF6, 0x30, 0xF6, 0x30, 0xF6, 0x30, 0xF6, 0x30,
    0xF6, 0x30, 0xF6, 0x30, 0xF6, 0x30, 0xF6, 0x30, 0xF6, 0x30, 0xF6, 0x30, 0xF6, 0x30, 0xF6, 0x30,
    0xF6, 0x30, 0xF6, 0x30, 0xF6, 0x30, 0xF6, 0x30, 0xF6, 0x30, 0xF6, 0x30, 0xF6, 0x30, 0xF6, 0x30,
    0xF6, 0x30, 0xF6, 0x30, 0xF6, 0x30, 0xF6, 0x30, 0xF6, 0x30, 0xF6, 0x30, 0xF6, 0x30, 0xF6, 0x30,
    0xF6, 0x30, 0xF6, 0x30, 0xF6, 0x30, 0xF6, 0x30, 0xF6, 0x30, 0xF6, 0x30, 0xF6, 0x30, 0xF6, 0x30,
    0xF6, 0x30, 0xF6, 0x30, 0xF6, 0x30, 0xF6, 0x30, 0xF6, 0x30, 0xF6, 0x30, 0xF6, 0x30, 0xF6, 0x30,
    0xF6, 0x30, 0xF6, 0x30, 0xF6, 0x30, 0xF6, 0x30, 0xF6, 0x30, 0xF6, 0x30, 0xF6, 0x30, 0xF6, 0x30,
    0xF6, 0x30, 0xF6, 0x30, 0xF6, 0x30, 0xF6, 0x30, 0xF6, 0x30, 0xF6, 0x30, 0xF6, 0x30, 0xF6, 0x30,
    0xF6, 0x30, 0xF6, 0x30, 0xF6, 0x30, 0xF6, 0x30, 0xF6, 0x30, 0xF6, 0x30, 0xF6, 0x30, 0xF6, 0x30,
    0xF6, 0x30, 0xF6, 0x30, 0xF6, 0x30, 0xF6, 0x30, 0xF6, 0x30, 0xF6, 0x30, 0xF6, 0x30, 0xF6, 0x30,
    0xF6, 0x30, 0xF6, 0x30, 0xF6, 0x30, 0xF6, 0x30, 0xF6, 0x30, 0xF6, 0x30, 0xF6, 0x30, 0xF6, 0x30,
    0xF6, 0x30, 0xF6, 0x30, 0xF6, 0x30, 0xF6, 0x30, 0xF6, 0x30, 0xF6, 0x30, 0xF6, 0x30, 0xF6, 0x30,
    0xF6, 0x30, 0xF6, 0x30, 0xF6, 0x30, 0xF6, 0x30, 0xF6, 0x30, 0xF6, 0x30, 0xF6, 0x30, 0xF6, 0x30,
    0xF6, 0x30, 0xF6, 0x30, 0xF6, 0x30, 0xF6, 0x30, 0xF6, 0x30, 0xF6, 0x30, 0xF6, 0x30, 0xF6, 0x30,
    0xF6, 0x30, 0xF6, 0x30, 0xF6, 0x30, 0xF6, 0x30, 0xF6, 0x30, 0xF6, 0x30, 0xF6, 0x30, 0xF6, 0x30,
    0xF6, 0x30, 0xF6, 0x30, 0xF6, 0x30, 0xF6, 0x30, 0xF6, 0x30, 0xF6, 0x30, 0xF6, 0x30, 0xF6, 0x30,
    0xF6, 0x30, 0xF6, 0x30, 0xB6, 0x00, 0xB7, 0x00, 0xB8, 0x00, 0xB9, 0x00, 0xBA, 0x00, 0xBB, 0x00,
    0xB6, 0x00, 0xB7, 0x00, 0xB8, 0x00, 0xB9, 0x00, 0xB6, 0x00, 0xB7, 0x00, 0xB8, 0x00, 0xB9, 0x00,
    0xBA, 0x00, 0xBB, 0x00, 0xF6, 0x30, 0xF6, 0x30, 0xF6, 0x30, 0xF6, 0x30, 0xF6, 0x30, 0xF6, 0x30,
    0xF6, 0x30, 0xF6, 0x30, 0xF6, 0x30, 0xF6, 0x30, 0xF6, 0x30, 0xF6, 0x30, 0xF6, 0x30, 0xF6, 0x30,
    0xF6, 0x30, 0x46, 0x00, 0x68, 0x00, 0x69, 0x00, 0x68, 0x00, 0x69, 0x00, 0x68, 0x00, 0x69, 0x00,
    0x68, 0x00, 0x69, 0x00, 0x68, 0x00, 0x69, 0x00, 0x20, 0x10, 0x21, 0x10, 0x22, 0x10, 0x23, 0x10,
    0x24, 0x10, 0x25, 0x10, 0x47, 0x00, 0xF6, 0x30, 0xF6, 0x30, 0xF6, 0x30, 0xF6, 0x30, 0xF6, 0x30,
    0xF6, 0x30, 0xF6, 0x30, 0xF6, 0x30, 0xF6, 0x30, 0xF6, 0x30, 0xF6, 0x30, 0xF6, 0x30, 0xF6, 0x30,
    0x56, 0x00, 0x79, 0x00, 0x78, 0x00, 0x79, 0x00, 0x78, 0x00, 0x79, 0x00, 0x78, 0x00, 0x79, 0x00,
    0x78, 0x00, 0x79, 0x00, 0x78, 0x00, 0x79, 0x00, 0x30, 0x10, 0x31, 0x10, 0x32, 0x10, 0x33, 0x10,
    0x34, 0x10, 0x35, 0x10, 0x78, 0x00, 0x57, 0x00, 0xB6, 0x00, 0xB7, 0x00, 0xB8, 0x00, 0xB9, 0x00,
    0xF6, 0x30, 0xF6, 0x30, 0xF6, 0x30, 0xF6, 0x30, 0xF6, 0x30, 0xF6, 0x30, 0xF6, 0x30, 0x46, 0x00,
    0x68, 0x00, 0x69, 0x00, 0x68, 0x00, 0x69, 0x00, 0x68, 0x00, 0x69, 0x00, 0x68, 0x00, 0x69, 0x00,
    0x68, 0x00, 0x69, 0x00, 0x68, 0x00, 0x69, 0x00, 0x40, 0x10, 0x41, 0x10, 0x42, 0x10, 0x43, 0x10,
    0x44, 0x10, 0x45, 0x10, 0x68, 0x00, 0x69, 0x00, 0x68, 0x00, 0x69, 0x00, 0x68, 0x00, 0x69, 0x00,
    0xF6, 0x30, 0xF6, 0x30, 0xF6, 0x30, 0xF6, 0x30, 0xF6, 0x30, 0xF6, 0x30, 0x56, 0x00, 0x79, 0x00,
    0x78, 0x00, 0x79, 0x00, 0x78, 0x00, 0x79, 0x00, 0x78, 0x00, 0x79, 0x00, 0x78, 0x00, 0x79, 0x00,
    0x78, 0x00, 0x79, 0x00, 0x78, 0x00, 0x79, 0x00, 0x50, 0x10, 0x58, 0x10, 0x59, 0x10, 0x53, 0x10,
    0x54, 0x10, 0x55, 0x10, 0x78, 0x00, 0x79, 0x00, 0x78, 0x00, 0x79, 0x00, 0x78, 0x00, 0x79, 0x00,
    0xF6, 0x30, 0xF6, 0x30, 0xF6, 0x30, 0xF6, 0x30, 0xF6, 0x30, 0xD2, 0x00, 0x20, 0x10, 0x21, 0x10,
    0x22, 0x10, 0x23, 0x10, 0x24, 0x10, 0x25, 0x10, 0x68, 0x00, 0x69, 0x00, 0x20, 0x10, 0x21, 0x10,
    0x22, 0x10, 0x23, 0x10, 0x2A, 0x10, 0x2B, 0x10, 0x2C, 0x10, 0x2D, 0x10, 0x2E, 0x10, 0x2F, 0x10,
    0x64, 0x10, 0x65, 0x10, 0x68, 0x00, 0x69, 0x00, 0x68, 0x00, 0x69, 0x00, 0x68, 0x00, 0x69, 0x00,
    0xF6, 0x30, 0xF6, 0x30, 0xF6, 0x30, 0xF6, 0x30, 0xF6, 0x30, 0xE0, 0x00, 0x30, 0x10, 0x31, 0x10,
    0x32, 0x10, 0x33, 0x10, 0x34, 0x10, 0x35, 0x10, 0x78, 0x00, 0x79, 0x00, 0x30, 0x10, 0x31, 0x10,
    0x32, 0x10, 0x33, 0x10, 0x3A, 0x10, 0x3B, 0x10, 0x3C, 0x10, 0x3D, 0x10, 0x3E, 0x10, 0x3F, 0x10,
    0x74, 0x10, 0x75, 0x10, 0x78, 0x00, 0x79, 0x00, 0x78, 0x00, 0x79, 0x00, 0x78, 0x00, 0x79, 0x00,
    0xF6, 0x30, 0xF6, 0x30, 0xF6, 0x30, 0xF6, 0x30, 0xF6, 0x30, 0xD0, 0x00, 0x40, 0x10, 0x41, 0x10,
    0x42, 0x10, 0x43, 0x10, 0x44, 0x10, 0x45, 0x10, 0x68, 0x00, 0x69, 0x00, 0x40, 0x10, 0x41, 0x10,
    0x42, 0x10, 0x4A, 0x10, 0x4B, 0x10, 0x4C, 0x10, 0x4D, 0x10, 0x4E, 0x10, 0x4F, 0x10, 0x45, 0x10,
    0x68, 0x10, 0x69, 0x10, 0x68, 0x00, 0x69, 0x00, 0x68, 0x00, 0x69, 0x00, 0x68, 0x00, 0x69, 0x00,
    0xF6, 0x30, 0xF6, 0x30, 0xF6, 0x30, 0xF6, 0x30, 0xF6, 0x30, 0xE0, 0x00, 0x50, 0x10, 0x51, 0x10,
    0x52, 0x10, 0x5E, 0x10, 0x5F, 0x10, 0x55, 0x10, 0x78, 0x00, 0x79, 0x00, 0x50, 0x10, 0x51, 0x10,
    0x52, 0x10, 0x5A, 0x10, 0x5B, 0x10, 0x5C, 0x10, 0x5D, 0x10, 0x5E, 0x10, 0x5F, 0x10, 0x55, 0x10,
    0x78, 0x10, 0x79, 0x10, 0x78, 0x00, 0x79, 0x00, 0x78, 0x00, 0x79, 0x00, 0x78, 0x00, 0x79, 0x00,
    0xF6, 0x30, 0xF6, 0x30, 0xF6, 0x30, 0xF6, 0x30, 0xF6, 0x30, 0xD0, 0x00, 0x60, 0x10, 0x61, 0x10,
    0x6C, 0x10, 0x6D, 0x10, 0x6E, 0x10, 0x6F, 0x10, 0x24, 0x10, 0x25, 0x10, 0x60, 0x10, 0x61, 0x10,
    0x62, 0x10, 0x63, 0x10, 0x6A, 0x10, 0x6B, 0x10, 0x6C, 0x10, 0x6D, 0x10, 0x6E, 0x10, 0x6F, 0x10,
    0x24, 0x10, 0x25, 0x10, 0x68, 0x00, 0x69, 0x00, 0x68, 0x00, 0x69, 0x00, 0x68, 0x00, 0x69, 0x00,
    0xF6, 0x30, 0xF6, 0x30, 0xF6, 0x30, 0xF6, 0x30, 0xF6, 0x30, 0xE0, 0x00, 0x70, 0x10, 0x71, 0x10,
    0x7C, 0x10, 0x7D, 0x10, 0x7E, 0x10, 0x7F, 0x10, 0x34, 0x10, 0x35, 0x10, 0x70, 0x10, 0x71, 0x10,
    0x72, 0x10, 0x73, 0x10, 0x7A, 0x10, 0x7B, 0x10, 0x7C, 0x10, 0x7D, 0x10, 0x7E, 0x10, 0x7F, 0x10,
    0x34, 0x10, 0x35, 0x10, 0x78, 0x00, 0x79, 0x00, 0x78, 0x00, 0x79, 0x00, 0x78, 0x00, 0x79, 0x00,
    0xF6, 0x30, 0xF6, 0x30, 0xF6, 0x30, 0xF6, 0x30, 0xF6, 0x30, 0xD0, 0x00, 0x68, 0x00, 0x69, 0x00,
    0x40, 0x10, 0x48, 0x10, 0x49, 0x10, 0x43, 0x10, 0x44, 0x10, 0x45, 0x10, 0x68, 0x00, 0x69, 0x00,
    0x68, 0x00, 0x69, 0x00, 0x68, 0x10, 0x69, 0x10, 0x40, 0x10, 0x48, 0x10, 0x49, 0x10, 0x43, 0x10,
    0x44, 0x10, 0x45, 0x10, 0x68, 0x00, 0x69, 0x00, 0x68, 0x00, 0x69, 0x00, 0x68, 0x00, 0x69, 0x00,
    0xF6, 0x30, 0xF6, 0x30, 0xF6, 0x30, 0xF6, 0x30, 0xF6, 0x30, 0xE0, 0x00, 0x78, 0x00, 0x79, 0x00,
    0x50, 0x10, 0x51, 0x10, 0x52, 0x10, 0x53, 0x10, 0x54, 0x10, 0x55, 0x10, 0x78, 0x00, 0x79, 0x00,
    0x78, 0x00, 0x79, 0x00, 0x78, 0x00, 0x79, 0x00, 0x50, 0x10, 0x51, 0x10, 0x52, 0x10, 0x53, 0x10,
    0x54, 0x10, 0x55, 0x10, 0x78, 0x00, 0x79, 0x00, 0x78, 0x00, 0x79, 0x00, 0x78, 0x00, 0x79, 0x00,
    0xF6, 0x30, 0xF6, 0x30, 0xF6, 0x30, 0xF6, 0x30, 0xF6, 0x30, 0xF0, 0x00, 0x66, 0x00, 0x69, 0x00,
    0x60, 0x10, 0x61, 0x10, 0x62, 0x10, 0x63, 0x10, 0x64, 0x10, 0x65, 0x10, 0x68, 0x00, 0x69, 0x00,
    0x68, 0x00, 0x69, 0x00, 0x68, 0x00, 0x69, 0x00, 0x60, 0x10, 0x61, 0x10, 0x62, 0x10, 0x63, 0x10,
    0x64, 0x10, 0x65, 0x10, 0x68, 0x00, 0x69, 0x00, 0x68, 0x00, 0x69, 0x00, 0x68, 0x00, 0x69, 0x00,
    0xF6, 0x30, 0xF6, 0x30, 0xF6, 0x30, 0xF6, 0x30, 0xF6, 0x30, 0xF3, 0x00, 0xE2, 0x00, 0x76, 0x00,
    0x70, 0x10, 0x71, 0x10, 0x72, 0x10, 0x73, 0x10, 0x74, 0x10, 0x75, 0x10, 0x78, 0x00, 0x79, 0x00,
    0x78, 0x00, 0x79, 0x00, 0x78, 0x00, 0x79, 0x00, 0x70, 0x10, 0x71, 0x10, 0x72, 0x10, 0x73, 0x10,
    0x74, 0x10, 0x75, 0x10, 0x78, 0x00, 0x79, 0x00, 0x78, 0x00, 0x79, 0x00, 0x78, 0x00, 0x79, 0x00,
    0xF6, 0x30, 0xF6, 0x30, 0xF6, 0x30, 0xF6, 0x30, 0xF6, 0x30, 0xF6, 0x30, 0xF2, 0x00, 0xE3, 0x00,
    0x66, 0x00, 0x69, 0x00, 0x68, 0x00, 0x69, 0x00, 0x68, 0x00, 0x69, 0x00, 0x68, 0x00, 0x69, 0x00,
    0x68, 0x00, 0x69, 0x00, 0x68, 0x00, 0x69, 0x00, 0x68, 0x00, 0x69, 0x00, 0x68, 0x00, 0x69, 0x00,
    0x68, 0x00, 0x69, 0x00, 0x68, 0x00, 0x69, 0x00, 0x68, 0x00, 0x69, 0x00, 0x68, 0x00, 0x69, 0x00,
    0xF6, 0x30, 0xF6, 0x30, 0xF6, 0x30, 0xF6, 0x30, 0xF6, 0x30, 0xF6, 0x30, 0xF6, 0x30, 0xF3, 0x00,
    0xE2, 0x00, 0x07, 0x00, 0x78, 0x00, 0x79, 0x00, 0x78, 0x00, 0x79, 0x00, 0x78, 0x00, 0x79, 0x00,
    0x78, 0x00, 0x79, 0x00, 0x78, 0x00, 0x79, 0x00, 0x78, 0x00, 0x79, 0x00, 0x78, 0x00, 0x79, 0x00,
    0x78, 0x00, 0x79, 0x00, 0x78, 0x00, 0x79, 0x00, 0x78, 0x00, 0x79, 0x00, 0x78, 0x00, 0x79, 0x00,
    0xF6, 0x30, 0xF6, 0x30, 0xF6, 0x30, 0xF6, 0x30, 0xF6, 0x30, 0xF6, 0x30, 0xF6, 0x30, 0xF6, 0x30,
    0xF2, 0x00, 0xD5, 0x00, 0x68, 0x00, 0x69, 0x00, 0x68, 0x00, 0x69, 0x00, 0x68, 0x00, 0x69, 0x00,
    0x68, 0x00, 0x69, 0x00, 0x68, 0x00, 0x69, 0x00, 0x68, 0x00, 0x69, 0x00, 0x68, 0x00, 0x69, 0x00,
    0x68, 0x00, 0x69, 0x00, 0x0E, 0x20, 0x09, 0x20, 0x0A, 0x20, 0x0B, 0x20, 0x0C, 0x20, 0x0D, 0x20,
    0xF6, 0x30, 0xF6, 0x30, 0xF6, 0x30, 0xF6, 0x30, 0xF6, 0x30, 0xF6, 0x30, 0xF6, 0x30, 0xF6, 0x30,
    0xF6, 0x30, 0xE0, 0x00, 0x78, 0x00, 0x79, 0x00, 0x78, 0x00, 0x79, 0x00, 0x78, 0x00, 0x79, 0x00,
    0x78, 0x00, 0x79, 0x00, 0x78, 0x00, 0x79, 0x00, 0x78, 0x00, 0x79, 0x00, 0x78, 0x00, 0x79, 0x00,
    0x78, 0x00, 0x79, 0x00, 0x1E, 0x20, 0x1D, 0x20, 0x1A, 0x20, 0x1B, 0x20, 0x1C, 0x20, 0x1D, 0x20,
    0xF6, 0x30, 0xF6, 0x30, 0xF6, 0x30, 0xF6, 0x30, 0xF6, 0x30, 0xF6, 0x30, 0xF6, 0x30, 0xF6, 0x30,
    0xF6, 0x30, 0xF0, 0x00, 0x66, 0x00, 0x69, 0x00, 0x68, 0x00, 0x69, 0x00, 0x68, 0x00, 0x69, 0x00,
    0x68, 0x00, 0x69, 0x00, 0x68, 0x00, 0x69, 0x00, 0x68, 0x00, 0x69, 0x00, 0x68, 0x00, 0x69, 0x00,
    0x68, 0x00, 0x69, 0x00, 0xC6, 0x20, 0xCB, 0x20, 0xC8, 0x20, 0xC9, 0x20, 0xCA, 0x20, 0xCB, 0x20,
    0xF6, 0x30, 0xF6, 0x30, 0xF6, 0x30, 0xF6, 0x30, 0xF6, 0x30, 0xF6, 0x30, 0xF6, 0x30, 0xF6, 0x30,
    0xF6, 0x30, 0xF3, 0x00, 0xE2, 0x00, 0x76, 0x00, 0x78, 0x00, 0x79, 0x00, 0x78, 0x00, 0x79, 0x00,
    0x78, 0x00, 0x79, 0x00, 0x78, 0x00, 0x79, 0x00, 0x78, 0x00, 0x79, 0x00, 0x78, 0x00, 0x79, 0x00,
    0x78, 0x00, 0x79, 0x00, 0xD6, 0x20, 0xDB, 0x20, 0xD8, 0x20, 0xD9, 0x20, 0xDA, 0x20, 0xDB, 0x20,
    0xF6, 0x30, 0xF6, 0x30, 0xF6, 0x30, 0xF6, 0x30, 0xF6, 0x30, 0xF6, 0x30, 0xF6, 0x30, 0xF6, 0x30,
    0xF6, 0x30, 0xF6, 0x30, 0xF2, 0x00, 0xE3, 0x00, 0xB2, 0x00, 0xB3, 0x00, 0xB4, 0x00, 0xB5, 0x00,
    0xB0, 0x00, 0xB1, 0x00, 0xB2, 0x00, 0xB3, 0x00, 0xB4, 0x00, 0xB5, 0x00, 0xB2, 0x00, 0xB3, 0x00,
    0xB4, 0x00, 0xB5, 0x00, 0xE6, 0x20, 0xEB, 0x20, 0xE8, 0x20, 0xE9, 0x20, 0xEA, 0x20, 0xEB, 0x20,
    0xF6, 0x30, 0xF6, 0x30, 0xF6, 0x30, 0xF6, 0x30, 0xF6, 0x30, 0xF6, 0x30, 0xF6, 0x30, 0xF6, 0x30,
    0xF6, 0x30, 0xF6, 0x30, 0xF6, 0x30, 0xF3, 0x00, 0xC2, 0x00, 0xC3, 0x00, 0xC4, 0x00, 0xC5, 0x00,
    0xC0, 0x00, 0xC1, 0x00, 0xC2, 0x00, 0xC3, 0x00, 0xC4, 0x00, 0xC5, 0x00, 0xC2, 0x00, 0xC3, 0x00,
    0xC4, 0x00, 0xC5, 0x00, 0xF6, 0x30, 0xF6, 0x30, 0xF6, 0x30, 0xF6, 0x30, 0xF6, 0x30, 0xF6, 0x30,
    0xF6, 0x30, 0xF6, 0x30, 0xF6, 0x30, 0xF6, 0x30, 0xF6, 0x30, 0xF6, 0x30, 0xF6, 0x30, 0xF6, 0x30,
    0xF6, 0x30, 0xF6, 0x30, 0xF6, 0x30, 0xF6, 0x30, 0xF6, 0x30, 0xF6, 0x30, 0xF6, 0x30, 0xF6, 0x30,
    0xF6, 0x30, 0xF6, 0x30, 0xF6, 0x30, 0xF6, 0x30, 0xF6, 0x30, 0xF6, 0x30, 0xF6, 0x30, 0xF6, 0x30,
    0xF6, 0x30, 0xF6, 0x30, 0xF6, 0x30, 0xF6, 0x30, 0xF6, 0x30, 0xF6, 0x30, 0xF6, 0x30, 0xF6, 0x30,
    0xF6, 0x30, 0xF6, 0x30, 0xF6, 0x30, 0xF6, 0x30, 0xF6, 0x30, 0xF6, 0x30, 0xF6, 0x30, 0xF6, 0x30,
    0xF6, 0x30, 0xF6, 0x30, 0xF6, 0x30, 0xF6, 0x30, 0xF6, 0x30, 0xF6, 0x30, 0xF6, 0x30, 0xF6, 0x30,
    0xF6, 0x30, 0xF6, 0x30, 0xF6, 0x30, 0xF6, 0x30, 0xF6, 0x30, 0xF6, 0x30, 0xF6, 0x30, 0xF6, 0x30,
    0xF6, 0x30, 0xF6, 0x30, 0xF6, 0x30, 0xF6, 0x30, 0xF6, 0x30, 0xF6, 0x30, 0xF6, 0x30, 0xF6, 0x30,
    0xF6, 0x30, 0xF6, 0x30, 0xF6, 0x30, 0xF6, 0x30, 0xF6, 0x30, 0xF6, 0x30, 0xF6, 0x30, 0xF6, 0x30,
    0xF6, 0x30, 0xF6, 0x30, 0xF6, 0x30, 0xF6, 0x30, 0xF6, 0x30, 0xF6, 0x30, 0xF6, 0x30, 0xF6, 0x30,
    0xF6, 0x30, 0xF6, 0x30, 0xF6, 0x30, 0xF6, 0x30, 0xF6, 0x30, 0xF6, 0x30, 0xF6, 0x30, 0xF6, 0x30,
    0xF6, 0x30, 0xF6, 0x30, 0xF6, 0x30, 0xF6, 0x30, 0xF6, 0x30, 0xF6, 0x30, 0xF6, 0x30, 0xF6, 0x30,
    0xF6, 0x30, 0xF6, 0x30, 0xF6, 0x30, 0xF6, 0x30, 0xF6, 0x30, 0xF6, 0x30, 0xF6, 0x30, 0xF6, 0x30,
    0xF6, 0x30, 0xF6, 0x30, 0xF6, 0x30, 0xF6, 0x30, 0xF6, 0x30, 0xF6, 0x30, 0xF6, 0x30, 0xF6, 0x30,
    0xF6, 0x30, 0xF6, 0x30, 0xF6, 0x30, 0xF6, 0x30, 0xF6, 0x30, 0xF6, 0x30, 0xF6, 0x30, 0xF6, 0x30,
    0xF6, 0x30, 0xF6, 0x30, 0xF6, 0x30, 0xF6, 0x30, 0xF6, 0x30, 0xF6, 0x30, 0xF6, 0x30, 0xF6, 0x30,
    0xF6, 0x30, 0xF6, 0x30, 0xF6, 0x30, 0xF6, 0x30, 0xF6, 0x30, 0xF6, 0x30, 0xF6, 0x30, 0xF6, 0x30,
    0xF6, 0x30, 0xF6, 0x30, 0xF6, 0x30, 0xF6, 0x30, 0xF6, 0x30, 0xF6, 0x30, 0xF6, 0x30, 0xF6, 0x30,
    0xF6, 0x30, 0xF6, 0x30, 0xF6, 0x30, 0xF6, 0x30, 0xF6, 0x30, 0xF6, 0x30, 0xF6, 0x30, 0xF6, 0x30,
    0xF6, 0x30, 0xF6, 0x30, 0xF6, 0x30, 0xF6, 0x30, 0xF6, 0x30, 0xF6, 0x30, 0xF6, 0x30, 0xF6, 0x30,
    0xF6, 0x30, 0xF6, 0x30, 0xF6, 0x30, 0xF6, 0x30, 0xF6, 0x30, 0xF6, 0x30, 0xF6, 0x30, 0xF6, 0x30,
    0xF6, 0x30, 0xF6, 0x30, 0xF6, 0x30, 0xF6, 0x30, 0xF6, 0x30, 0xF6, 0x30, 0xF6, 0x30, 0xF6, 0x30,
    0xF6, 0x30, 0xF6, 0x30, 0xF6, 0x30, 0xF6, 0x30, 0xF6, 0x30, 0xF6, 0x30, 0xF6, 0x30, 0xF6, 0x30,
    0xF6, 0x30, 0xF6, 0x30, 0xF6, 0x30, 0xF6, 0x30, 0xF6, 0x30, 0xF6, 0x30, 0xF6, 0x30, 0xF6, 0x30,
    0xF6, 0x30, 0xF6, 0x30, 0xF6, 0x30, 0xF6, 0x30, 0xF6, 0x30, 0xF6, 0x30, 0xF6, 0x30, 0xF6, 0x30,
    0xF6, 0x30, 0xF6, 0x30, 0xF6, 0x30, 0xF6, 0x30, 0xF6, 0x30, 0xF6, 0x30, 0xF6, 0x30, 0xF6, 0x30,
    0xF6, 0x30, 0xF6, 0x30, 0xF6, 0x30, 0xF6, 0x30, 0xF6, 0x30, 0xF6, 0x30, 0xF6, 0x30, 0xF6, 0x30,
    0xF6, 0x30, 0xF6, 0x30, 0xF6, 0x30, 0xF6, 0x30, 0xF6, 0x30, 0xF6, 0x30, 0xF6, 0x30, 0xF6, 0x30,
    0xF6, 0x30, 0xF6, 0x30, 0xF6, 0x30, 0xF6, 0x30, 0xF6, 0x30, 0xF6, 0x30, 0xB6, 0x00, 0xB7, 0x00,
    0xB8, 0x00, 0xB9, 0x00, 0xB6, 0x00, 0xB7, 0x00, 0xB8, 0x00, 0xB9, 0x00, 0xF6, 0x30, 0xF6, 0x30,
    0xF6, 0x30, 0xF6, 0x30, 0xF6, 0x30, 0xF6, 0x30, 0xF6, 0x30, 0xF6, 0x30, 0xF6, 0x30, 0xF6, 0x30,
    0xF6, 0x30, 0xF6, 0x30, 0xF6, 0x30, 0xF6, 0x30, 0xF6, 0x30, 0xF6, 0x30, 0xF6, 0x30, 0xF6, 0x30,
    0xF6, 0x30, 0xF6, 0x30, 0xF6, 0x30, 0xF6, 0x30, 0xF6, 0x30, 0xD2, 0x00, 0x68, 0x00, 0x69, 0x00,
    0x68, 0x00, 0x69, 0x00, 0x68, 0x00, 0x69, 0x00, 0x68, 0x00, 0x69, 0x00, 0x47, 0x00, 0xF6, 0x30,
    0xF6, 0x30, 0xF6, 0x30, 0xF6, 0x30, 0xF6, 0x30, 0xF6, 0x30, 0xF6, 0x30, 0xF6, 0x30, 0xF6, 0x30,
    0xF6, 0x30, 0xF6, 0x30, 0xF6, 0x30, 0xF6, 0x30, 0xF6, 0x30, 0xF6, 0x30, 0xF6, 0x30, 0xF6, 0x30,
    0xF6, 0x30, 0xF6, 0x30, 0xF6, 0x30, 0xF6, 0x30, 0xF6, 0x30, 0xE0, 0x00, 0x78, 0x00, 0x79, 0x00,
    0x78, 0x00, 0x79, 0x00, 0x78, 0x00, 0x79, 0x00, 0x78, 0x00, 0x79, 0x00, 0x78, 0x00, 0x57, 0x00,
    0xF6, 0x30, 0xF6, 0x30, 0xF6, 0x30, 0xF6, 0x30, 0xF6, 0x30, 0xF6, 0x30, 0xB6, 0x00, 0xB7, 0x00,
    0xB8, 0x00, 0xB9, 0x00, 0xBA, 0x00, 0xBB, 0x00, 0xF6, 0x30, 0xF6, 0x30, 0xF6, 0x30, 0xF6, 0x30,
    0xF6, 0x30, 0xF6, 0x30, 0xF6, 0x30, 0xF6, 0x30, 0xF6, 0x30, 0xD0, 0x00, 0x68, 0x00, 0x69, 0x00,
    0x68, 0x00, 0x69, 0x00, 0x68, 0x00, 0x69, 0x00, 0x68, 0x00, 0x69, 0x00, 0x68, 0x00, 0x69, 0x00,
    0x47, 0x00, 0xF6, 0x30, 0xF6, 0x30, 0xF6, 0x30, 0xF6, 0x30, 0xD2, 0x00, 0x68, 0x00, 0x69, 0x00,
    0x68, 0x00, 0x69, 0x00, 0x68, 0x00, 0x69, 0x00, 0x47, 0x00, 0xF6, 0x30, 0xF6, 0x30, 0xF6, 0x30,
    0xF6, 0x30, 0xF6, 0x30, 0xF6, 0x30, 0xF6, 0x30, 0xF6, 0x30, 0xE0, 0x00, 0x78, 0x00, 0x79, 0x00,
    0x78, 0x00, 0x20, 0x10, 0x21, 0x10, 0x22, 0x10, 0x23, 0x10, 0x24, 0x10, 0x25, 0x10, 0x79, 0x00,
    0x78, 0x00, 0x57, 0x00, 0xF6, 0x30, 0xF6, 0x30, 0xF6, 0x30, 0xE0, 0x00, 0x78, 0x00, 0x79, 0x00,
    0x78, 0x00, 0x79, 0x00, 0x78, 0x00, 0x79, 0x00, 0x78, 0x00, 0x57, 0x00, 0xBA, 0x00, 0xBB, 0x00,
    0xF6, 0x30, 0xF6, 0x30, 0xF6, 0x30, 0xF6, 0x30, 0xF6, 0x30, 0xD0, 0x00, 0x68, 0x00, 0x69, 0x00,
    0x68, 0x00, 0x30, 0x10, 0x31, 0x10, 0x32, 0x10, 0x32, 0x14, 0x34, 0x10, 0x35, 0x10, 0x69, 0x00,
    0x68, 0x00, 0x69, 0x00, 0xD3, 0x00, 0xF6, 0x30, 0xF6, 0x30, 0xD0, 0x00, 0x68, 0x00, 0x69, 0x00,
    0x68, 0x00, 0x69, 0x00, 0x68, 0x00, 0x69, 0x00, 0x68, 0x00, 0x69, 0x00, 0x68, 0x00, 0x69, 0x00,
    0xF6, 0x30, 0xF6, 0x30, 0xF6, 0x30, 0xF6, 0x30, 0xF6, 0x30, 0xE0, 0x00, 0x78, 0x00, 0x79, 0x00,
    0x78, 0x00, 0x40, 0x10, 0x41, 0x10, 0x42, 0x10, 0x42, 0x14, 0x41, 0x14, 0x45, 0x10, 0x79, 0x00,
    0x78, 0x00, 0x79, 0x00, 0xE1, 0x00, 0xF6, 0x30, 0xF6, 0x30, 0xE0, 0x00, 0x20, 0x10, 0x21, 0x10,
    0x22, 0x10, 0x23, 0x10, 0x24, 0x10, 0x25, 0x10, 0x78, 0x00, 0x79, 0x00, 0x78, 0x00, 0x79, 0x00,
    0xF6, 0x30, 0xF6, 0x30, 0xF6, 0x30, 0xF6, 0x30, 0xF6, 0x30, 0xD0, 0x00, 0x68, 0x00, 0x69, 0x00,
    0x68, 0x00, 0x45, 0x1C, 0x41, 0x18, 0x42, 0x18, 0x42, 0x1C, 0x41, 0x1C, 0x40, 0x1C, 0x69, 0x00,
    0x68, 0x00, 0x69, 0x00, 0xD1, 0x00, 0xF6, 0x30, 0xF6, 0x30, 0xD0, 0x00, 0x30, 0x10, 0x31, 0x10,
    0x32, 0x10, 0x32, 0x14, 0x34, 0x10, 0x35, 0x10, 0x68, 0x00, 0x69, 0x00, 0x68, 0x00, 0x69, 0x00,
    0xF6, 0x30, 0xF6, 0x30, 0xF6, 0x30, 0xF6, 0x30, 0xF6, 0x30, 0xE0, 0x00, 0x78, 0x00, 0x79, 0x00,
    0x78, 0x00, 0x35, 0x1C, 0x34, 0x1C, 0x32, 0x18, 0x32, 0x1C, 0x31, 0x1C, 0x30, 0x1C, 0x79, 0x00,
    0x78, 0x00, 0x79, 0x00, 0xE1, 0x00, 0xF6, 0x30, 0xF6, 0x30, 0xE0, 0x00, 0x40, 0x10, 0x41, 0x10,
    0x42, 0x10, 0x42, 0x14, 0x41, 0x14, 0x45, 0x10, 0x78, 0x00, 0x79, 0x00, 0x78, 0x00, 0x79, 0x00,
    0xF6, 0x30, 0xF6, 0x30, 0xF6, 0x30, 0xF6, 0x30, 0xF6, 0x30, 0x46, 0x00, 0x68, 0x00, 0x69, 0x00,
    0x68, 0x00, 0x25, 0x1C, 0x24, 0x1C, 0x23, 0x1C, 0x22, 0x1C, 0x21, 0x1C, 0x20, 0x1C, 0x69, 0x00,
    0x68, 0x00, 0x69, 0x00, 0xD1, 0x00, 0xF6, 0x30, 0xF6, 0x30, 0xD0, 0x00, 0x45, 0x1C, 0x41, 0x18,
    0x42, 0x18, 0x42, 0x1C, 0x41, 0x1C, 0x40, 0x1C, 0x68, 0x00, 0x69, 0x00, 0x68, 0x00, 0x69, 0x00,
    0xF6, 0x30, 0xF6, 0x30, 0xF6, 0x30, 0xF6, 0x30, 0x56, 0x00, 0x79, 0x00, 0x78, 0x00, 0x79, 0x00,
    0x78, 0x00, 0x79, 0x00, 0x78, 0x00, 0x79, 0x00, 0x78, 0x00, 0x79, 0x00, 0x78, 0x00, 0x79, 0x00,
    0x78, 0x00, 0x79, 0x00, 0xE1, 0x00, 0xF6, 0x30, 0xF6, 0x30, 0xE0, 0x00, 0x35, 0x1C, 0x34, 0x1C,
    0x32, 0x18, 0x32, 0x1C, 0x31, 0x1C, 0x30, 0x1C, 0x78, 0x00, 0x79, 0x00, 0x78, 0x00, 0x79, 0x00,
    0xF6, 0x30, 0xF6, 0x30, 0xF6, 0x30, 0xD2, 0x00, 0x68, 0x00, 0x69, 0x00, 0x68, 0x00, 0x69, 0x00,
    0x68, 0x00, 0x69, 0x00, 0x68, 0x00, 0x69, 0x00, 0x68, 0x00, 0x69, 0x00, 0x68, 0x00, 0x69, 0x00,
    0x68, 0x00, 0x69, 0x00, 0xD1, 0x00, 0xF6, 0x30, 0xF6, 0x30, 0xD0, 0x00, 0x25, 0x1C, 0x24, 0x1C,
    0x23, 0x1C, 0x22, 0x1C, 0x21, 0x1C, 0x20, 0x1C, 0x68, 0x00, 0x69, 0x00, 0x68, 0x00, 0x69, 0x00,
    0xF6, 0x30, 0xF6, 0x30, 0xF6, 0x30, 0xE0, 0x00, 0x78, 0x00, 0x79, 0x00, 0x78, 0x00, 0x79, 0x00,
    0x78, 0x00, 0x79, 0x00, 0x78, 0x00, 0x79, 0x00, 0x78, 0x00, 0x79, 0x00, 0x78, 0x00, 0x79, 0x00,
    0x78, 0x00, 0x79, 0x00, 0xE1, 0x00, 0xF6, 0x30, 0xF6, 0x30, 0xE0, 0x00, 0x78, 0x00, 0x79, 0x00,
    0x78, 0x00, 0x79, 0x00, 0x78, 0x00, 0x79, 0x00, 0x78, 0x00, 0x79, 0x00, 0x78, 0x00, 0x79, 0x00,
    0xF6, 0x30, 0xF6, 0x30, 0xF6, 0x30, 0xD0, 0x00, 0x68, 0x00, 0x69, 0x00, 0x68, 0x00, 0x69, 0x00,
    0x68, 0x00, 0x69, 0x00, 0x68, 0x00, 0x69, 0x00, 0x68, 0x00, 0x69, 0x00, 0x68, 0x00, 0x69, 0x00,
    0x68, 0x00, 0x67, 0x00, 0xF1, 0x00, 0xF6, 0x30, 0xF6, 0x30, 0xD0, 0x00, 0x68, 0x00, 0x69, 0x00,
    0x20, 0x10, 0x21, 0x10, 0x22, 0x10, 0x23, 0x10, 0x24, 0x10, 0x25, 0x10, 0x68, 0x00, 0x69, 0x00,
    0xF6, 0x30, 0xF6, 0x30, 0xF6, 0x30, 0xE0, 0x00, 0x78, 0x00, 0x20, 0x10, 0x21, 0x10, 0x22, 0x10,
    0x23, 0x10, 0x24, 0x10, 0x25, 0x10, 0x79, 0x00, 0x78, 0x00, 0x79, 0x00, 0x78, 0x00, 0x79, 0x00,
    0x77, 0x00, 0xE5, 0x00, 0xF4, 0x00, 0xF6, 0x30, 0xF6, 0x30, 0xE0, 0x00, 0x78, 0x00, 0x79, 0x00,
    0x30, 0x10, 0x31, 0x10, 0x32, 0x10, 0x32, 0x14, 0x34, 0x10, 0x35, 0x10, 0x78, 0x00, 0x79, 0x00,
    0xF6, 0x30, 0xF6, 0x30, 0xF6, 0x30, 0xD0, 0x00, 0x68, 0x00, 0x30, 0x10, 0x31, 0x10, 0x32, 0x10,
    0x32, 0x14, 0x34, 0x10, 0x35, 0x10, 0x69, 0x00, 0x68, 0x00, 0x69, 0x00, 0x68, 0x00, 0x81, 0x30,
    0x82, 0x00, 0x96, 0x00, 0xF6, 0x30, 0xF6, 0x30, 0xF6, 0x30, 0x46, 0x00, 0x68, 0x00, 0x69, 0x00,
    0x40, 0x10, 0x41, 0x10, 0x42, 0x10, 0x42, 0x14, 0x41, 0x14, 0x45, 0x10, 0x68, 0x00, 0x69, 0x00,
    0xF6, 0x30, 0xF6, 0x30, 0xF6, 0x30, 0xE0, 0x00, 0x78, 0x00, 0x40, 0x10, 0x41, 0x10, 0x42, 0x10,
    0x42, 0x14, 0x41, 0x14, 0x45, 0x10, 0x79, 0x00, 0x78, 0x00, 0x79, 0x00, 0x80, 0x30, 0x04, 0x34,
    0x03, 0x34, 0x02, 0x34, 0xBA, 0x00, 0xBB, 0x00, 0x56, 0x00, 0x79, 0x00, 0x78, 0x00, 0x79, 0x00,
    0x45, 0x1C, 0x48, 0x18, 0x49, 0x18, 0x42, 0x1C, 0x41, 0x1C, 0x40, 0x1C, 0x78, 0x00, 0x79, 0x00,
    0xF6, 0x30, 0xF6, 0x30, 0xF6, 0x30, 0xD0, 0x00, 0x68, 0x00, 0x45, 0x1C, 0x41, 0x18, 0x42, 0x18,
    0x42, 0x1C, 0x41, 0x1C, 0x40, 0x1C, 0x69, 0x00, 0x68, 0x00, 0x67, 0x00, 0x97, 0x30, 0x14, 0x34,
    0x13, 0x34, 0x84, 0x30, 0x20, 0x10, 0x21, 0x10, 0x22, 0x10, 0x23, 0x10, 0x2A, 0x10, 0x2B, 0x10,
    0x2C, 0x10, 0x2D, 0x10, 0x3D, 0x1C, 0x3C, 0x1C, 0x31, 0x1C, 0x30, 0x1C, 0x68, 0x00, 0x69, 0x00,
    0xF6, 0x30, 0xF6, 0x30, 0xF6, 0x30, 0xE0, 0x00, 0x78, 0x00, 0x35, 0x1C, 0x34, 0x1C, 0x32, 0x18,
    0x32, 0x1C, 0x31, 0x1C, 0x30, 0x1C, 0x79, 0x00, 0x77, 0x00, 0xE5, 0x00, 0xA7, 0x00, 0xFA, 0x34,
    0x83, 0x30, 0x79, 0x00, 0x30, 0x10, 0x31, 0x10, 0x32, 0x10, 0x32, 0x14, 0x3A, 0x10, 0x3B, 0x10,
    0x3C, 0x10, 0x3D, 0x10, 0x2D, 0x1C, 0x2C, 0x1C, 0x21, 0x1C, 0x20, 0x1C, 0x78, 0x00, 0x79, 0x00,
    0xF6, 0x30, 0xF6, 0x30, 0xF6, 0x30, 0xF0, 0x00, 0x66, 0x00, 0x25, 0x1C, 0x24, 0x1C, 0x23, 0x1C,
    0x22, 0x1C, 0x21, 0x1C, 0x20, 0x1C, 0x67, 0x00, 0xE4, 0x00, 0xF5, 0x00, 0xFD, 0x04, 0xFF, 0x00,
    0x68, 0x00, 0x69, 0x00, 0x40, 0x10, 0x41, 0x10, 0x42, 0x10, 0x42, 0x14, 0x4B, 0x10, 0x4B, 0x14,
    0x42, 0x10, 0x42, 0x14, 0x48, 0x14, 0x45, 0x10, 0x0E, 0x20, 0x0B, 0x20, 0x0C, 0x20, 0x0D, 0x20,
    0xF6, 0x30, 0xF6, 0x30, 0xF6, 0x30, 0xF3, 0x00, 0xE2, 0x00, 0x76, 0x00, 0x78, 0x00, 0x79, 0x00,
    0x78, 0x00, 0x79, 0x00, 0x77, 0x00, 0xE5, 0x00, 0xF4, 0x00, 0xF6, 0x30, 0xF6, 0x30, 0xE0, 0x00,
    0x78, 0x00, 0x79, 0x00, 0x45, 0x1C, 0x41, 0x18, 0x42, 0x18, 0x42, 0x1C, 0x4B, 0x18, 0x4B, 0x1C,
    0x42, 0x18, 0x42, 0x1C, 0x41, 0x1C, 0x40, 0x1C, 0x1E, 0x20, 0x1B, 0x20, 0x1C, 0x20, 0x1D, 0x20,
    0xF6, 0x30, 0xF6, 0x30, 0xF6, 0x30, 0xF6, 0x30, 0xF2, 0x00, 0xE3, 0x00, 0xB2, 0x00, 0xB3, 0x00,
    0xB4, 0x00, 0xB5, 0x00, 0xE4, 0x00, 0xF5, 0x00, 0xF6, 0x30, 0xF6, 0x30, 0xF6, 0x30, 0xD0, 0x00,
    0x68, 0x00, 0x69, 0x00, 0x35, 0x1C, 0x34, 0x1C, 0x32, 0x18, 0x32, 0x1C, 0x3B, 0x1C, 0x3A, 0x1C,
    0x32, 0x18, 0x32, 0x1C, 0x31, 0x1C, 0x30, 0x1C, 0xC6, 0x20, 0xC9, 0x20, 0xCA, 0x20, 0xCB, 0x20,
    0xF6, 0x30, 0xF6, 0x30, 0xF6, 0x30, 0xF6, 0x30, 0xF6, 0x30, 0xF3, 0x00, 0xC2, 0x00, 0xC3, 0x00,
    0xC4, 0x00, 0xC5, 0x00, 0xF4, 0x00, 0xF6, 0x30, 0xF6, 0x30, 0xF6, 0x30, 0xF6, 0x30, 0xE0, 0x00,
    0x78, 0x00, 0x79, 0x00, 0x25, 0x1C, 0x24, 0x1C, 0x23, 0x1C, 0x22, 0x1C, 0x2B, 0x1C, 0x2A, 0x1C,
    0x23, 0x1C, 0x22, 0x1C, 0x21, 0x1C, 0x20, 0x1C, 0xD6, 0x20, 0xD9, 0x20, 0xDA, 0x20, 0xDB, 0x20,
    0xF6, 0x30, 0xF6, 0x30, 0xF6, 0x30, 0xF6, 0x30, 0xF6, 0x30, 0xF6, 0x30, 0xF6, 0x30, 0xF6, 0x30,
    0xF6, 0x30, 0xF6, 0x30, 0xF6, 0x30, 0xF6, 0x30, 0xF6, 0x30, 0xF6, 0x30, 0xF6, 0x30, 0xF0, 0x00,
    0x66, 0x00, 0x69, 0x00, 0x68, 0x00, 0x69, 0x00, 0x68, 0x00, 0x69, 0x00, 0x68, 0x00, 0x69, 0x00,
    0x68, 0x00, 0x69, 0x00, 0x68, 0x00, 0x67, 0x00, 0xE6, 0x20, 0xE9, 0x20, 0xEA, 0x20, 0xEB, 0x20,
    0xF6, 0x30, 0xF6, 0x30, 0xF6, 0x30, 0xF6, 0x30, 0xF6, 0x30, 0xF6, 0x30, 0xF6, 0x30, 0xF6, 0x30,
    0xF6, 0x30, 0xF6, 0x30, 0xF6, 0x30, 0xF6, 0x30, 0xF6, 0x30, 0xF6, 0x30, 0xF6, 0x30, 0xF3, 0x00,
    0xE2, 0x00, 0x76, 0x00, 0x78, 0x00, 0x79, 0x00, 0x78, 0x00, 0x79, 0x00, 0x78, 0x00, 0x79, 0x00,
    0x78, 0x00, 0x79, 0x00, 0x77, 0x00, 0xE5, 0x00, 0xF6, 0x30, 0xF6, 0x30, 0xF6, 0x30, 0xF6, 0x30,
    0xF6, 0x30, 0xF6, 0x30, 0xF6, 0x30, 0xF6, 0x30, 0xF6, 0x30, 0xF6, 0x30, 0xF6, 0x30, 0xF6, 0x30,
    0xF6, 0x30, 0xF6, 0x30, 0xF6, 0x30, 0xF6, 0x30, 0xF6, 0x30, 0xF6, 0x30, 0xF6, 0x30, 0xF6, 0x30,
    0xF2, 0x00, 0xE3, 0x00, 0xB0, 0x00, 0xB1, 0x00, 0xB2, 0x00, 0xB3, 0x00, 0xB4, 0x00, 0xB5, 0x00,
    0xB0, 0x00, 0xB1, 0x00, 0xE4, 0x00, 0xF5, 0x00, 0xF6, 0x30, 0xF6, 0x30, 0xF6, 0x30, 0xF6, 0x30,
    0xF6, 0x30, 0xF6, 0x30, 0xF6, 0x30, 0xF6, 0x30, 0xF6, 0x30, 0xF6, 0x30, 0xF6, 0x30, 0xF6, 0x30,
    0xF6, 0x30, 0xF6, 0x30, 0xF6, 0x30, 0xF6, 0x30, 0xF6, 0x30, 0xF6, 0x30, 0xF6, 0x30, 0xF6, 0x30,
    0xF6, 0x30, 0xF3, 0x00, 0xC0, 0x00, 0xC1, 0x00, 0xC2, 0x00, 0xC3, 0x00, 0xC4, 0x00, 0xC5, 0x00,
    0xC0, 0x00, 0xC1, 0x00, 0xF4, 0x00, 0xF6, 0x30, 0xF6, 0x30, 0xF6, 0x30, 0xF6, 0x30, 0xF6, 0x30,
    0xF6, 0x30, 0xF6, 0x30, 0xF6, 0x30, 0xF6, 0x30, 0xF6, 0x30, 0xF6, 0x30, 0xF6, 0x30, 0xF6, 0x30,
    0xF6, 0x30, 0xF6, 0x30, 0xF6, 0x30, 0xF6, 0x30, 0xF6, 0x30, 0xF6, 0x30, 0xF6, 0x30, 0xF6, 0x30,
    0xF6, 0x30, 0xF6, 0x30, 0xF6, 0x30, 0xF6, 0x30, 0xF6, 0x30, 0xF6, 0x30, 0xF6, 0x30, 0xF6, 0x30,
    0xF6, 0x30, 0xF6, 0x30, 0xF6, 0x30, 0xF6, 0x30, 0xF6, 0x30, 0xF6, 0x30, 0xF6, 0x30, 0xF6, 0x30,
    0xF6, 0x30, 0xF6, 0x30, 0xF6, 0x30, 0xF6, 0x30, 0xF6, 0x30, 0xF6, 0x30, 0xF6, 0x30, 0xF6, 0x30,
    0xF6, 0x30, 0xF6, 0x30, 0xF6, 0x30, 0xF6, 0x30, 0xF6, 0x30, 0xF6, 0x30, 0xF6, 0x30, 0xF6, 0x30,
    0xF6, 0x30, 0xF6, 0x30, 0xF6, 0x30, 0xF6, 0x30, 0xF6, 0x30, 0xF6, 0x30, 0xF6, 0x30, 0xF6, 0x30,
    0xF6, 0x30, 0xF6, 0x30, 0xF6, 0x30, 0xF6, 0x30, 0xF6, 0x30, 0xF6, 0x30, 0xF6, 0x30, 0xF6, 0x30,
    0xF6, 0x30, 0xF6, 0x30, 0xF6, 0x30, 0xF6, 0x30, 0xF6, 0x30, 0xF6, 0x30, 0xF6, 0x30, 0xF6, 0x30,
    0xF6, 0x30, 0xF6, 0x30, 0xF6, 0x30, 0xF6, 0x30, 0xF6, 0x30, 0xF6, 0x30, 0xF6, 0x30, 0xF6, 0x30,
    0xF6, 0x30, 0xF6, 0x30, 0xF6, 0x30, 0xF6, 0x30, 0xF6, 0x30, 0xF6, 0x30, 0xF6, 0x30, 0xF6, 0x30,
    0xF6, 0x30, 0xF6, 0x30, 0xF6, 0x30, 0xF6, 0x30, 0xF6, 0x30, 0xF6, 0x30, 0xF6, 0x30, 0xF6, 0x30,
    0xF6, 0x30, 0xF6, 0x30, 0xF6, 0x30, 0xF6, 0x30, 0xF6, 0x30, 0xF6, 0x30, 0xF6, 0x30, 0xF6, 0x30,
    0xF6, 0x30, 0xF6, 0x30, 0xF6, 0x30, 0xF6, 0x30, 0xF6, 0x30, 0xF6, 0x30, 0xF6, 0x30, 0xF6, 0x30,
    0xF6, 0x30, 0xF6, 0x30, 0xF6, 0x30, 0xF6, 0x30, 0xF6, 0x30, 0xF6, 0x30, 0xF6, 0x30, 0xF6, 0x30,
    0xF6, 0x30, 0xF6, 0x30, 0xF6, 0x30, 0xF6, 0x30, 0xF6, 0x30, 0xF6, 0x30, 0xF6, 0x30, 0xF6, 0x30,
    0xF6, 0x30, 0xF6, 0x30, 0xF6, 0x30, 0xF6, 0x30, 0xF6, 0x30, 0xF6, 0x30, 0xF6, 0x30, 0xF6, 0x30,
    0xF6, 0x30, 0xF6, 0x30, 0xF6, 0x30, 0xF6, 0x30, 0xF6, 0x30, 0xF6, 0x30, 0xF6, 0x30, 0xF6, 0x30,
    0xF6, 0x30, 0xF6, 0x30, 0xF6, 0x30, 0xF6, 0x30, 0xF6, 0x30, 0xF6, 0x30, 0xF6, 0x30, 0xF6, 0x30,
    0xF6, 0x30, 0xF6, 0x30, 0xF6, 0x30, 0xF6, 0x30, 0xF6, 0x30, 0xF6, 0x30, 0xF6, 0x30, 0xF6, 0x30,
    0xF6, 0x30, 0xF6, 0x30, 0xF6, 0x30, 0xF6, 0x30, 0xF6, 0x30, 0xF6, 0x30, 0xF6, 0x30, 0xF6, 0x30,
    0xF6, 0x30, 0xF6, 0x30, 0xF6, 0x30, 0xF6, 0x30, 0xB6, 0x00, 0xB7, 0x00, 0xB8, 0x00, 0xB9, 0x00,
    0xB6, 0x00, 0xB7, 0x00, 0xB8, 0x00, 0xB9, 0x00, 0xF6, 0x30, 0xF6, 0x30, 0xF6, 0x30, 0xF6, 0x30,
    0xF6, 0x30, 0xF6, 0x30, 0xF6, 0x30, 0xF6, 0x30, 0xF6, 0x30, 0xF6, 0x30, 0xF6, 0x30, 0xF6, 0x30,
    0xF6, 0x30, 0xF6, 0x30, 0xF6, 0x30, 0xF6, 0x30, 0xF6, 0x30, 0xF6, 0x30, 0xF6, 0x30, 0xF6, 0x30,
    0xF6, 0x30, 0xF6, 0x30, 0xF6, 0x30, 0x46, 0x00, 0x68, 0x00, 0x69, 0x00, 0x68, 0x00, 0x69, 0x00,
    0x68, 0x00, 0x69, 0x00, 0x68, 0x00, 0x69, 0x00, 0x47, 0x00, 0xF6, 0x30, 0xF6, 0x30, 0xF6, 0x30,
    0xF6, 0x30, 0xF6, 0x30, 0xF6, 0x30, 0xF6, 0x30, 0xF6, 0x30, 0xF6, 0x30, 0xF6, 0x30, 0xF6, 0x30,
    0xF6, 0x30, 0xF6, 0x30, 0xF6, 0x30, 0xF6, 0x30, 0xF6, 0x30, 0xF6, 0x30, 0xF6, 0x30, 0xF6, 0x30,
    0xF6, 0x30, 0xF6, 0x30, 0x56, 0x00, 0x79, 0x00, 0x78, 0x00, 0x79, 0x00, 0x78, 0x00, 0x79, 0x00,
    0x78, 0x00, 0x79, 0x00, 0x78, 0x00, 0x79, 0x00, 0x78, 0x00, 0x57, 0x00, 0xB6, 0x00, 0xB7, 0x00,
    0xB8, 0x00, 0xB9, 0x00, 0xF6, 0x30, 0xF6, 0x30, 0xF6, 0x30, 0xF6, 0x30, 0xF6, 0x30, 0xF6, 0x30,
    0xF6, 0x30, 0xF6, 0x30, 0xF6, 0x30, 0xF6, 0x30, 0xF6, 0x30, 0xF6, 0x30, 0xF6, 0x30, 0xF6, 0x30,
    0xF6, 0x30, 0x46, 0x00, 0x68, 0x00, 0x69, 0x00, 0x68, 0x00, 0x69, 0x00, 0x68, 0x00, 0x69, 0x00,
    0x68, 0x00, 0x69, 0x00, 0x68, 0x00, 0x69, 0x00, 0x68, 0x00, 0x69, 0x00, 0x68, 0x00, 0x69, 0x00,
    0x68, 0x00, 0x69, 0x00, 0x47, 0x00, 0xF6, 0x30, 0xF6, 0x30, 0xF6, 0x30, 0xF6, 0x30, 0xF6, 0x30,
    0xF6, 0x30, 0xF6, 0x30, 0xF6, 0x30, 0xF6, 0x30, 0xF6, 0x30, 0xF6, 0x30, 0xF6, 0x30, 0xF6, 0x30,
    0x56, 0x00, 0x79, 0x00, 0x78, 0x00, 0x79, 0x00, 0x78, 0x00, 0x79, 0x00, 0x78, 0x00, 0x79, 0x00,
    0x78, 0x00, 0x79, 0x00, 0x78, 0x00, 0x79, 0x00, 0x78, 0x00, 0x79, 0x00, 0x78, 0x00, 0x79, 0x00,
    0x78, 0x00, 0x79, 0x00, 0x78, 0x00, 0x57, 0x00, 0xB6, 0x00, 0xB7, 0x00, 0xB8, 0x00, 0xB9, 0x00,
    0xF6, 0x30, 0xF6, 0x30, 0xF6, 0x30, 0xF6, 0x30, 0xF6, 0x30, 0xF6, 0x30, 0xF6, 0x30, 0x46, 0x00,
    0x68, 0x00, 0x69, 0x00, 0x68, 0x00, 0x69, 0x00, 0x68, 0x00, 0x69, 0x00, 0x68, 0x00, 0x69, 0x00,
    0x68, 0x00, 0x69, 0x00, 0x68, 0x00, 0x69, 0x00, 0x20, 0x10, 0x21, 0x10, 0x22, 0x10, 0x23, 0x10,
    0x2A, 0x10, 0x2B, 0x10, 0x22, 0x10, 0x23, 0x10, 0x24, 0x10, 0x25, 0x10, 0x68, 0x00, 0x69, 0x00,
    0xF6, 0x30, 0xF6, 0x30, 0xF6, 0x30, 0xF6, 0x30, 0xF6, 0x30, 0xF6, 0x30, 0x56, 0x00, 0x79, 0x00,
    0x78, 0x00, 0x79, 0x00, 0x78, 0x00, 0x79, 0x00, 0x78, 0x00, 0x79, 0x00, 0x78, 0x00, 0x79, 0x00,
    0x78, 0x00, 0x79, 0x00, 0x78, 0x00, 0x79, 0x00, 0x30, 0x10, 0x31, 0x10, 0x32, 0x10, 0x32, 0x14,
    0x3A, 0x10, 0x3B, 0x10, 0x32, 0x10, 0x32, 0x14, 0x34, 0x10, 0x35, 0x10, 0x78, 0x00, 0x79, 0x00,
    0xF6, 0x30, 0xF6, 0x30, 0xF6, 0x30, 0xF6, 0x30, 0xF6, 0x30, 0xD2, 0x00, 0x68, 0x00, 0x69, 0x00,
    0x68, 0x00, 0x69, 0x00, 0x68, 0x00, 0x69, 0x00, 0x68, 0x00, 0x69, 0x00, 0x68, 0x00, 0x69, 0x00,
    0x68, 0x00, 0x69, 0x00, 0x68, 0x00, 0x69, 0x00, 0x40, 0x10, 0x41, 0x10, 0x42, 0x10, 0x42, 0x14,
    0x4B, 0x10, 0x4B, 0x14, 0x42, 0x10, 0x42, 0x14, 0x41, 0x14, 0x45, 0x10, 0x68, 0x00, 0x69, 0x00,
    0xF6, 0x30, 0xF6, 0x30, 0xF6, 0x30, 0xF6, 0x30, 0xF6, 0x30, 0xE0, 0x00, 0x78, 0x00, 0x79, 0x00,
    0x78, 0x00, 0x79, 0x00, 0x78, 0x00, 0x79, 0x00, 0x78, 0x00, 0x79, 0x00, 0x78, 0x00, 0x79, 0x00,
    0x78, 0x00, 0x79, 0x00, 0x78, 0x00, 0x79, 0x00, 0x45, 0x1C, 0x41, 0x18, 0x42, 0x18, 0x42, 0x1C,
    0x4B, 0x18, 0x4B, 0x1C, 0x42, 0x18, 0x42, 0x1C, 0x41, 0x1C, 0x40, 0x1C, 0x78, 0x00, 0x79, 0x00,
    0xF6, 0x30, 0xF6, 0x30, 0xF6, 0x30, 0xF6, 0x30, 0xF6, 0x30, 0xE0, 0x00, 0x68, 0x00, 0x69, 0x00,
    0x68, 0x00, 0x69, 0x00, 0x68, 0x00, 0x69, 0x00, 0x68, 0x00, 0x69, 0x00, 0x68, 0x00, 0x69, 0x00,
    0x68, 0x00, 0x69, 0x00, 0x68, 0x00, 0x69, 0x00, 0x35, 0x1C, 0x34, 0x1C, 0x32, 0x18, 0x32, 0x1C,
    0x3B, 0x1C, 0x3A, 0x1C, 0x32, 0x18, 0x32, 0x1C, 0x31, 0x1C, 0x30, 0x1C, 0x68, 0x00, 0x69, 0x00,
    0xF6, 0x30, 0xF6, 0x30, 0xF6, 0x30, 0xF6, 0x30, 0xF6, 0x30, 0xD0, 0x00, 0x78, 0x00, 0x79, 0x00,
    0x78, 0x00, 0x79, 0x00, 0x78, 0x00, 0x79, 0x00, 0x78, 0x00, 0x79, 0x00, 0x78, 0x00, 0x79, 0x00,
    0x78, 0x00, 0x79, 0x00, 0x78, 0x00, 0x79, 0x00, 0x25, 0x1C, 0x24, 0x1C, 0x23, 0x1C, 0x22, 0x1C,
    0x2B, 0x1C, 0x2A, 0x1C, 0x23, 0x1C, 0x22, 0x1C, 0x21, 0x1C, 0x20, 0x1C, 0x78, 0x00, 0x79, 0x00,
    0xF6, 0x30, 0xF6, 0x30, 0xF6, 0x30, 0xF6, 0x30, 0xF6, 0x30, 0xE0, 0x00, 0x68, 0x00, 0x69, 0x00,
    0x68, 0x00, 0x69, 0x00, 0x68, 0x00, 0x69, 0x00, 0x68, 0x00, 0x69, 0x00, 0x68, 0x00, 0x69, 0x00,
    0x68, 0x00, 0x69, 0x00, 0x68, 0x00, 0x69, 0x00, 0x68, 0x00, 0x69, 0x00, 0x68, 0x00, 0x69, 0x00,
    0x68, 0x00, 0x69, 0x00, 0x68, 0x00, 0x69, 0x00, 0x68, 0x00, 0x69, 0x00, 0x68, 0x00, 0x69, 0x00,
    0xF6, 0x30, 0xF6, 0x30, 0xF6, 0x30, 0xF6, 0x30, 0xF6, 0x30, 0xD0, 0x00, 0x78, 0x00, 0x79, 0x00,
    0x78, 0x00, 0x79, 0x00, 0x78, 0x00, 0x79, 0x00, 0x78, 0x00, 0x79, 0x00, 0x78, 0x00, 0x79, 0x00,
    0x78, 0x00, 0x79, 0x00, 0x78, 0x00, 0x79, 0x00, 0x78, 0x00, 0x79, 0x00, 0x78, 0x00, 0x79, 0x00,
    0x78, 0x00, 0x79, 0x00, 0x78, 0x00, 0x79, 0x00, 0x78, 0x00, 0x79, 0x00, 0x78, 0x00, 0x79, 0x00,
    0xF6, 0x30, 0xF6, 0x30, 0xF6, 0x30, 0xF6, 0x30, 0xF6, 0x30, 0x46, 0x00, 0x68, 0x00, 0x69, 0x00,
    0x68, 0x00, 0x69, 0x00, 0x68, 0x00, 0x69, 0x00, 0x68, 0x00, 0x69, 0x00, 0x68, 0x00, 0x69, 0x00,
    0x68, 0x00, 0x69, 0x00, 0x68, 0x00, 0x69, 0x00, 0x68, 0x00, 0x69, 0x00, 0x68, 0x00, 0x69, 0x00,
    0x68, 0x00, 0x69, 0x00, 0x68, 0x00, 0x69, 0x00, 0x68, 0x00, 0x69, 0x00, 0x68, 0x00, 0x69, 0x00,
    0xF6, 0x30, 0xF6, 0x30, 0xF6, 0x30, 0xF6, 0x30, 0x56, 0x00, 0x79, 0x00, 0x78, 0x00, 0x79, 0x00,
    0x78, 0x00, 0x79, 0x00, 0x78, 0x00, 0x79, 0x00, 0x78, 0x00, 0x79, 0x00, 0x78, 0x00, 0x79, 0x00,
    0x78, 0x00, 0x79, 0x00, 0x78, 0x00, 0x79, 0x00, 0x78, 0x00, 0x79, 0x00, 0x78, 0x00, 0x79, 0x00,
    0x78, 0x00, 0x79, 0x00, 0x78, 0x00, 0x79, 0x00, 0x78, 0x00, 0x79, 0x00, 0x78, 0x00, 0x79, 0x00,
    0xF6, 0x30, 0xF6, 0x30, 0xF6, 0x30, 0xD2, 0x00, 0x68, 0x00, 0x69, 0x00, 0x68, 0x00, 0x69, 0x00,
    0x68, 0x00, 0x69, 0x00, 0x68, 0x00, 0x69, 0x00, 0x68, 0x00, 0x69, 0x00, 0x0E, 0x20, 0x0D, 0x20,
    0x0A, 0x20, 0x0D, 0x20, 0x0A, 0x20, 0x0D, 0x20, 0x18, 0x20, 0x69, 0x00, 0x68, 0x00, 0x69, 0x00,
    0x68, 0x00, 0x69, 0x00, 0x68, 0x00, 0x69, 0x00, 0x68, 0x00, 0x69, 0x00, 0x68, 0x00, 0x69, 0x00,
    0xF6, 0x30, 0xF6, 0x30, 0xF6, 0x30, 0xE0, 0x00, 0x78, 0x00, 0x79, 0x00, 0x78, 0x00, 0x79, 0x00,
    0x78, 0x00, 0x79, 0x00, 0x78, 0x00, 0x79, 0x00, 0x78, 0x00, 0x79, 0x00, 0x1E, 0x20, 0x1D, 0x20,
    0x1A, 0x20, 0x1D, 0x20, 0x1A, 0x20, 0x1D, 0x20, 0x28, 0x20, 0x19, 0x20, 0x78, 0x00, 0x79, 0x00,
    0x78, 0x00, 0x79, 0x00, 0x78, 0x00, 0x79, 0x00, 0x78, 0x00, 0x79, 0x00, 0x78, 0x00, 0x79, 0x00,
    0xF6, 0x30, 0xF6, 0x30, 0xF6, 0x30, 0xE0, 0x00, 0x68, 0x00, 0x69, 0x00, 0x68, 0x00, 0x69, 0x00,
    0x68, 0x00, 0x69, 0x00, 0x68, 0x00, 0x69, 0x00, 0x68, 0x00, 0x69, 0x00, 0xC6, 0x20, 0xCB, 0x20,
    0xC8, 0x20, 0xCB, 0x20, 0xBE, 0x20, 0x85, 0x20, 0x38, 0x20, 0x29, 0x20, 0x18, 0x20, 0x69, 0x00,
    0x68, 0x00, 0x69, 0x00, 0x68, 0x00, 0x69, 0x00, 0x68, 0x00, 0x69, 0x00, 0x68, 0x00, 0x69, 0x00,
    0xF6, 0x30, 0xF6, 0x30, 0xF6, 0x30, 0xD0, 0x00, 0x78, 0x00, 0x79, 0x00, 0x78, 0x00, 0x20, 0x10,
    0x21, 0x10, 0x22, 0x10, 0x23, 0x10, 0x24, 0x10, 0x25, 0x10, 0x79, 0x00, 0xD6, 0x20, 0xDB, 0x20,
    0xD8, 0x20, 0xDB, 0x20, 0xCE, 0x20, 0xBF, 0x20, 0x85, 0x20, 0x39, 0x20, 0x28, 0x20, 0x19, 0x20,
    0x78, 0x00, 0x79, 0x00, 0x78, 0x00, 0x79, 0x00, 0x78, 0x00, 0x79, 0x00, 0x78, 0x00, 0x79, 0x00,
    0xF6, 0x30, 0xF6, 0x30, 0xF6, 0x30, 0xE0, 0x00, 0x68, 0x00, 0x69, 0x00, 0x68, 0x00, 0x30, 0x10,
    0x31, 0x10, 0x32, 0x10, 0x32, 0x14, 0x34, 0x10, 0x35, 0x10, 0x69, 0x00, 0x87, 0x20, 0xEB, 0x20,
    0xE8, 0x20, 0xEB, 0x20, 0xDE, 0x20, 0xCF, 0x20, 0xBE, 0x20, 0x85, 0x20, 0x38, 0x20, 0x29, 0x20,
    0x0A, 0x20, 0x0B, 0x20, 0x0C, 0x20, 0x0D, 0x20, 0x0A, 0x20, 0x0B, 0x20, 0x0C, 0x20, 0x0D, 0x20,
    0xF6, 0x30, 0xF6, 0x30, 0xF6, 0x30, 0xD0, 0x00, 0x78, 0x00, 0x79, 0x00, 0x78, 0x00, 0x40, 0x10,
    0x41, 0x10, 0x42, 0x10, 0x42, 0x14, 0x41, 0x14, 0x45, 0x10, 0x79, 0x00, 0xD3, 0x00, 0xF6, 0x30,
    0xF6, 0x30, 0xF6, 0x30, 0xEE, 0x20, 0xDF, 0x20, 0xCE, 0x20, 0xBF, 0x20, 0x85, 0x20, 0x39, 0x20,
    0x1A, 0x20, 0x1B, 0x20, 0x1C, 0x20, 0x1D, 0x20, 0x1A, 0x20, 0x1B, 0x20, 0x1C, 0x20, 0x1D, 0x20,
    0xF6, 0x30, 0xF6, 0x30, 0xF6, 0x30, 0xD0, 0x00, 0x68, 0x00, 0x69, 0x00, 0x68, 0x00, 0x45, 0x1C,
    0x41, 0x18, 0x42, 0x18, 0x42, 0x1C, 0x41, 0x1C, 0x40, 0x1C, 0x69, 0x00, 0xD1, 0x00, 0xF6, 0x30,
    0xF6, 0x30, 0xF6, 0x30, 0xF6, 0x30, 0xEF, 0x20, 0xDE, 0x20, 0xCF, 0x20, 0xC8, 0x20, 0xCB, 0x20,
    0xC8, 0x20, 0xC9, 0x20, 0xCA, 0x20, 0xCB, 0x20, 0xC8, 0x20, 0xC9, 0x20, 0xCA, 0x20, 0xCB, 0x20,
    0xF6, 0x30, 0xF6, 0x30, 0xF6, 0x30, 0xE0, 0x00, 0x78, 0x00, 0x79, 0x00, 0x78, 0x00, 0x35, 0x1C,
    0x34, 0x1C, 0x32, 0x18, 0x32, 0x1C, 0x31, 0x1C, 0x30, 0x1C, 0x79, 0x00, 0xE1, 0x00, 0xF6, 0x30,
    0xF6, 0x30, 0xF6, 0x30, 0xF6, 0x30, 0xF6, 0x30, 0xEE, 0x20, 0xDF, 0x20, 0xD8, 0x20, 0xDB, 0x20,
    0xD8, 0x20, 0xD9, 0x20, 0xDA, 0x20, 0xDB, 0x20, 0xD8, 0x20, 0xD9, 0x20, 0xDA, 0x20, 0xDB, 0x20,
    0xF6, 0x30, 0xF6, 0x30, 0xF6, 0x30, 0xF0, 0x00, 0x66, 0x00, 0x69, 0x00, 0x68, 0x00, 0x25, 0x1C,
    0x24, 0x1C, 0x23, 0x1C, 0x22, 0x1C, 0x21, 0x1C, 0x20, 0x1C, 0x67, 0x00, 0xF1, 0x00, 0xF6, 0x30,
    0xF6, 0x30, 0xF6, 0x30, 0xF6, 0x30, 0xF6, 0x30, 0xF6, 0x30, 0xEF, 0x20, 0xE8, 0x20, 0xEB, 0x20,
    0xE8, 0x20, 0xE9, 0x20, 0xEA, 0x20, 0xEB, 0x20, 0xE8, 0x20, 0xE9, 0x20, 0xEA, 0x20, 0xEB, 0x20,
    0xF6, 0x30, 0xF6, 0x30, 0xF6, 0x30, 0xF3, 0x00, 0xE2, 0x00, 0x76, 0x00, 0x78, 0x00, 0x79, 0x00,
    0x78, 0x00, 0x79, 0x00, 0x78, 0x00, 0x79, 0x00, 0x77, 0x00, 0xE5, 0x00, 0xF4, 0x00, 0xF6, 0x30,
    0xF6, 0x30, 0xF6, 0x30, 0xF6, 0x30, 0xF6, 0x30, 0xF6, 0x30, 0xF6, 0x30, 0xF6, 0x30, 0xF6, 0x30,
    0xF6, 0x30, 0xF6, 0x30, 0xF6, 0x30, 0xF6, 0x30, 0xF6, 0x30, 0xF6, 0x30, 0xF6, 0x30, 0xF6, 0x30,
    0xF6, 0x30, 0xF6, 0x30, 0xF6, 0x30, 0xF6, 0x30, 0xF2, 0x00, 0xE3, 0x00, 0xB0, 0x00, 0xB1, 0x00,
    0xB2, 0x00, 0xB3, 0x00, 0xB4, 0x00, 0xB5, 0x00, 0xE4, 0x00, 0xF5, 0x00, 0xF6, 0x30, 0xF6, 0x30,
    0xF6, 0x30, 0xF6, 0x30, 0xF6, 0x30, 0xF6, 0x30, 0xF6, 0x30, 0xF6, 0x30, 0xF6, 0x30, 0xF6, 0x30,
    0xF6, 0x30, 0xF6, 0x30, 0xF6, 0x30, 0xF6, 0x30, 0xF6, 0x30, 0xF6, 0x30, 0xF6, 0x30, 0xF6, 0x30,
    0xF6, 0x30, 0xF6, 0x30, 0xF6, 0x30, 0xF6, 0x30, 0xF6, 0x30, 0xF3, 0x00, 0xC0, 0x00, 0xC1, 0x00,
    0xC2, 0x00, 0xC3, 0x00, 0xC4, 0x00, 0xC5, 0x00, 0xF4, 0x00, 0xF6, 0x30, 0xF6, 0x30, 0xF6, 0x30,
    0xF6, 0x30, 0xF6, 0x30, 0xF6, 0x30, 0xF6, 0x30, 0xF6, 0x30, 0xF6, 0x30, 0xF6, 0x30, 0xF6, 0x30,
    0xF6, 0x30, 0xF6, 0x30, 0xF6, 0x30, 0xF6, 0x30, 0xF6, 0x30, 0xF6, 0x30, 0xF6, 0x30, 0xF6, 0x30,
    0xF6, 0x30, 0xF6, 0x30, 0xF6, 0x30, 0xF6, 0x30, 0xF6, 0x30, 0xF6, 0x30, 0xF6, 0x30, 0xF6, 0x30,
    0xF6, 0x30, 0xF6, 0x30, 0xF6, 0x30, 0xF6, 0x30, 0xF6, 0x30, 0xF6, 0x30, 0xF6, 0x30, 0xF6, 0x30,
    0xF6, 0x30, 0xF6, 0x30, 0xF6, 0x30, 0xF6, 0x30, 0xF6, 0x30, 0xF6, 0x30, 0xF6, 0x30, 0xF6, 0x30,
    0xF6, 0x30, 0xF6, 0x30, 0xF6, 0x30, 0xF6, 0x30, 0xF6, 0x30, 0xF6, 0x30, 0xF6, 0x30, 0xF6, 0x30,
    0xF6, 0x30, 0xF6, 0x30, 0xF6, 0x30, 0xF6, 0x30, 0xF6, 0x30, 0xF6, 0x30, 0xF6, 0x30, 0xF6, 0x30,
    0xF6, 0x30, 0xF6, 0x30, 0xF6, 0x30, 0xF6, 0x30, 0xF6, 0x30, 0xF6, 0x30, 0xF6, 0x30, 0xF6, 0x30,
    0xF6, 0x30, 0xF6, 0x30, 0xF6, 0x30, 0xF6, 0x30, 0xF6, 0x30, 0xF6, 0x30, 0xF6, 0x30, 0xF6, 0x30,
    0xF6, 0x30, 0xF6, 0x30, 0xF6, 0x30, 0xF6, 0x30, 0xF6, 0x30, 0xF6, 0x30, 0xF6, 0x30, 0xF6, 0x30,
    0xF6, 0x30, 0xF6, 0x30, 0xF6, 0x30, 0xF6, 0x30, 0xF6, 0x30, 0xF6, 0x30, 0xF6, 0x30, 0xF6, 0x30,
    0xF6, 0x30, 0xF6, 0x30, 0xF6, 0x30, 0xF6, 0x30, 0xF6, 0x30, 0xF6, 0x30, 0xF6, 0x30, 0xF6, 0x30,
    0xF6, 0x30, 0xF6, 0x30, 0xF6, 0x30, 0xF6, 0x30, 0xF6, 0x30, 0xF6, 0x30, 0xF6, 0x30, 0xF6, 0x30,
    0xF6, 0x30, 0xF6, 0x30, 0xF6, 0x30, 0xF6, 0x30, 0xF6, 0x30, 0xF6, 0x30, 0xF6, 0x30, 0xF6, 0x30,
    0xF6, 0x30, 0xF6, 0x30, 0xF6, 0x30, 0xF6, 0x30, 0xF6, 0x30, 0xF6, 0x30, 0xF6, 0x30, 0xF6, 0x30,
    0xF6, 0x30, 0xF6, 0x30, 0xF6, 0x30, 0xF6, 0x30, 0xF6, 0x30, 0xF6, 0x30, 0xF6, 0x30, 0xF6, 0x30,
    0xF6, 0x30, 0xF6, 0x30, 0xF6, 0x30, 0xF6, 0x30, 0xF6, 0x30, 0xF6, 0x30, 0xF6, 0x30, 0xF6, 0x30,
    0xF6, 0x30, 0xF6, 0x30, 0xF6, 0x30, 0xF6, 0x30, 0xF6, 0x30, 0xF6, 0x30, 0xF6, 0x30, 0xF6, 0x30,
    0xF6, 0x30, 0xF6, 0x30, 0xF6, 0x30, 0xF6, 0x30, 0xF6, 0x30, 0xF6, 0x30, 0xF6, 0x30, 0xF6, 0x30,
    0xF6, 0x30, 0xF6, 0x30, 0xF6, 0x30, 0xF6, 0x30, 0xF6, 0x30, 0xF6, 0x30, 0xF6, 0x30, 0xF6, 0x30,
    0xF6, 0x30, 0xF6, 0x30, 0xF6, 0x30, 0xF6, 0x30, 0xF6, 0x30, 0xF6, 0x30, 0xF6, 0x30, 0xF6, 0x30,
    0xF6, 0x30, 0xF6, 0x30, 0xF6, 0x30, 0xF6, 0x30, 0xF6, 0x30, 0xF6, 0x30, 0xF6, 0x30, 0xF6, 0x30,
    0xF6, 0x30, 0xF6, 0x30, 0xF6, 0x30, 0xF6, 0x30, 0xF6, 0x30, 0xF6, 0x30, 0xF6, 0x30, 0xF6, 0x30,
    0xF6, 0x30, 0xF6, 0x30, 0xF6, 0x30, 0xF6, 0x30, 0xB6, 0x00, 0xB7, 0x00, 0xB8, 0x00, 0xB9, 0x00,
    0xB6, 0x00, 0xB7, 0x00, 0xB8, 0x00, 0xB9, 0x00, 0xF6, 0x30, 0xF6, 0x30, 0xF6, 0x30, 0xF6, 0x30,
    0xF6, 0x30, 0xF6, 0x30, 0xF6, 0x30, 0xF6, 0x30, 0xF6, 0x30, 0xF6, 0x30, 0xF6, 0x30, 0xF6, 0x30,
    0xF6, 0x30, 0xF6, 0x30, 0xF6, 0x30, 0xF6, 0x30, 0xF6, 0x30, 0xF6, 0x30, 0xF6, 0x30, 0xF6, 0x30,
    0xF6, 0x30, 0xF6, 0x30, 0xF6, 0x30, 0xD2, 0x00, 0x68, 0x00, 0x69, 0x00, 0x68, 0x00, 0x69, 0x00,
    0x68, 0x00, 0x69, 0x00, 0x68, 0x00, 0x69, 0x00, 0xD3, 0x00, 0xF6, 0x30, 0xF6, 0x30, 0xF6, 0x30,
    0xF6, 0x30, 0xF6, 0x30, 0xF6, 0x30, 0xF6, 0x30, 0xF6, 0x30, 0xF6, 0x30, 0xF6, 0x30, 0xF6, 0x30,
    0xF6, 0x30, 0xF6, 0x30, 0xF6, 0x30, 0xF6, 0x30, 0xF6, 0x30, 0xF6, 0x30, 0xF6, 0x30, 0xF6, 0x30,
    0xF6, 0x30, 0xF6, 0x30, 0xF6, 0x30, 0xE0, 0x00, 0x78, 0x00, 0x79, 0x00, 0x78, 0x00, 0x79, 0x00,
    0x78, 0x00, 0x79, 0x00, 0x78, 0x00, 0x79, 0x00, 0xE1, 0x00, 0xF6, 0x30, 0xF6, 0x30, 0xF6, 0x30,
    0xF6, 0x30, 0xF6, 0x30, 0xF6, 0x30, 0xF6, 0x30, 0xF6, 0x30, 0xF6, 0x30, 0xF6, 0x30, 0xF6, 0x30,
    0xF6, 0x30, 0xF6, 0x30, 0xF6, 0x30, 0xF6, 0x30, 0xF6, 0x30, 0xF6, 0x30, 0xF6, 0x30, 0xF6, 0x30,
    0xF6, 0x30, 0xF6, 0x30, 0xF6, 0x30, 0xD0, 0x00, 0x68, 0x00, 0x69, 0x00, 0x68, 0x00, 0x69, 0x00,
    0x68, 0x00, 0x69, 0x00, 0x68, 0x00, 0x69, 0x00, 0x47, 0x00, 0xF6, 0x30, 0xF6, 0x30, 0xF6, 0x30,
    0xF6, 0x30, 0xF6, 0x30, 0xF6, 0x30, 0xF6, 0x30, 0xF6, 0x30, 0xF6, 0x30, 0xF6, 0x30, 0xF6, 0x30,
    0xF6, 0x30, 0xF6, 0x30, 0xF6, 0x30, 0xF6, 0x30, 0xF6, 0x30, 0xF6, 0x30, 0xF6, 0x30, 0xF6, 0x30,
    0xF6, 0x30, 0xF6, 0x30, 0xF6, 0x30, 0xE0, 0x00, 0x20, 0x10, 0x21, 0x10, 0x22, 0x10, 0x23, 0x10,
    0x24, 0x10, 0x25, 0x10, 0x78, 0x00, 0x79, 0x00, 0x78, 0x00, 0x57, 0x00, 0xB6, 0x00, 0xB7, 0x00,
    0xB8, 0x00, 0xB9, 0x00, 0xBA, 0x00, 0xBB, 0x00, 0xB6, 0x00, 0xB7, 0x00, 0xB8, 0x00, 0xB9, 0x00,
    0xF6, 0x30, 0xF6, 0x30, 0xF6, 0x30, 0xF6, 0x30, 0xF6, 0x30, 0xF6, 0x30, 0xF6, 0x30, 0xF6, 0x30,
    0xF6, 0x30, 0xF6, 0x30, 0xF6, 0x30, 0xD0, 0x00, 0x30, 0x10, 0x31, 0x10, 0x32, 0x10, 0x32, 0x14,
    0x34, 0x10, 0x35, 0x10, 0x68, 0x00, 0x69, 0x00, 0x68, 0x00, 0x69, 0x00, 0x68, 0x00, 0x69, 0x00,
    0x68, 0x00, 0x69, 0x00, 0x68, 0x00, 0x69, 0x00, 0x68, 0x00, 0x69, 0x00, 0x68, 0x00, 0x69, 0x00,
    0xF6, 0x30, 0xF6, 0x30, 0xF6, 0x30, 0xF6, 0x30, 0xF6, 0x30, 0xF6, 0x30, 0xF6, 0x30, 0xF6, 0x30,
    0xF6, 0x30, 0xF6, 0x30, 0xF6, 0x30, 0xE0, 0x00, 0x40, 0x10, 0x41, 0x10, 0x42, 0x10, 0x42, 0x14,
    0x41, 0x14, 0x45, 0x10, 0x78, 0x00, 0x79, 0x00, 0x78, 0x00, 0x79, 0x00, 0x78, 0x00, 0x79, 0x00,
    0x78, 0x00, 0x79, 0x00, 0x78, 0x00, 0x79, 0x00, 0x78, 0x00, 0x79, 0x00, 0x78, 0x00, 0x79, 0x00,
    0xF6, 0x30, 0xF6, 0x30, 0xF6, 0x30, 0xF6, 0x30, 0xF6, 0x30, 0xF6, 0x30, 0xF6, 0x30, 0xF6, 0x30,
    0xF6, 0x30, 0xF6, 0x30, 0xF6, 0x30, 0xD0, 0x00, 0x45, 0x1C, 0x41, 0x18, 0x42, 0x18, 0x42, 0x1C,
    0x41, 0x1C, 0x40, 0x1C, 0x68, 0x00, 0x69, 0x00, 0x68, 0x00, 0x69, 0x00, 0x68, 0x00, 0x69, 0x00,
    0x68, 0x00, 0x69, 0x00, 0x68, 0x00, 0x69, 0x00, 0x68, 0x00, 0x69, 0x00, 0x68, 0x00, 0x69, 0x00,
    0xF6, 0x30, 0xF6, 0x30, 0xF6, 0x30, 0xF6, 0x30, 0xF6, 0x30, 0xF6, 0x30, 0xF6, 0x30, 0xF6, 0x30,
    0xF6, 0x30, 0xF6, 0x30, 0xF6, 0x30, 0xE0, 0x00, 0x35, 0x1C, 0x34, 0x1C, 0x32, 0x18, 0x32, 0x1C,
    0x31, 0x1C, 0x30, 0x1C, 0x78, 0x00, 0x79, 0x00, 0x78, 0x00, 0x79, 0x00, 0x78, 0x00, 0x79, 0x00,
    0x78, 0x00, 0x79, 0x00, 0x78, 0x00, 0x79, 0x00, 0x78, 0x00, 0x79, 0x00, 0x78, 0x00, 0x79, 0x00,
    0xF6, 0x30, 0xF6, 0x30, 0xF6, 0x30, 0xF6, 0x30, 0xF6, 0x30, 0xF6, 0x30, 0xF6, 0x30, 0xF6, 0x30,
    0xF6, 0x30, 0xF6, 0x30, 0xF6, 0x30, 0x46, 0x00, 0x25, 0x1C, 0x24, 0x1C, 0x23, 0x1C, 0x22, 0x1C,
    0x21, 0x1C, 0x20, 0x1C, 0x68, 0x00, 0x69, 0x00, 0x68, 0x00, 0x69, 0x00, 0x68, 0x00, 0x69, 0x00,
    0x68, 0x00, 0x69, 0x00, 0x68, 0x00, 0x69, 0x00, 0x68, 0x00, 0x69, 0x00, 0x68, 0x00, 0x69, 0x00,
    0xF6, 0x30, 0xF6, 0x30, 0xF6, 0x30, 0xF6, 0x30, 0xF6, 0x30, 0xF6, 0x30, 0xB6, 0x00, 0xB7, 0x00,
    0xB8, 0x00, 0xB9, 0x00, 0x56, 0x00, 0x79, 0x00, 0x78, 0x00, 0x79, 0x00, 0x78, 0x00, 0x79, 0x00,
    0x78, 0x00, 0x79, 0x00, 0x78, 0x00, 0x79, 0x00, 0x78, 0x00, 0x79, 0x00, 0x20, 0x10, 0x21, 0x10,
    0x22, 0x10, 0x23, 0x10, 0x24, 0x10, 0x25, 0x10, 0x78, 0x00, 0x79, 0x00, 0x78, 0x00, 0x79, 0x00,
    0xF6, 0x30, 0xF6, 0x30, 0xF6, 0x30, 0xF6, 0x30, 0xF6, 0x30, 0x46, 0x00, 0x68, 0x00, 0x69, 0x00,
    0x68, 0x00, 0x69, 0x00, 0x68, 0x00, 0x69, 0x00, 0x68, 0x00, 0x69, 0x00, 0x68, 0x00, 0x69, 0x00,
    0x68, 0x00, 0x69, 0x00, 0x68, 0x00, 0x69, 0x00, 0x68, 0x00, 0x69, 0x00, 0x30, 0x10, 0x31, 0x10,
    0x32, 0x10, 0x32, 0x14, 0x34, 0x10, 0x35, 0x10, 0x68, 0x00, 0x69, 0x00, 0x68, 0x00, 0x69, 0x00,
    0xF6, 0x30, 0xF6, 0x30, 0xF6, 0x30, 0xF6, 0x30, 0x56, 0x00, 0x79, 0x00, 0x78, 0x00, 0x79, 0x00,
    0x78, 0x00, 0x79, 0x00, 0x78, 0x00, 0x79, 0x00, 0x78, 0x00, 0x79, 0x00, 0x78, 0x00, 0x79, 0x00,
    0x78, 0x00, 0x79, 0x00, 0x78, 0x00, 0x79, 0x00, 0x78, 0x00, 0x79, 0x00, 0x40, 0x10, 0x41, 0x10,
    0x42, 0x10, 0x42, 0x14, 0x41, 0x14, 0x45, 0x10, 0x78, 0x00, 0x79, 0x00, 0x78, 0x00, 0x79, 0x00,
    0xF6, 0x30, 0xF6, 0x30, 0xF6, 0x30, 0xD2, 0x00, 0x68, 0x00, 0x69, 0x00, 0x68, 0x00, 0x69, 0x00,
    0x68, 0x00, 0x69, 0x00, 0x68, 0x00, 0x69, 0x00, 0x68, 0x00, 0x69, 0x00, 0x68, 0x00, 0x69, 0x00,
    0x68, 0x00, 0x69, 0x00, 0x68, 0x00, 0x69, 0x00, 0x68, 0x00, 0x69, 0x00, 0x45, 0x1C, 0x41, 0x18,
    0x42, 0x18, 0x42, 0x1C, 0x41, 0x1C, 0x40, 0x1C, 0x68, 0x00, 0x69, 0x00, 0x68, 0x00, 0x69, 0x00,
    0xF6, 0x30, 0xF6, 0x30, 0xF6, 0x30, 0xE0, 0x00, 0x78, 0x00, 0x79, 0x00, 0x78, 0x00, 0x79, 0x00,
    0x78, 0x00, 0x79, 0x00, 0x78, 0x00, 0x79, 0x00, 0x78, 0x00, 0x79, 0x00, 0x78, 0x00, 0x79, 0x00,
    0x78, 0x00, 0x79, 0x00, 0x78, 0x00, 0x79, 0x00, 0x78, 0x00, 0x79, 0x00, 0x35, 0x1C, 0x34, 0x1C,
    0x32, 0x18, 0x32, 0x1C, 0x31, 0x1C, 0x30, 0x1C, 0x78, 0x00, 0x79, 0x00, 0x78, 0x00, 0x79, 0x00,
    0xF6, 0x30, 0xF6, 0x30, 0xF6, 0x30, 0xD0, 0x00, 0x68, 0x00, 0x69, 0x00, 0x68, 0x00, 0x69, 0x00,
    0x68, 0x00, 0x69, 0x00, 0x68, 0x00, 0x69, 0x00, 0x68, 0x00, 0x69, 0x00, 0x68, 0x00, 0x69, 0x00,
    0x68, 0x00, 0x69, 0x00, 0x68, 0x00, 0x69, 0x00, 0x68, 0x00, 0x69, 0x00, 0x25, 0x1C, 0x24, 0x1C,
    0x23, 0x1C, 0x22, 0x1C, 0x21, 0x1C, 0x20, 0x1C, 0x68, 0x00, 0x69, 0x00, 0x68, 0x00, 0x69, 0x00,
    0xF6, 0x30, 0xF6, 0x30, 0xF6, 0x30, 0xE0, 0x00, 0x78, 0x00, 0x79, 0x00, 0x78, 0x00, 0x79, 0x00,
    0x78, 0x00, 0x79, 0x00, 0x78, 0x00, 0x79, 0x00, 0x78, 0x00, 0x79, 0x00, 0x78, 0x00, 0x79, 0x00,
    0x78, 0x00, 0x79, 0x00, 0x78, 0x00, 0x79, 0x00, 0x78, 0x00, 0x79, 0x00, 0x78, 0x00, 0x79, 0x00,
    0x78, 0x00, 0x79, 0x00, 0x78, 0x00, 0x79, 0x00, 0x78, 0x00, 0x79, 0x00, 0x78, 0x00, 0x79, 0x00,
    0xF6, 0x30, 0xF6, 0x30, 0xF6, 0x30, 0xF0, 0x00, 0x66, 0x00, 0x69, 0x00, 0x68, 0x00, 0x69, 0x00,
    0x68, 0x00, 0x69, 0x00, 0x68, 0x00, 0x69, 0x00, 0x68, 0x00, 0x69, 0x00, 0x68, 0x00, 0x69, 0x00,
    0x68, 0x00, 0x69, 0x00, 0x68, 0x00, 0x69, 0x00, 0x68, 0x00, 0x69, 0x00, 0x0E, 0x20, 0x0D, 0x20,
    0x0A, 0x20, 0x0D, 0x20, 0x18, 0x20, 0x69, 0x00, 0x68, 0x00, 0x69, 0x00, 0x68, 0x00, 0x69, 0x00,
    0xF6, 0x30, 0xF6, 0x30, 0xF6, 0x30, 0xF3, 0x00, 0xE2, 0x00, 0x76, 0x00, 0x78, 0x00, 0x79, 0x00,
    0x78, 0x00, 0x20, 0x10, 0x21, 0x10, 0x22, 0x10, 0x23, 0x10, 0x2A, 0x10, 0x2B, 0x10, 0x22, 0x10,
    0x23, 0x10, 0x24, 0x10, 0x25, 0x10, 0x79, 0x00, 0x78, 0x00, 0x79, 0x00, 0x1E, 0x20, 0x1D, 0x20,
    0x1A, 0x20, 0x1D, 0x20, 0x28, 0x20, 0x19, 0x20, 0x78, 0x00, 0x79, 0x00, 0x78, 0x00, 0x79, 0x00,
    0xF6, 0x30, 0xF6, 0x30, 0xF6, 0x30, 0xF6, 0x30, 0xF2, 0x00, 0xE3, 0x00, 0x66, 0x00, 0x69, 0x00,
    0x68, 0x00, 0x30, 0x10, 0x31, 0x10, 0x32, 0x10, 0x32, 0x14, 0x3A, 0x10, 0x3B, 0x10, 0x32, 0x10,
    0x32, 0x14, 0x34, 0x10, 0x35, 0x10, 0x69, 0x00, 0x68, 0x00, 0x69, 0x00, 0xC6, 0x20, 0xCB, 0x20,
    0xBE, 0x20, 0x85, 0x20, 0x38, 0x20, 0x29, 0x20, 0x0A, 0x20, 0x0B, 0x20, 0x0C, 0x20, 0x0D, 0x20,
    0xF6, 0x30, 0xF6, 0x30, 0xF6, 0x30, 0xF6, 0x30, 0xF6, 0x30, 0xF3, 0x00, 0xE2, 0x00, 0x76, 0x00,
    0x78, 0x00, 0x40, 0x10, 0x41, 0x10, 0x42, 0x10, 0x42, 0x14, 0x4B, 0x10, 0x4B, 0x14, 0x42, 0x10,
    0x42, 0x14, 0x41, 0x14, 0x45, 0x10, 0x79, 0x00, 0x78, 0x00, 0x79, 0x00, 0xD6, 0x20, 0xDB, 0x20,
    0xCE, 0x20, 0xBF, 0x20, 0x85, 0x20, 0x39, 0x20, 0x1A, 0x20, 0x1B, 0x20, 0x1C, 0x20, 0x1D, 0x20,
    0xF6, 0x30, 0xF6, 0x30, 0xF6, 0x30, 0xF6, 0x30, 0xF6, 0x30, 0xF6, 0x30, 0xF2, 0x00, 0xD5, 0x00,
    0x68, 0x00, 0x45, 0x1C, 0x41, 0x18, 0x42, 0x18, 0x42, 0x1C, 0x4B, 0x18, 0x4B, 0x1C, 0x42, 0x18,
    0x42, 0x1C, 0x41, 0x1C, 0x40, 0x1C, 0x69, 0x00, 0x68, 0x00, 0x67, 0x00, 0xE6, 0x20, 0xEB, 0x20,
    0xDE, 0x20, 0xCF, 0x20, 0xC8, 0x20, 0xCB, 0x20, 0xC8, 0x20, 0xC9, 0x20, 0xCA, 0x20, 0xCB, 0x20,
    0xF6, 0x30, 0xF6, 0x30, 0xF6, 0x30, 0xF6, 0x30, 0xF6, 0x30, 0xF6, 0x30, 0xF6, 0x30, 0xE0, 0x00,
    0x78, 0x00, 0x35, 0x1C, 0x34, 0x1C, 0x32, 0x18, 0x32, 0x1C, 0x3B, 0x1C, 0x3A, 0x1C, 0x32, 0x18,
    0x32, 0x1C, 0x31, 0x1C, 0x30, 0x1C, 0x79, 0x00, 0x77, 0x00, 0xE5, 0x00, 0xF6, 0x30, 0xF6, 0x30,
    0xEE, 0x20, 0xDF, 0x20, 0xD8, 0x20, 0xDB, 0x20, 0xD8, 0x20, 0xD9, 0x20, 0xDA, 0x20, 0xDB, 0x20,
    0xF6, 0x30, 0xF6, 0x30, 0xF6, 0x30, 0xF6, 0x30, 0xF6, 0x30, 0xF6, 0x30, 0xF6, 0x30, 0xF0, 0x00,
    0x66, 0x00, 0x25, 0x1C, 0x24, 0x1C, 0x23, 0x1C, 0x22, 0x1C, 0x2B, 0x1C, 0x2A, 0x1C, 0x23, 0x1C,
    0x22, 0x1C, 0x21, 0x1C, 0x20, 0x1C, 0x67, 0x00, 0xE4, 0x00, 0xF5, 0x00, 0xF6, 0x30, 0xF6, 0x30,
    0xF6, 0x30, 0xEF, 0x20, 0xE8, 0x20, 0xEB, 0x20, 0xE8, 0x20, 0xE9, 0x20, 0xEA, 0x20, 0xEB, 0x20,
    0xF6, 0x30, 0xF6, 0x30, 0xF6, 0x30, 0xF6, 0x30, 0xF6, 0x30, 0xF6, 0x30, 0xF6, 0x30, 0xF3, 0x00,
    0xE2, 0x00, 0x76, 0x00, 0x78, 0x00, 0x79, 0x00, 0x78, 0x00, 0x79, 0x00, 0x78, 0x00, 0x79, 0x00,
    0x78, 0x00, 0x79, 0x00, 0x77, 0x00, 0xE5, 0x00, 0xF4, 0x00, 0xF6, 0x30, 0xF6, 0x30, 0xF6, 0x30,
    0xF6, 0x30, 0xF6, 0x30, 0xF6, 0x30, 0xF6, 0x30, 0xF6, 0x30, 0xF6, 0x30, 0xF6, 0x30, 0xF6, 0x30,
    0xF6, 0x30, 0xF6, 0x30, 0xF6, 0x30, 0xF6, 0x30, 0xF6, 0x30, 0xF6, 0x30, 0xF6, 0x30, 0xF6, 0x30,
    0xF2, 0x00, 0xE3, 0x00, 0xB0, 0x00, 0xB1, 0x00, 0xB2, 0x00, 0xB3, 0x00, 0xB4, 0x00, 0xB5, 0x00,
    0xB0, 0x00, 0xB1, 0x00, 0xE4, 0x00, 0xF5, 0x00, 0xF6, 0x30, 0xF6, 0x30, 0xF6, 0x30, 0xF6, 0x30,
    0xF6, 0x30, 0xF6, 0x30, 0xF6, 0x30, 0xF6, 0x30, 0xF6, 0x30, 0xF6, 0x30, 0xF6, 0x30, 0xF6, 0x30,
    0xF6, 0x30, 0xF6, 0x30, 0xF6, 0x30, 0xF6, 0x30, 0xF6, 0x30, 0xF6, 0x30, 0xF6, 0x30, 0xF6, 0x30,
    0xF6, 0x30, 0xF3, 0x00, 0xC0, 0x00, 0xC1, 0x00, 0xC2, 0x00, 0xC3, 0x00, 0xC4, 0x00, 0xC5, 0x00,
    0xC0, 0x00, 0xC1, 0x00, 0xF4, 0x00, 0xF6, 0x30, 0xF6, 0x30, 0xF6, 0x30, 0xF6, 0x30, 0xF6, 0x30,
    0xF6, 0x30, 0xF6, 0x30, 0xF6, 0x30, 0xF6, 0x30, 0xF6, 0x30, 0xF6, 0x30, 0xF6, 0x30, 0xF6, 0x30,
    0xF6, 0x30, 0xF6, 0x30, 0xF6, 0x30, 0xF6, 0x30, 0xF6, 0x30, 0xF6, 0x30, 0xF6, 0x30, 0xF6, 0x30,
    0xF6, 0x30, 0xF6, 0x30, 0xF6, 0x30, 0xF6, 0x30, 0xF6, 0x30, 0xF6, 0x30, 0xF6, 0x30, 0xF6, 0x30,
    0xF6, 0x30, 0xF6, 0x30, 0xF6, 0x30, 0xF6, 0x30, 0xF6, 0x30, 0xF6, 0x30, 0xF6, 0x30, 0xF6, 0x30,
    0xF6, 0x30, 0xF6, 0x30, 0xF6, 0x30, 0xF6, 0x30, 0xF6, 0x30, 0xF6, 0x30, 0xF6, 0x30, 0xF6, 0x30,
    0xF6, 0x30, 0xF6, 0x30, 0xF6, 0x30, 0xF6, 0x30, 0xF6, 0x30, 0xF6, 0x30, 0xF6, 0x30, 0xF6, 0x30,
    0xF6, 0x30, 0xF6, 0x30, 0xF6, 0x30, 0xF6, 0x30, 0xF6, 0x30, 0xF6, 0x30, 0xF6, 0x30, 0xF6, 0x30,
    0xF6, 0x30, 0xF6, 0x30, 0xF6, 0x30, 0xF6, 0x30, 0xF6, 0x30, 0xF6, 0x30, 0xF6, 0x30, 0xF6, 0x30,
    0xF6, 0x30, 0xF6, 0x30, 0xF6, 0x30, 0xF6, 0x30, 0xF6, 0x30, 0xF6, 0x30, 0xF6, 0x30, 0xF6, 0x30,
};

/* Original address: 0x0202F3FC */
u8 sFieldPaletteAnimation0[512] = {
    0x05, 0x51, 0xCB, 0x2E, 0xC6, 0x36, 0x66, 0x42, 0x04, 0x36, 0x1D, 0x47, 0xBA, 0x42, 0x58, 0x3E,
    0xF5, 0x39, 0x92, 0x31, 0x50, 0x2D, 0x70, 0x66, 0xEC, 0x5D, 0x68, 0x55, 0x3A, 0x32, 0xD7, 0x29,
    0x05, 0x51, 0xCB, 0x2E, 0xC6, 0x36, 0x66, 0x42, 0x04, 0x36, 0x1D, 0x47, 0xBA, 0x42, 0x58, 0x3E,
    0xF5, 0x39, 0x92, 0x31, 0x50, 0x2D, 0x91, 0x6A, 0x0D, 0x62, 0x89, 0x59, 0x3A, 0x32, 0xD7, 0x29,
    0x05, 0x51, 0xCB, 0x2E, 0xC6, 0x36, 0x66, 0x42, 0x04, 0x36, 0x1D, 0x47, 0xBA, 0x42, 0x58, 0x3E,
    0xF5, 0x39, 0x92, 0x31, 0x50, 0x2D, 0xD3, 0x6A, 0x2E, 0x62, 0x89, 0x59, 0x3A, 0x32, 0xD7, 0x29,
    0x05, 0x51, 0xCB, 0x2E, 0xC6, 0x36, 0x66, 0x42, 0x04, 0x36, 0x1D, 0x47, 0xBA, 0x42, 0x58, 0x3E,
    0xF5, 0x39, 0x92, 0x31, 0x50, 0x2D, 0x15, 0x6F, 0x4F, 0x62, 0xAA, 0x59, 0x3A, 0x32, 0xD7, 0x29,
    0x05, 0x51, 0xCB, 0x2E, 0xC6, 0x36, 0x66, 0x42, 0x04, 0x36, 0x1D, 0x47, 0xBA, 0x42, 0x58, 0x3E,
    0xF5, 0x39, 0x92, 0x31, 0x50, 0x2D, 0x36, 0x73, 0x70, 0x66, 0xAA, 0x59, 0x3A, 0x32, 0xD7, 0x29,
    0x05, 0x51, 0xCB, 0x2E, 0xC6, 0x36, 0x66, 0x42, 0x04, 0x36, 0x1D, 0x47, 0xBA, 0x42, 0x58, 0x3E,
    0xF5, 0x39, 0x92, 0x31, 0x50, 0x2D, 0x78, 0x77, 0x91, 0x6A, 0xCB, 0x5D, 0x3A, 0x32, 0xD7, 0x29,
    0x05, 0x51, 0xCB, 0x2E, 0xC6, 0x36, 0x66, 0x42, 0x04, 0x36, 0x1D, 0x47, 0xBA, 0x42, 0x58, 0x3E,
    0xF5, 0x39, 0x92, 0x31, 0x50, 0x2D, 0xBA, 0x7B, 0xD3, 0x6A, 0xEC, 0x5D, 0x3A, 0x32, 0xD7, 0x29,
    0x05, 0x51, 0xCB, 0x2E, 0xC6, 0x36, 0x66, 0x42, 0x04, 0x36, 0x1D, 0x47, 0xBA, 0x42, 0x58, 0x3E,
    0xF5, 0x39, 0x92, 0x31, 0x50, 0x2D, 0x78, 0x77, 0x91, 0x6A, 0xCB, 0x5D, 0x3A, 0x32, 0xD7, 0x29,
    0x05, 0x51, 0xCB, 0x2E, 0xC6, 0x36, 0x66, 0x42, 0x04, 0x36, 0x1D, 0x47, 0xBA, 0x42, 0x58, 0x3E,
    0xF5, 0x39, 0x92, 0x31, 0x50, 0x2D, 0x36, 0x73, 0x70, 0x66, 0xAA, 0x59, 0x3A, 0x32, 0xD7, 0x29,
    0x05, 0x51, 0xCB, 0x2E, 0xC6, 0x36, 0x66, 0x42, 0x04, 0x36, 0x1D, 0x47, 0xBA, 0x42, 0x58, 0x3E,
    0xF5, 0x39, 0x92, 0x31, 0x50, 0x2D, 0x15, 0x6F, 0x4F, 0x62, 0xAA, 0x59, 0x3A, 0x32, 0xD7, 0x29,
    0x05, 0x51, 0xCB, 0x2E, 0xC6, 0x36, 0x66, 0x42, 0x04, 0x36, 0x1D, 0x47, 0xBA, 0x42, 0x58, 0x3E,
    0xF5, 0x39, 0x92, 0x31, 0x50, 0x2D, 0xD3, 0x6A, 0x2E, 0x62, 0x89, 0x59, 0x3A, 0x32, 0xD7, 0x29,
    0x05, 0x51, 0xCB, 0x2E, 0xC6, 0x36, 0x66, 0x42, 0x04, 0x36, 0x1D, 0x47, 0xBA, 0x42, 0x58, 0x3E,
    0xF5, 0x39, 0x92, 0x31, 0x50, 0x2D, 0x91, 0x6A, 0x0D, 0x62, 0x89, 0x59, 0x3A, 0x32, 0xD7, 0x29,
    0x05, 0x51, 0xCB, 0x2E, 0xC6, 0x36, 0x66, 0x42, 0x04, 0x36, 0x1D, 0x47, 0xBA, 0x42, 0x58, 0x3E,
    0xF5, 0x39, 0x92, 0x31, 0x50, 0x2D, 0x70, 0x66, 0xEC, 0x5D, 0x68, 0x55, 0x3A, 0x32, 0xD7, 0x29,
    0x05, 0x51, 0xCB, 0x2E, 0xC6, 0x36, 0x66, 0x42, 0x04, 0x36, 0x1D, 0x47, 0xBA, 0x42, 0x58, 0x3E,
    0xF5, 0x39, 0x92, 0x31, 0x50, 0x2D, 0x2E, 0x62, 0xCB, 0x59, 0x68, 0x55, 0x3A, 0x32, 0xD7, 0x29,
    0x05, 0x51, 0x05, 0x51, 0x05, 0x51, 0x05, 0x51, 0x05, 0x51, 0x05, 0x51, 0x05, 0x51, 0x05, 0x51,
    0x05, 0x51, 0x05, 0x51, 0x05, 0x51, 0x05, 0x51, 0x05, 0x51, 0x05, 0x51, 0x05, 0x51, 0x05, 0x51,
    0x05, 0x51, 0x05, 0x51, 0x05, 0x51, 0x05, 0x51, 0x05, 0x51, 0x05, 0x51, 0x05, 0x51, 0x05, 0x51,
    0x05, 0x51, 0x05, 0x51, 0x05, 0x51, 0x05, 0x51, 0x05, 0x51, 0x05, 0x51, 0x05, 0x51, 0x05, 0x51,
};

/* Original address: 0x0202F5FC */
u8 sFieldPaletteAnimation2[512] = {
    0x05, 0x51, 0xCB, 0x2E, 0xC6, 0x36, 0x66, 0x42, 0x04, 0x36, 0x19, 0x4F, 0xD7, 0x42, 0x75, 0x3A,
    0x12, 0x32, 0xF0, 0x2D, 0x34, 0x36, 0x34, 0x36, 0x34, 0x36, 0x34, 0x36, 0x34, 0x36, 0xBA, 0x7B,
    0x05, 0x51, 0xCB, 0x2E, 0xC6, 0x36, 0x66, 0x42, 0x04, 0x36, 0x19, 0x4F, 0xD7, 0x42, 0x75, 0x3A,
    0x12, 0x32, 0xF0, 0x2D, 0x34, 0x36, 0x34, 0x36, 0x34, 0x36, 0x34, 0x36, 0xBA, 0x7B, 0x4F, 0x66,
    0x05, 0x51, 0xCB, 0x2E, 0xC6, 0x36, 0x66, 0x42, 0x04, 0x36, 0x19, 0x4F, 0xD7, 0x42, 0x75, 0x3A,
    0x12, 0x32, 0xF0, 0x2D, 0x34, 0x36, 0x34, 0x36, 0x34, 0x36, 0xBA, 0x7B, 0xD3, 0x6A, 0xEC, 0x5D,
    0x05, 0x51, 0xCB, 0x2E, 0xC6, 0x36, 0x66, 0x42, 0x04, 0x36, 0x19, 0x4F, 0xD7, 0x42, 0x75, 0x3A,
    0x12, 0x32, 0xF0, 0x2D, 0x34, 0x36, 0x34, 0x36, 0xBA, 0x7B, 0xF4, 0x6E, 0x4F, 0x66, 0xAA, 0x59,
    0x05, 0x51, 0xCB, 0x2E, 0xC6, 0x36, 0x66, 0x42, 0x04, 0x36, 0x19, 0x4F, 0xD7, 0x42, 0x75, 0x3A,
    0x12, 0x32, 0xF0, 0x2D, 0x34, 0x36, 0xBA, 0x7B, 0x15, 0x73, 0x91, 0x6A, 0x0D, 0x62, 0x89, 0x59,
    0x05, 0x51, 0xCB, 0x2E, 0xC6, 0x36, 0x66, 0x42, 0x04, 0x36, 0x19, 0x4F, 0xD7, 0x42, 0x75, 0x3A,
    0x12, 0x32, 0xF0, 0x2D, 0xBA, 0x7B, 0x36, 0x73, 0xD3, 0x6A, 0x4F, 0x66, 0xEC, 0x5D, 0x68, 0x55,
    0x05, 0x51, 0xCB, 0x2E, 0xC6, 0x36, 0x66, 0x42, 0x04, 0x36, 0x19, 0x4F, 0xD7, 0x42, 0x75, 0x3A,
    0x12, 0x32, 0xF0, 0x2D, 0x78, 0x77, 0xF4, 0x6E, 0x91, 0x6A, 0x2E, 0x62, 0xCB, 0x5D, 0x68, 0x55,
    0x05, 0x51, 0xCB, 0x2E, 0xC6, 0x36, 0x66, 0x42, 0x04, 0x36, 0x19, 0x4F, 0xD7, 0x42, 0x75, 0x3A,
    0x12, 0x32, 0xF0, 0x2D, 0x36, 0x73, 0xD3, 0x6A, 0x70, 0x66, 0x0D, 0x62, 0xAA, 0x59, 0x47, 0x55,
    0x05, 0x51, 0xCB, 0x2E, 0xC6, 0x36, 0x66, 0x42, 0x04, 0x36, 0x19, 0x4F, 0xD7, 0x42, 0x75, 0x3A,
    0x12, 0x32, 0xF0, 0x2D, 0xF0, 0x2D, 0x36, 0x73, 0xB2, 0x6A, 0x4F, 0x62, 0xCB, 0x5D, 0x68, 0x55,
    0x05, 0x51, 0xCB, 0x2E, 0xC6, 0x36, 0x66, 0x42, 0x04, 0x36, 0x19, 0x4F, 0xD7, 0x42, 0x75, 0x3A,
    0x12, 0x32, 0xF0, 0x2D, 0xF0, 0x2D, 0xF0, 0x2D, 0x36, 0x73, 0x91, 0x6A, 0x0D, 0x62, 0x89, 0x59,
    0x05, 0x51, 0xCB, 0x2E, 0xC6, 0x36, 0x66, 0x42, 0x04, 0x36, 0x19, 0x4F, 0xD7, 0x42, 0x75, 0x3A,
    0x12, 0x32, 0xF0, 0x2D, 0xF1, 0x2D, 0xF1, 0x2D, 0xF1, 0x2D, 0x36, 0x73, 0x70, 0x66, 0xAA, 0x59,
    0x05, 0x51, 0xCB, 0x2E, 0xC6, 0x36, 0x66, 0x42, 0x04, 0x36, 0x19, 0x4F, 0xD7, 0x42, 0x75, 0x3A,
    0x12, 0x32, 0xF0, 0x2D, 0x12, 0x32, 0x12, 0x32, 0x12, 0x32, 0x12, 0x32, 0x36, 0x73, 0x0D, 0x62,
    0x05, 0x51, 0xCB, 0x2E, 0xC6, 0x36, 0x66, 0x42, 0x04, 0x36, 0x19, 0x4F, 0xD7, 0x42, 0x75, 0x3A,
    0x12, 0x32, 0xF0, 0x2D, 0x12, 0x32, 0x12, 0x32, 0x12, 0x32, 0x12, 0x32, 0x12, 0x32, 0x36, 0x73,
    0x05, 0x51, 0xCB, 0x2E, 0xC6, 0x36, 0x66, 0x42, 0x04, 0x36, 0x19, 0x4F, 0xD7, 0x42, 0x75, 0x3A,
    0x12, 0x32, 0xF0, 0x2D, 0x13, 0x32, 0x13, 0x32, 0x13, 0x32, 0x13, 0x32, 0x13, 0x32, 0x78, 0x77,
    0x05, 0x51, 0x05, 0x51, 0x05, 0x51, 0x05, 0x51, 0x05, 0x51, 0x05, 0x51, 0x05, 0x51, 0x05, 0x51,
    0x05, 0x51, 0x05, 0x51, 0x05, 0x51, 0x05, 0x51, 0x05, 0x51, 0x05, 0x51, 0x05, 0x51, 0x05, 0x51,
    0x05, 0x51, 0x05, 0x51, 0x05, 0x51, 0x05, 0x51, 0x05, 0x51, 0x05, 0x51, 0x05, 0x51, 0x05, 0x51,
    0x05, 0x51, 0x05, 0x51, 0x05, 0x51, 0x05, 0x51, 0x05, 0x51, 0x05, 0x51, 0x05, 0x51, 0x05, 0x51,
};

/* Original address: 0x0202F7FC */
ItemGroupStruct g_ItemDefinitions[ITEM_TYPE_COUNT] = {
    { 0x423C, 0x0000, 0x409C, 0x0020, 0x0001, 0x0000 }, /* Item_IsFossil */
    { 0x4224, 0x0000, 0x4090, 0x0016, 0x0001, 0x0000 }, /* Item_IsFurniture */
    { 0x5228, 0x0000, 0x5092, 0x0021, 0x0002, 0x0000 }, /* Item_IsGyroid */
    { 0x4204, 0x0000, 0x4080, 0x0000, 0x0005, 0x0000 }, /* Item_IsApple */
    { 0x6208, 0x0000, 0x6082, 0x0001, 0x0005, 0x0000 }, /* Item_IsOrange */
    { 0x420C, 0x0000, 0x4084, 0x0002, 0x0005, 0x0000 }, /* Item_IsPeach */
    { 0x4210, 0x0000, 0x4086, 0x0003, 0x0005, 0x0000 }, /* Item_IsPear */
    { 0x4214, 0x0000, 0x4088, 0x0004, 0x0005, 0x0000 }, /* Item_IsCherry */
    { 0x5218, 0x0000, 0x508A, 0x0FFF, 0x0005, 0x0000 }, /* Item_IsTurnip */
    { 0x521C, 0x0000, 0x508C, 0x0006, 0x0005, 0x0000 }, /* Item_IsMushroom */
    { 0x4220, 0x0000, 0x408E, 0x0007, 0x0005, 0x0000 }, /* Item_IsCandy */
    { 0x522C, 0x0000, 0x5094, 0x0008, 0x0001, 0x0000 }, /* Item_Is100Bells */
    { 0x5230, 0x0000, 0x5096, 0x0FFF, 0x0001, 0x0000 }, /* Item_IsSeedlingDiaryTicketGrabBag */
    { 0x6234, 0x0000, 0x0FFF, 0x0FFF, 0x0FFF, 0x0000 }, /* Item_IsSignboard */
    { 0x6238, 0x0000, 0x609A, 0x001E, 0x0001, 0x0000 }, /* Item_IsShirt */
    { 0x6240, 0x0000, 0x609E, 0x0025, 0x0004, 0x0000 }, /* Item_IsTrash */
    { 0x5244, 0x0000, 0x50C0, 0x000C, 0x0002, 0x0000 }, /* Item_IsPitfall */
    { 0x5248, 0x0000, 0x0FFF, 0x0FFF, 0x0FFF, 0x0000 }, /* Item_IsConchSeaShellIcon */
    { 0x524C, 0x0000, 0x0FFF, 0x0FFF, 0x0FFF, 0x0000 }, /* Item_IsLionsPawShellIcon */
    { 0x4250, 0x0000, 0x0FFF, 0x0FFF, 0x0FFF, 0x0000 }, /* Item_IsCoral */
    { 0x4254, 0x0000, 0x0FFF, 0x0FFF, 0x0FFF, 0x0000 }, /* Item_IsPurpleCosmos */
    { 0x6254, 0x0000, 0x0FFF, 0x0FFF, 0x0FFF, 0x0000 }, /* Item_IsBlueCosmos */
    { 0x5254, 0x0000, 0x0FFF, 0x0FFF, 0x0FFF, 0x0000 }, /* Item_IsYellowCosmos */
    { 0x4258, 0x0000, 0x0FFF, 0x0FFF, 0x0FFF, 0x0000 }, /* Item_IsRedTulips */
    { 0x5258, 0x0000, 0x0FFF, 0x0FFF, 0x0FFF, 0x0000 }, /* Item_IsWhiteTulips */
    { 0x6258, 0x0000, 0x0FFF, 0x0FFF, 0x0FFF, 0x0000 }, /* Item_IsYellowTulips */
    { 0x425C, 0x0000, 0x0FFF, 0x0FFF, 0x0FFF, 0x0000 }, /* Item_IsWhitePansies */
    { 0x525C, 0x0000, 0x0FFF, 0x0FFF, 0x0FFF, 0x0000 }, /* Item_IsPurplePansies */
    { 0x625C, 0x0000, 0x0FFF, 0x0FFF, 0x0FFF, 0x0000 }, /* Item_IsYellowPansies */
    { 0x42A4, 0x0000, 0x0FFF, 0x0FFF, 0x0FFF, 0x0000 }, /* Item_IsFlowerLeaves */
    { 0x427C, 0x0000, 0x40C8, 0x0005, 0x0005, 0x0000 }, /* Item_IsCoconut */
    { 0x0001, 0x0000, 0x0FFF, 0x0FFF, 0x0FFF, 0x0000 }, /* Item_IsCabana */
    { 0x0002, 0x0000, 0x0FFF, 0x0FFF, 0x0FFF, 0x0000 }, /* Item_IsIslanderHouse */
    { 0x3260, 0x0000, 0x0FFF, 0x0FFF, 0x0FFF, 0x0000 }, /* Item_IsSapling */
    { 0x3280, 0x0003, 0x0FFF, 0x0FFF, 0x0FFF, 0x0000 }, /* Item_IsSmallTree */
    { 0x3284, 0x0004, 0x0FFF, 0x0FFF, 0x0FFF, 0x0000 }, /* Item_IsMediumTree */
    { 0x3289, 0x0005, 0x0FFF, 0x0FFF, 0x0FFF, 0x0000 }, /* Item_IsLargeTree */
    { 0x3291, 0x0006, 0x0FFF, 0x0FFF, 0x0FFF, 0x0000 }, /* Item_IsFullyGrownTree */
    { 0x3264, 0x0000, 0x0FFF, 0x0FFF, 0x0FFF, 0x0000 }, /* Item_IsDeadSapling */
    { 0x3291, 0x0007, 0x0FFF, 0x0FFF, 0x0FFF, 0x0000 }, /* Item_IsFruitAppleTree */
    { 0x3291, 0x0008, 0x0FFF, 0x0FFF, 0x0FFF, 0x0000 }, /* Item_IsFruitOrangeTree */
    { 0x3291, 0x0009, 0x0FFF, 0x0FFF, 0x0FFF, 0x0000 }, /* Item_IsFruitPeachTree */
    { 0x3291, 0x000A, 0x0FFF, 0x0FFF, 0x0FFF, 0x0000 }, /* Item_IsPearFruitTree */
    { 0x3291, 0x000B, 0x0FFF, 0x0FFF, 0x0FFF, 0x0000 }, /* Item_IsFruitCherryTree */
    { 0x3280, 0x0000, 0x0FFF, 0x0FFF, 0x0FFF, 0x0000 }, /* Item_IsSmallStump */
    { 0x3284, 0x0000, 0x0FFF, 0x0FFF, 0x0FFF, 0x0000 }, /* Item_IsMediumStump */
    { 0x3289, 0x000C, 0x0FFF, 0x0FFF, 0x0FFF, 0x0000 }, /* Item_IsLargeStump */
    { 0x3291, 0x000D, 0x0FFF, 0x0FFF, 0x0FFF, 0x0000 }, /* Item_IsFullyGrownStump */
    { 0x3268, 0x0000, 0x0FFF, 0x0FFF, 0x0FFF, 0x0000 }, /* Item_IsPalmSapling */
    { 0x3298, 0x000E, 0x0FFF, 0x0FFF, 0x0FFF, 0x0000 }, /* Item_IsSmallPalmTree */
    { 0x329C, 0x000F, 0x0FFF, 0x0FFF, 0x0FFF, 0x0000 }, /* Item_IsMediumPalmTree */
    { 0x32A0, 0x0010, 0x0FFF, 0x0FFF, 0x0FFF, 0x0000 }, /* Item_IsLargePalmTree */
    { 0x32A4, 0x0011, 0x0FFF, 0x0FFF, 0x0FFF, 0x0000 }, /* Item_IsPalmTree */
    { 0x326C, 0x0000, 0x0FFF, 0x0FFF, 0x0FFF, 0x0000 }, /* Item_IsDeadPalmSapling */
    { 0x32A4, 0x0012, 0x0FFF, 0x0FFF, 0x0FFF, 0x0000 }, /* Item_IsFruitPalmTree */
    { 0x3298, 0x0000, 0x0FFF, 0x0FFF, 0x0FFF, 0x0000 }, /* Item_IsSmallPalmStump */
    { 0x329C, 0x0000, 0x0FFF, 0x0FFF, 0x0FFF, 0x0000 }, /* Item_IsMediumPalmStump */
    { 0x32A0, 0x0000, 0x0FFF, 0x0FFF, 0x0FFF, 0x0000 }, /* Item_IsLargePalmStump */
    { 0x32A4, 0x0000, 0x0FFF, 0x0FFF, 0x0FFF, 0x0000 }, /* Item_IsFullyGrownPalmStump */
    { 0x32A8, 0x0013, 0x0FFF, 0x0FFF, 0x0FFF, 0x0000 }, /* Item_IsIslandFlag */
    { 0x12AC, 0x0014, 0x0FFF, 0x0FFF, 0x0FFF, 0x0000 }, /* Item_IsHole */
    { 0x0270, 0x0000, 0x0FFF, 0x0FFF, 0x0FFF, 0x0000 }, /* Item_IsBuriedPitfall */
    { 0x3260, 0x0000, 0x0FFF, 0x0FFF, 0x0FFF, 0x0000 }, /* Item_IsCedarSapling */
    { 0x3264, 0x0000, 0x0FFF, 0x0FFF, 0x0FFF, 0x0000 }, /* Item_IsDeadCedarSapling */
    { 0x4278, 0x0000, 0x0FFF, 0x0FFF, 0x0FFF, 0x0000 }, /* Item_IsWeed */
    { 0x12B0, 0x0000, 0x0FFF, 0x0FFF, 0x0FFF, 0x0000 }, /* Item_IsRock */
    { 0x522C, 0x0000, 0x5094, 0x0009, 0x0001, 0x0000 }, /* Item_Is1KBells */
    { 0x522C, 0x0000, 0x5094, 0x000A, 0x0002, 0x0000 }, /* Item_Is10KBells */
    { 0x522C, 0x0000, 0x5094, 0x000B, 0x0003, 0x0000 }, /* Item_Is30KBells */
    { 0x6234, 0x0000, 0x6098, 0x0FFF, 0x0007, 0x0000 }, /* Item_IsNet */
    { 0x6234, 0x0000, 0x6098, 0x0FFF, 0x0008, 0x0000 }, /* Item_IsGoldenNet */
    { 0x6234, 0x0000, 0x6098, 0x0FFF, 0x0009, 0x0000 }, /* Item_IsAxe */
    { 0x6234, 0x0000, 0x6098, 0x0FFF, 0x000A, 0x0000 }, /* Item_IsGoldenAxe */
    { 0x6234, 0x0000, 0x6098, 0x0FFF, 0x000B, 0x0000 }, /* Item_IsShovel */
    { 0x6234, 0x0000, 0x6098, 0x0FFF, 0x000C, 0x0000 }, /* Item_IsGoldenShovel */
    { 0x6234, 0x0000, 0x6098, 0x0FFF, 0x000D, 0x0000 }, /* Item_IsFishingRod */
    { 0x6234, 0x0000, 0x6098, 0x0FFF, 0x000E, 0x0000 }, /* Item_IsGoldenRod */
    { 0x6234, 0x0000, 0x6098, 0x0022, 0x0001, 0x0000 }, /* Item_IsUmbrella */
    { 0x6234, 0x0000, 0x6098, 0x0FFF, 0x0002, 0x0000 }, /* Item_IsPaint */
    { 0x6234, 0x0000, 0x6098, 0x0FFF, 0x0002, 0x0000 }, /* Item_IsBalloon */
    { 0x6234, 0x0000, 0x6098, 0x0FFF, 0x0002, 0x0000 }, /* Item_IsPinwheel */
    { 0x6234, 0x0000, 0x6098, 0x0FFF, 0x0002, 0x0000 }, /* Item_IsHandFan */
    { 0x6238, 0x0000, 0x609A, 0x001A, 0x0001, 0x0000 }, /* Item_IsCarpet */
    { 0x6238, 0x0000, 0x609A, 0x001C, 0x0001, 0x0000 }, /* Item_IsWallpaper */
    { 0x6238, 0x0000, 0x609A, 0x0023, 0x0002, 0x0000 }, /* Item_IsAirCheck */
    { 0x4224, 0x0000, 0x7352, 0x0024, 0x0003, 0x0000 }, /* Item_IsNES */
    { 0x5230, 0x0000, 0x5096, 0x0FFF, 0x0001, 0x0000 }, /* Item_IsFlowerBag */
    { 0x0200, 0x0000, 0x0FFF, 0x0FFF, 0x0FFF, 0x0000 }, /* Item_IsReserved */
};

/* Original address: 0x0202FC1C */
u8 sCabanaTilemap[128] = {
    0xE7, 0x92, 0xF2, 0x92, 0xF2, 0x92, 0xD3, 0x92, 0xF2, 0x92, 0xF2, 0x92, 0xFF, 0x92, 0x00, 0x00,
    0xE7, 0x92, 0xF2, 0x92, 0xF2, 0x92, 0xD3, 0x92, 0xF2, 0x92, 0xFA, 0x92, 0xFB, 0x92, 0xFC, 0x92,
    0xD0, 0x92, 0xD1, 0x92, 0xD2, 0x92, 0xD3, 0x92, 0xD4, 0x92, 0xD5, 0x92, 0xD6, 0x92, 0xD7, 0x92,
    0xD8, 0x92, 0xD9, 0x92, 0xDA, 0x92, 0xDB, 0x92, 0xDC, 0x92, 0xDD, 0x92, 0xDE, 0x92, 0xDF, 0x92,
    0xE0, 0x92, 0xE1, 0x92, 0xE2, 0x92, 0xE3, 0x92, 0xE4, 0x92, 0xE5, 0x92, 0xE6, 0x92, 0x00, 0x00,
    0xE8, 0x92, 0xE9, 0x92, 0xEA, 0x92, 0xEB, 0x92, 0xEC, 0x92, 0xED, 0x92, 0xEE, 0x92, 0xEF, 0x92,
    0xF0, 0x92, 0xF1, 0x92, 0xF1, 0x92, 0xF3, 0x92, 0xF4, 0x92, 0xF5, 0x92, 0xF6, 0x92, 0xF7, 0x92,
    0xF9, 0x92, 0xF8, 0x92, 0xF8, 0x92, 0xF9, 0x92, 0x00, 0x00, 0xFD, 0x92, 0xFE, 0x92, 0xE9, 0x96,
};

/* Original address: 0x0202FC9C */
u8 sIslanderHouseTilemap[96] = {
    0xC0, 0x82, 0x00, 0x00, 0x00, 0x00, 0x00, 0x00, 0x00, 0x00, 0xC0, 0x86, 0x00, 0x00, 0x00, 0x00,
    0xBA, 0x82, 0xBB, 0x82, 0xBC, 0x82, 0xBC, 0x86, 0xBB, 0x86, 0xBA, 0x86, 0x00, 0x00, 0x00, 0x00,
    0xBD, 0x82, 0xBE, 0x82, 0xBF, 0x82, 0xBF, 0x86, 0xBE, 0x86, 0xBD, 0x86, 0x00, 0x00, 0x00, 0x00,
    0xC1, 0x82, 0xC2, 0x82, 0xC3, 0x82, 0xC3, 0x86, 0xC2, 0x86, 0xC1, 0x86, 0x00, 0x00, 0x00, 0x00,
    0xC4, 0x82, 0xC5, 0x82, 0xC6, 0x82, 0xC7, 0x82, 0xC8, 0x82, 0xC9, 0x82, 0x00, 0x00, 0x00, 0x00,
    0xCA, 0x82, 0xCB, 0x82, 0xCC, 0x82, 0xCD, 0x82, 0xCE, 0x82, 0xCF, 0x82, 0x00, 0x00, 0x00, 0x00,
};

/* Original address: 0x0202FCFC */
u8 sCabanaFootprint[16] = {
    0x00, 0x01, 0x02, 0x03, 0x10, 0x11, 0x12, 0x13, 0x20, 0x21, 0x22, 0x23, 0x30, 0x31, 0x32, 0x33,
};

/* Original address: 0x0202FD0C */
u8 sIslanderHouseFootprint[9] = {
    0x00, 0x01, 0x02, 0x10, 0x11, 0x12, 0x20, 0x21, 0x22,
};

/* Original address: 0x0202FD15 */
u8 sData_0202FD15[1] __attribute__((section(".data"))) = { 0 };

/* Original address: 0x0202FD16 */
u8 sFieldEntityBaseTiles[18] = {
    0x8C, 0x32, 0x94, 0x32, 0x94, 0x32, 0x94, 0x32, 0x94, 0x32, 0x94, 0x32, 0x94, 0x32, 0x8C, 0x32,
    0x94, 0x32,
};

/* Original address: 0x0202FD28 */
void (*sIslandFieldUpdateProcs[4])(void) = {
    IslandField_UpdateNormal,
    IslandField_UpdateJoybusExit,
    IslandField_UpdateSleepExit,
    IslandField_UpdateOverviewExit,
};

/* Original address: 0x0202FD38 */
IslandBuilding_PROC gIslandBuildingProcs[2] = {
    sub_0201E030,
    sub_0201E034,
};

/* Original address: 0x0202FD40 */
u8 sIslandBuildingSprites[120] = {
    0x00, 0x00, 0x00, 0x80, 0xD8, 0xFF, 0xFF, 0xFF, 0xF9, 0xFF, 0xFF, 0xFF, 0x46, 0x01, 0x03, 0x00,
    0x01, 0x00, 0x00, 0x00, 0x00, 0x00, 0x00, 0x80, 0xD8, 0xFF, 0xFF, 0xFF, 0xE1, 0xFF, 0xFF, 0xFF,
    0x46, 0x01, 0x03, 0x01, 0x01, 0x00, 0x00, 0x00, 0x00, 0x40, 0x00, 0x40, 0xD0, 0xFF, 0xFF, 0xFF,
    0xED, 0xFF, 0xFF, 0xFF, 0x74, 0x03, 0x03, 0x00, 0x00, 0x00, 0x00, 0x00, 0x00, 0x80, 0x00, 0x80,
    0xD4, 0xFF, 0xFF, 0xFF, 0x08, 0x00, 0x00, 0x00, 0x08, 0x02, 0x03, 0x00, 0x00, 0x00, 0x00, 0x00,
    0x00, 0x00, 0x00, 0x80, 0xD4, 0xFF, 0xFF, 0xFF, 0xE8, 0xFF, 0xFF, 0xFF, 0x06, 0x02, 0x03, 0x01,
    0x00, 0x00, 0x00, 0x00, 0x00, 0x80, 0x00, 0x80, 0xF0, 0xFF, 0xFF, 0xFF, 0xF8, 0xFF, 0xFF, 0xFF,
    0x2A, 0x02, 0x03, 0x00, 0x00, 0x00, 0x00, 0x00,
};

/* Original address: 0x0202FDB8 */
u8 sData_0202FDB8[248] = {
    0xD9, 0x80, 0x08, 0x10, 0x17, 0x73, 0x00, 0x00, 0xD7, 0x80, 0x00, 0x20, 0x16, 0x73, 0x00, 0x00,
    0xD8, 0x80, 0xF8, 0x41, 0xD7, 0x00, 0x00, 0x00, 0x00, 0x00, 0x00, 0x00, 0x00, 0x00, 0xFF, 0xFF,
    0xD9, 0x80, 0x08, 0x10, 0x17, 0x73, 0x00, 0x00, 0xD7, 0x80, 0x00, 0x10, 0x16, 0x73, 0x00, 0x00,
    0xD8, 0x80, 0xF8, 0x41, 0xD7, 0x00, 0x00, 0x00, 0x00, 0x00, 0x00, 0x00, 0x00, 0x00, 0xFF, 0xFF,
    0xD7, 0x80, 0x00, 0x00, 0x17, 0x73, 0x00, 0x00, 0xD7, 0x80, 0x08, 0x20, 0x16, 0x73, 0x00, 0x00,
    0xD8, 0x80, 0xF8, 0x41, 0xD7, 0x00, 0x00, 0x00, 0x00, 0x00, 0x00, 0x00, 0x00, 0x00, 0xFF, 0xFF,
    0xD7, 0x80, 0x00, 0x00, 0x16, 0x73, 0x00, 0x00, 0xD7, 0x80, 0x08, 0x10, 0x16, 0x73, 0x00, 0x00,
    0xD8, 0x80, 0xF8, 0x41, 0xD7, 0x00, 0x00, 0x00, 0x00, 0x00, 0x00, 0x00, 0x00, 0x00, 0xFF, 0xFF,
    0xD7, 0x80, 0x00, 0x30, 0x16, 0x73, 0x00, 0x00, 0xD6, 0x80, 0x08, 0x10, 0x16, 0x73, 0x00, 0x00,
    0xD8, 0x80, 0xF8, 0x41, 0xD7, 0x00, 0x00, 0x00, 0x00, 0x00, 0x00, 0x00, 0x00, 0x00, 0xFF, 0xFF,
    0xD9, 0x80, 0x00, 0x00, 0x17, 0x73, 0x00, 0x00, 0xD6, 0x80, 0x08, 0x30, 0x16, 0x73, 0x00, 0x00,
    0xD8, 0x80, 0xF8, 0x41, 0xD7, 0x00, 0x00, 0x00, 0x00, 0x00, 0x00, 0x00, 0x00, 0x00, 0xFF, 0xFF,
    0xB8, 0xFD, 0x02, 0x02, 0x03, 0x00, 0x00, 0x00, 0xD8, 0xFD, 0x02, 0x02, 0x03, 0x00, 0x00, 0x00,
    0xF8, 0xFD, 0x02, 0x02, 0x03, 0x00, 0x00, 0x00, 0x18, 0xFE, 0x02, 0x02, 0x03, 0x00, 0x00, 0x00,
    0x38, 0xFE, 0x02, 0x02, 0x03, 0x00, 0x00, 0x00, 0x58, 0xFE, 0x02, 0x02, 0x03, 0x00, 0x00, 0x00,
    0xFF, 0xFF, 0x00, 0x00, 0xFF, 0xFF, 0xFF, 0x00,
};

/* Original address: 0x0202FEB0 */
u8 sFieldAnimationFrames[28] = {
    0x78, 0xFE, 0x02, 0x02, 0x80, 0xFE, 0x02, 0x02, 0x88, 0xFE, 0x02, 0x02, 0x90, 0xFE, 0x02, 0x02,
    0x98, 0xFE, 0x02, 0x02, 0xA0, 0xFE, 0x02, 0x02, 0xA8, 0xFE, 0x02, 0x02,
};

/* Original address: 0x0202FECC */
FieldObject_PROC gFieldObjectProcs[] = {
    FieldObject_Idle,
    FieldObject_HandleHit,
    FieldObject_UpdateShake,
    FieldObject_UpdateTopple,
    FieldObject_Deactivate,
};

/* Original address: 0x0202FEE0 */
u8 gFieldObjectSpriteFrameIndices[152] = {
    0x00, 0x00, 0x00, 0x00, 0x00, 0x00, 0x00, 0x00, 0x00, 0x00, 0x00, 0x00, 0x00, 0x00, 0x00, 0x00,
    0x00, 0x00, 0x00, 0x00, 0x00, 0x00, 0x00, 0x00, 0x0C, 0x0D, 0x0E, 0x0D, 0x0C, 0x0E, 0x0C, 0x0C,
    0x0F, 0x10, 0x11, 0x10, 0x0F, 0x11, 0x0F, 0x0F, 0x12, 0x13, 0x14, 0x13, 0x12, 0x14, 0x12, 0x12,
    0x15, 0x16, 0x17, 0x16, 0x15, 0x17, 0x15, 0x15, 0x15, 0x16, 0x17, 0x16, 0x15, 0x17, 0x15, 0x15,
    0x15, 0x16, 0x17, 0x16, 0x15, 0x17, 0x15, 0x15, 0x15, 0x16, 0x17, 0x16, 0x15, 0x17, 0x15, 0x15,
    0x15, 0x16, 0x17, 0x16, 0x15, 0x17, 0x15, 0x15, 0x15, 0x16, 0x17, 0x16, 0x15, 0x17, 0x15, 0x15,
    0x00, 0x00, 0x00, 0x00, 0x00, 0x00, 0x00, 0x00, 0x00, 0x00, 0x00, 0x00, 0x00, 0x00, 0x00, 0x00,
    0x00, 0x01, 0x02, 0x01, 0x00, 0x02, 0x00, 0x00, 0x03, 0x04, 0x05, 0x04, 0x03, 0x05, 0x03, 0x03,
    0x06, 0x07, 0x08, 0x07, 0x06, 0x08, 0x06, 0x06, 0x09, 0x0A, 0x0B, 0x0A, 0x09, 0x0B, 0x09, 0x09,
    0x09, 0x0A, 0x0B, 0x0A, 0x09, 0x0B, 0x09, 0x09,
};

/* Original address: 0x0202FF78 */
FieldObjectSpriteFrame gFieldObjectSpriteFrames[24] = {
    { 0x80000000, -24, -16, 0x01A9, 0x0000 },
    { 0x80000000, -24, -15, 0x01A9, 0x0000 },
    { 0x80000000, -24, -17, 0x01A9, 0x0000 },
    { 0xC0000000, -64, -32, 0x0152, 0x0000 },
    { 0xC0000000, -64, -31, 0x0152, 0x0000 },
    { 0xC0000000, -64, -33, 0x0152, 0x0000 },
    { 0xC0000000, -67, -32, 0x01D8, 0x0000 },
    { 0xC0000000, -67, -31, 0x01D8, 0x0000 },
    { 0xC0000000, -67, -33, 0x01D8, 0x0000 },
    { 0xC0000000, -67, -32, 0x0286, 0x0000 },
    { 0xC0000000, -67, -31, 0x0286, 0x0000 },
    { 0xC0000000, -67, -33, 0x0286, 0x0000 },
    { 0x40000000, -14, -8, 0x01C7, 0x0000 },
    { 0x40000000, -14, -7, 0x01C7, 0x0000 },
    { 0x40000000, -14, -9, 0x01C7, 0x0000 },
    { 0x80000000, -32, -16, 0x0254, 0x0000 },
    { 0x80000000, -32, -17, 0x0254, 0x0000 },
    { 0x80000000, -32, -15, 0x0254, 0x0000 },
    { 0xC0000000, -66, -32, 0x01CC, 0x0000 },
    { 0xC0000000, -66, -31, 0x01CC, 0x0000 },
    { 0xC0000000, -66, -33, 0x01CC, 0x0000 },
    { 0xC0000000, -68, -32, 0x00CB, 0x0000 },
    { 0xC0000000, -68, -31, 0x00CB, 0x0000 },
    { 0xC0000000, -68, -33, 0x00CB, 0x0000 },
};

/* Original address: 0x020300F8 */
u8 sFruitDropOffsetsX[12] = {
    0x0F, 0x0F, 0x0E, 0x0F, 0x01, 0x01, 0x02, 0x01, 0x00, 0x00, 0x0F, 0x01,
};

/* Original address: 0x02030104 */
u8 sFruitDropOffsetsY[12] = {
    0x00, 0x0F, 0x00, 0x01, 0x00, 0x0F, 0x00, 0x01, 0x01, 0x02, 0x01, 0x01,
};

/* Original address: 0x02030110 */
u8 sFieldObjectInitialTimers[19] = {
    0xFF, 0xFF, 0xFF, 0x01, 0x02, 0x03, 0x03, 0x03, 0x03, 0x03, 0x03, 0x03, 0xFF, 0xFF, 0x01, 0x02,
    0x03, 0x03, 0x03,
};

/* Original address: 0x02030123 */
u8 sFieldObjectShakeFrames[9] = {
    0x01, 0x02, 0x01, 0x00, 0x02, 0x01, 0x02, 0x01, 0x03,
};

/* Original address: 0x0203012C */
OAMData sOAMData[ISLANDER_OAM_DATA_COUNT] = {
    ISLANDER_OAM(0x00EF, 0x41F8, 0x1040, 0x0000), /* 0x0203012C */
    ISLANDER_OAM(0x00F9, 0x61F6, 0x2106, 0x0000), /* 0x02030134 */
    ISLANDER_OAM(0x00F8, 0x41F8, 0x104E, 0x0000), /* 0x0203013C */
    ISLANDER_OAM(0x0000, 0x0000, 0x0000, 0xFFFF), /* 0x02030144 */
    ISLANDER_OAM(0x00F0, 0x41F8, 0x1040, 0x0000), /* 0x0203014C */
    ISLANDER_OAM(0x00F9, 0x61F7, 0x2106, 0x0000), /* 0x02030154 */
    ISLANDER_OAM(0x00F8, 0x41F8, 0x1050, 0x0000), /* 0x0203015C */
    ISLANDER_OAM(0x0000, 0x0000, 0x0000, 0xFFFF), /* 0x02030164 */
    ISLANDER_OAM(0x00F0, 0x41F8, 0x1040, 0x0000), /* 0x0203016C */
    ISLANDER_OAM(0x00F8, 0x61F5, 0x2104, 0x0000), /* 0x02030174 */
    ISLANDER_OAM(0x00F8, 0x51F8, 0x1050, 0x0000), /* 0x0203017C */
    ISLANDER_OAM(0x0000, 0x0000, 0x0000, 0xFFFF), /* 0x02030184 */
    ISLANDER_OAM(0x00EF, 0x41F8, 0x1000, 0x0000), /* 0x0203018C */
    ISLANDER_OAM(0x00F9, 0x61F5, 0x2106, 0x0000), /* 0x02030194 */
    ISLANDER_OAM(0x00F8, 0x41F8, 0x100E, 0x0000), /* 0x0203019C */
    ISLANDER_OAM(0x0000, 0x0000, 0x0000, 0xFFFF), /* 0x020301A4 */
    ISLANDER_OAM(0x00F0, 0x41F8, 0x1000, 0x0000), /* 0x020301AC */
    ISLANDER_OAM(0x00F9, 0x61F6, 0x2106, 0x0000), /* 0x020301B4 */
    ISLANDER_OAM(0x00F8, 0x41F8, 0x1010, 0x0000), /* 0x020301BC */
    ISLANDER_OAM(0x0000, 0x0000, 0x0000, 0xFFFF), /* 0x020301C4 */
    ISLANDER_OAM(0x00F0, 0x41F8, 0x1000, 0x0000), /* 0x020301CC */
    ISLANDER_OAM(0x00F8, 0x61F4, 0x2104, 0x0000), /* 0x020301D4 */
    ISLANDER_OAM(0x00F8, 0x41F8, 0x1012, 0x0000), /* 0x020301DC */
    ISLANDER_OAM(0x0000, 0x0000, 0x0000, 0xFFFF), /* 0x020301E4 */
    ISLANDER_OAM(0x00F8, 0x41F8, 0x101A, 0x0000), /* 0x020301EC */
    ISLANDER_OAM(0x00EF, 0x41F8, 0x100C, 0x0000), /* 0x020301F4 */
    ISLANDER_OAM(0x00F9, 0x61F5, 0x2106, 0x0000), /* 0x020301FC */
    ISLANDER_OAM(0x0000, 0x0000, 0x0000, 0xFFFF), /* 0x02030204 */
    ISLANDER_OAM(0x00F8, 0x41F8, 0x101C, 0x0000), /* 0x0203020C */
    ISLANDER_OAM(0x00F0, 0x41F8, 0x100C, 0x0000), /* 0x02030214 */
    ISLANDER_OAM(0x00F9, 0x61F6, 0x2106, 0x0000), /* 0x0203021C */
    ISLANDER_OAM(0x0000, 0x0000, 0x0000, 0xFFFF), /* 0x02030224 */
    ISLANDER_OAM(0x00F8, 0x41F8, 0x101E, 0x0000), /* 0x0203022C */
    ISLANDER_OAM(0x00F0, 0x41F8, 0x100C, 0x0000), /* 0x02030234 */
    ISLANDER_OAM(0x00F8, 0x61F4, 0x2104, 0x0000), /* 0x0203023C */
    ISLANDER_OAM(0x0000, 0x0000, 0x0000, 0xFFFF), /* 0x02030244 */
    ISLANDER_OAM(0x00F8, 0x41F8, 0x1052, 0x0000), /* 0x0203024C */
    ISLANDER_OAM(0x00EF, 0x41F8, 0x104C, 0x0000), /* 0x02030254 */
    ISLANDER_OAM(0x00F8, 0x71FA, 0x2106, 0x0000), /* 0x0203025C */
    ISLANDER_OAM(0x0000, 0x0000, 0x0000, 0xFFFF), /* 0x02030264 */
    ISLANDER_OAM(0x00F8, 0x41F8, 0x1054, 0x0000), /* 0x0203026C */
    ISLANDER_OAM(0x00F0, 0x41F8, 0x104C, 0x0000), /* 0x02030274 */
    ISLANDER_OAM(0x00F8, 0x71F9, 0x2106, 0x0000), /* 0x0203027C */
    ISLANDER_OAM(0x0000, 0x0000, 0x0000, 0xFFFF), /* 0x02030284 */
    ISLANDER_OAM(0x00F8, 0x51F8, 0x1054, 0x0000), /* 0x0203028C */
    ISLANDER_OAM(0x00F0, 0x41F8, 0x104C, 0x0000), /* 0x02030294 */
    ISLANDER_OAM(0x00F7, 0x71FB, 0x2104, 0x0000), /* 0x0203029C */
    ISLANDER_OAM(0x0000, 0x0000, 0x0000, 0xFFFF), /* 0x020302A4 */
    ISLANDER_OAM(0x00EF, 0x41F8, 0x1040, 0x0000), /* 0x020302AC */
    ISLANDER_OAM(0x80E4, 0x4002, 0x212A, 0x0000), /* 0x020302B4 */
    ISLANDER_OAM(0x00FC, 0x0002, 0x20CA, 0x0000), /* 0x020302BC */
    ISLANDER_OAM(0x00F8, 0x41F8, 0x104E, 0x0000), /* 0x020302C4 */
    ISLANDER_OAM(0x0000, 0x0000, 0x0000, 0xFFFF), /* 0x020302CC */
    ISLANDER_OAM(0x00F0, 0x41F8, 0x1040, 0x0000), /* 0x020302D4 */
    ISLANDER_OAM(0x80E3, 0x4002, 0x212A, 0x0000), /* 0x020302DC */
    ISLANDER_OAM(0x00FB, 0x0002, 0x20CA, 0x0000), /* 0x020302E4 */
    ISLANDER_OAM(0x00F8, 0x41F8, 0x1050, 0x0000), /* 0x020302EC */
    ISLANDER_OAM(0x0000, 0x0000, 0x0000, 0xFFFF), /* 0x020302F4 */
    ISLANDER_OAM(0x00F0, 0x41F8, 0x1040, 0x0000), /* 0x020302FC */
    ISLANDER_OAM(0x80E5, 0x4003, 0x212A, 0x0000), /* 0x02030304 */
    ISLANDER_OAM(0x00FD, 0x0003, 0x20CA, 0x0000), /* 0x0203030C */
    ISLANDER_OAM(0x00F8, 0x51F8, 0x1050, 0x0000), /* 0x02030314 */
    ISLANDER_OAM(0x0000, 0x0000, 0x0000, 0xFFFF), /* 0x0203031C */
    ISLANDER_OAM(0x00FD, 0x0002, 0x20CA, 0x0000), /* 0x02030324 */
    ISLANDER_OAM(0x00F3, 0x5000, 0x2140, 0x0000), /* 0x0203032C */
    ISLANDER_OAM(0x00EF, 0x41F8, 0x1000, 0x0000), /* 0x02030334 */
    ISLANDER_OAM(0x00F8, 0x41F8, 0x100E, 0x0000), /* 0x0203033C */
    ISLANDER_OAM(0x0000, 0x0000, 0x0000, 0xFFFF), /* 0x02030344 */
    ISLANDER_OAM(0x00FD, 0x0003, 0x20CA, 0x0000), /* 0x0203034C */
    ISLANDER_OAM(0x00F3, 0x5001, 0x2140, 0x0000), /* 0x02030354 */
    ISLANDER_OAM(0x00F0, 0x41F8, 0x1000, 0x0000), /* 0x0203035C */
    ISLANDER_OAM(0x00F8, 0x41F8, 0x1010, 0x0000), /* 0x02030364 */
    ISLANDER_OAM(0x0000, 0x0000, 0x0000, 0xFFFF), /* 0x0203036C */
    ISLANDER_OAM(0x00FD, 0x0001, 0x20CA, 0x0000), /* 0x02030374 */
    ISLANDER_OAM(0x00F4, 0x51FE, 0x2142, 0x0000), /* 0x0203037C */
    ISLANDER_OAM(0x00F0, 0x41F8, 0x1000, 0x0000), /* 0x02030384 */
    ISLANDER_OAM(0x00F8, 0x41F8, 0x1012, 0x0000), /* 0x0203038C */
    ISLANDER_OAM(0x0000, 0x0000, 0x0000, 0xFFFF), /* 0x02030394 */
    ISLANDER_OAM(0x00FE, 0x01FB, 0x20CA, 0x0000), /* 0x0203039C */
    ISLANDER_OAM(0x00F3, 0x51FA, 0x2142, 0x0000), /* 0x020303A4 */
    ISLANDER_OAM(0x00F8, 0x41F8, 0x101A, 0x0000), /* 0x020303AC */
    ISLANDER_OAM(0x00EF, 0x41F8, 0x100C, 0x0000), /* 0x020303B4 */
    ISLANDER_OAM(0x0000, 0x0000, 0x0000, 0xFFFF), /* 0x020303BC */
    ISLANDER_OAM(0x00FF, 0x01FC, 0x20CA, 0x0000), /* 0x020303C4 */
    ISLANDER_OAM(0x00F4, 0x51FB, 0x2142, 0x0000), /* 0x020303CC */
    ISLANDER_OAM(0x00F8, 0x41F8, 0x101C, 0x0000), /* 0x020303D4 */
    ISLANDER_OAM(0x00F0, 0x41F8, 0x100C, 0x0000), /* 0x020303DC */
    ISLANDER_OAM(0x0000, 0x0000, 0x0000, 0xFFFF), /* 0x020303E4 */
    ISLANDER_OAM(0x00FD, 0x01FB, 0x20CA, 0x0000), /* 0x020303EC */
    ISLANDER_OAM(0x00F3, 0x51FA, 0x2140, 0x0000), /* 0x020303F4 */
    ISLANDER_OAM(0x00F8, 0x41F8, 0x101E, 0x0000), /* 0x020303FC */
    ISLANDER_OAM(0x00F0, 0x41F8, 0x100C, 0x0000), /* 0x02030404 */
    ISLANDER_OAM(0x0000, 0x0000, 0x0000, 0xFFFF), /* 0x0203040C */
    ISLANDER_OAM(0x00F8, 0x41F8, 0x1052, 0x0000), /* 0x02030414 */
    ISLANDER_OAM(0x80E4, 0x51F6, 0x212A, 0x0000), /* 0x0203041C */
    ISLANDER_OAM(0x00FB, 0x01F7, 0x20CA, 0x0000), /* 0x02030424 */
    ISLANDER_OAM(0x00EF, 0x41F8, 0x104C, 0x0000), /* 0x0203042C */
    ISLANDER_OAM(0x0000, 0x0000, 0x0000, 0xFFFF), /* 0x02030434 */
    ISLANDER_OAM(0x00F8, 0x41F8, 0x1054, 0x0000), /* 0x0203043C */
    ISLANDER_OAM(0x00FA, 0x01F7, 0x20CA, 0x0000), /* 0x02030444 */
    ISLANDER_OAM(0x80E3, 0x51F6, 0x212A, 0x0000), /* 0x0203044C */
    ISLANDER_OAM(0x00F0, 0x41F8, 0x104C, 0x0000), /* 0x02030454 */
    ISLANDER_OAM(0x0000, 0x0000, 0x0000, 0xFFFF), /* 0x0203045C */
    ISLANDER_OAM(0x00F8, 0x51F8, 0x1054, 0x0000), /* 0x02030464 */
    ISLANDER_OAM(0x00FC, 0x01F6, 0x20CA, 0x0000), /* 0x0203046C */
    ISLANDER_OAM(0x80E5, 0x51F5, 0x212A, 0x0000), /* 0x02030474 */
    ISLANDER_OAM(0x00F0, 0x41F8, 0x104C, 0x0000), /* 0x0203047C */
    ISLANDER_OAM(0x0000, 0x0000, 0x0000, 0xFFFF), /* 0x02030484 */
    ISLANDER_OAM(0x00EF, 0x41F8, 0x1040, 0x0000), /* 0x0203048C */
    ISLANDER_OAM(0x00F2, 0x41FF, 0x215E, 0x0000), /* 0x02030494 */
    ISLANDER_OAM(0x00F8, 0x41F8, 0x104E, 0x0000), /* 0x0203049C */
    ISLANDER_OAM(0x0000, 0x0000, 0x0000, 0xFFFF), /* 0x020304A4 */
    ISLANDER_OAM(0x00F0, 0x41F8, 0x1040, 0x0000), /* 0x020304AC */
    ISLANDER_OAM(0x00F2, 0x41FE, 0x215E, 0x0000), /* 0x020304B4 */
    ISLANDER_OAM(0x00F8, 0x41F8, 0x1050, 0x0000), /* 0x020304BC */
    ISLANDER_OAM(0x0000, 0x0000, 0x0000, 0xFFFF), /* 0x020304C4 */
    ISLANDER_OAM(0x00F0, 0x41F8, 0x1040, 0x0000), /* 0x020304CC */
    ISLANDER_OAM(0x00F3, 0x41FF, 0x215E, 0x0000), /* 0x020304D4 */
    ISLANDER_OAM(0x00F8, 0x51F8, 0x1050, 0x0000), /* 0x020304DC */
    ISLANDER_OAM(0x0000, 0x0000, 0x0000, 0xFFFF), /* 0x020304E4 */
    ISLANDER_OAM(0x00EF, 0x41F8, 0x1000, 0x0000), /* 0x020304EC */
    ISLANDER_OAM(0x00F3, 0x4000, 0x21C0, 0x0000), /* 0x020304F4 */
    ISLANDER_OAM(0x00F8, 0x41F8, 0x100E, 0x0000), /* 0x020304FC */
    ISLANDER_OAM(0x0000, 0x0000, 0x0000, 0xFFFF), /* 0x02030504 */
    ISLANDER_OAM(0x00F0, 0x41F8, 0x1000, 0x0000), /* 0x0203050C */
    ISLANDER_OAM(0x00F4, 0x4000, 0x21C0, 0x0000), /* 0x02030514 */
    ISLANDER_OAM(0x00F8, 0x41F8, 0x1010, 0x0000), /* 0x0203051C */
    ISLANDER_OAM(0x0000, 0x0000, 0x0000, 0xFFFF), /* 0x02030524 */
    ISLANDER_OAM(0x00F0, 0x41F8, 0x1000, 0x0000), /* 0x0203052C */
    ISLANDER_OAM(0x00F4, 0x41FF, 0x21C0, 0x0000), /* 0x02030534 */
    ISLANDER_OAM(0x00F8, 0x41F8, 0x1012, 0x0000), /* 0x0203053C */
    ISLANDER_OAM(0x0000, 0x0000, 0x0000, 0xFFFF), /* 0x02030544 */
    ISLANDER_OAM(0x00F8, 0x41F8, 0x101A, 0x0000), /* 0x0203054C */
    ISLANDER_OAM(0x00F3, 0x41F7, 0x219E, 0x0000), /* 0x02030554 */
    ISLANDER_OAM(0x00EF, 0x41F8, 0x100C, 0x0000), /* 0x0203055C */
    ISLANDER_OAM(0x0000, 0x0000, 0x0000, 0xFFFF), /* 0x02030564 */
    ISLANDER_OAM(0x00F8, 0x41F8, 0x101C, 0x0000), /* 0x0203056C */
    ISLANDER_OAM(0x00F3, 0x41F8, 0x219E, 0x0000), /* 0x02030574 */
    ISLANDER_OAM(0x00F0, 0x41F8, 0x100C, 0x0000), /* 0x0203057C */
    ISLANDER_OAM(0x0000, 0x0000, 0x0000, 0xFFFF), /* 0x02030584 */
    ISLANDER_OAM(0x00F8, 0x41F8, 0x101E, 0x0000), /* 0x0203058C */
    ISLANDER_OAM(0x00F3, 0x41F6, 0x219E, 0x0000), /* 0x02030594 */
    ISLANDER_OAM(0x00F0, 0x41F8, 0x100C, 0x0000), /* 0x0203059C */
    ISLANDER_OAM(0x0000, 0x0000, 0x0000, 0xFFFF), /* 0x020305A4 */
    ISLANDER_OAM(0x00F8, 0x41F8, 0x1052, 0x0000), /* 0x020305AC */
    ISLANDER_OAM(0x00F2, 0x51F2, 0x219E, 0x0000), /* 0x020305B4 */
    ISLANDER_OAM(0x00EF, 0x41F8, 0x104C, 0x0000), /* 0x020305BC */
    ISLANDER_OAM(0x0000, 0x0000, 0x0000, 0xFFFF), /* 0x020305C4 */
    ISLANDER_OAM(0x00F8, 0x41F8, 0x1054, 0x0000), /* 0x020305CC */
    ISLANDER_OAM(0x00F3, 0x51F1, 0x219E, 0x0000), /* 0x020305D4 */
    ISLANDER_OAM(0x00F0, 0x41F8, 0x104C, 0x0000), /* 0x020305DC */
    ISLANDER_OAM(0x0000, 0x0000, 0x0000, 0xFFFF), /* 0x020305E4 */
    ISLANDER_OAM(0x00F8, 0x51F8, 0x1054, 0x0000), /* 0x020305EC */
    ISLANDER_OAM(0x00F3, 0x51F2, 0x219E, 0x0000), /* 0x020305F4 */
    ISLANDER_OAM(0x00F0, 0x41F8, 0x104C, 0x0000), /* 0x020305FC */
    ISLANDER_OAM(0x0000, 0x0000, 0x0000, 0xFFFF), /* 0x02030604 */
    ISLANDER_OAM(0x00EF, 0x41F8, 0x1040, 0x0000), /* 0x0203060C */
    ISLANDER_OAM(0x00F8, 0x41F5, 0x2102, 0x0000), /* 0x02030614 */
    ISLANDER_OAM(0x00F8, 0x41F8, 0x104E, 0x0000), /* 0x0203061C */
    ISLANDER_OAM(0x0000, 0x0000, 0x0000, 0xFFFF), /* 0x02030624 */
    ISLANDER_OAM(0x00F0, 0x41F8, 0x1040, 0x0000), /* 0x0203062C */
    ISLANDER_OAM(0x00F9, 0x41F6, 0x2102, 0x0000), /* 0x02030634 */
    ISLANDER_OAM(0x00F8, 0x41F8, 0x1050, 0x0000), /* 0x0203063C */
    ISLANDER_OAM(0x0000, 0x0000, 0x0000, 0xFFFF), /* 0x02030644 */
    ISLANDER_OAM(0x00F0, 0x41F8, 0x1040, 0x0000), /* 0x0203064C */
    ISLANDER_OAM(0x00F8, 0x41F5, 0x2100, 0x0000), /* 0x02030654 */
    ISLANDER_OAM(0x00F8, 0x51F8, 0x1050, 0x0000), /* 0x0203065C */
    ISLANDER_OAM(0x0000, 0x0000, 0x0000, 0xFFFF), /* 0x02030664 */
    ISLANDER_OAM(0x00EF, 0x41F8, 0x1000, 0x0000), /* 0x0203066C */
    ISLANDER_OAM(0x00F8, 0x41F5, 0x2102, 0x0000), /* 0x02030674 */
    ISLANDER_OAM(0x00F8, 0x41F8, 0x100E, 0x0000), /* 0x0203067C */
    ISLANDER_OAM(0x0000, 0x0000, 0x0000, 0xFFFF), /* 0x02030684 */
    ISLANDER_OAM(0x00F0, 0x41F8, 0x1000, 0x0000), /* 0x0203068C */
    ISLANDER_OAM(0x00F9, 0x41F6, 0x2102, 0x0000), /* 0x02030694 */
    ISLANDER_OAM(0x00F8, 0x41F8, 0x1010, 0x0000), /* 0x0203069C */
    ISLANDER_OAM(0x0000, 0x0000, 0x0000, 0xFFFF), /* 0x020306A4 */
    ISLANDER_OAM(0x00F0, 0x41F8, 0x1000, 0x0000), /* 0x020306AC */
    ISLANDER_OAM(0x00F8, 0x41F4, 0x2100, 0x0000), /* 0x020306B4 */
    ISLANDER_OAM(0x00F8, 0x41F8, 0x1012, 0x0000), /* 0x020306BC */
    ISLANDER_OAM(0x0000, 0x0000, 0x0000, 0xFFFF), /* 0x020306C4 */
    ISLANDER_OAM(0x00F8, 0x41F8, 0x101A, 0x0000), /* 0x020306CC */
    ISLANDER_OAM(0x00EF, 0x41F8, 0x100C, 0x0000), /* 0x020306D4 */
    ISLANDER_OAM(0x00F8, 0x41F5, 0x2102, 0x0000), /* 0x020306DC */
    ISLANDER_OAM(0x0000, 0x0000, 0x0000, 0xFFFF), /* 0x020306E4 */
    ISLANDER_OAM(0x00F8, 0x41F8, 0x101C, 0x0000), /* 0x020306EC */
    ISLANDER_OAM(0x00F0, 0x41F8, 0x100C, 0x0000), /* 0x020306F4 */
    ISLANDER_OAM(0x00F9, 0x41F6, 0x2102, 0x0000), /* 0x020306FC */
    ISLANDER_OAM(0x0000, 0x0000, 0x0000, 0xFFFF), /* 0x02030704 */
    ISLANDER_OAM(0x00F8, 0x41F8, 0x101E, 0x0000), /* 0x0203070C */
    ISLANDER_OAM(0x00F0, 0x41F8, 0x100C, 0x0000), /* 0x02030714 */
    ISLANDER_OAM(0x00F8, 0x41F4, 0x2100, 0x0000), /* 0x0203071C */
    ISLANDER_OAM(0x0000, 0x0000, 0x0000, 0xFFFF), /* 0x02030724 */
    ISLANDER_OAM(0x00F8, 0x41F8, 0x1052, 0x0000), /* 0x0203072C */
    ISLANDER_OAM(0x00EF, 0x41F8, 0x104C, 0x0000), /* 0x02030734 */
    ISLANDER_OAM(0x00F7, 0x51FB, 0x2102, 0x0000), /* 0x0203073C */
    ISLANDER_OAM(0x0000, 0x0000, 0x0000, 0xFFFF), /* 0x02030744 */
    ISLANDER_OAM(0x00F8, 0x41F8, 0x1054, 0x0000), /* 0x0203074C */
    ISLANDER_OAM(0x00F0, 0x41F8, 0x104C, 0x0000), /* 0x02030754 */
    ISLANDER_OAM(0x00F8, 0x51FA, 0x2102, 0x0000), /* 0x0203075C */
    ISLANDER_OAM(0x0000, 0x0000, 0x0000, 0xFFFF), /* 0x02030764 */
    ISLANDER_OAM(0x00F8, 0x51F8, 0x1054, 0x0000), /* 0x0203076C */
    ISLANDER_OAM(0x00F0, 0x41F8, 0x104C, 0x0000), /* 0x02030774 */
    ISLANDER_OAM(0x00F7, 0x51FB, 0x2100, 0x0000), /* 0x0203077C */
    ISLANDER_OAM(0x0000, 0x0000, 0x0000, 0xFFFF), /* 0x02030784 */
    ISLANDER_OAM(0x00EF, 0x41F8, 0x1040, 0x0000), /* 0x0203078C */
    ISLANDER_OAM(0x00F8, 0x41F8, 0x104E, 0x0000), /* 0x02030794 */
    ISLANDER_OAM(0x0000, 0x0000, 0x0000, 0xFFFF), /* 0x0203079C */
    ISLANDER_OAM(0x00F0, 0x41F8, 0x1040, 0x0000), /* 0x020307A4 */
    ISLANDER_OAM(0x00F8, 0x41F8, 0x1050, 0x0000), /* 0x020307AC */
    ISLANDER_OAM(0x0000, 0x0000, 0x0000, 0xFFFF), /* 0x020307B4 */
    ISLANDER_OAM(0x00F0, 0x41F8, 0x1040, 0x0000), /* 0x020307BC */
    ISLANDER_OAM(0x00F8, 0x51F8, 0x1050, 0x0000), /* 0x020307C4 */
    ISLANDER_OAM(0x0000, 0x0000, 0x0000, 0xFFFF), /* 0x020307CC */
    ISLANDER_OAM(0x00EF, 0x41F8, 0x1000, 0x0000), /* 0x020307D4 */
    ISLANDER_OAM(0x00F8, 0x41F8, 0x100E, 0x0000), /* 0x020307DC */
    ISLANDER_OAM(0x0000, 0x0000, 0x0000, 0xFFFF), /* 0x020307E4 */
    ISLANDER_OAM(0x00F0, 0x41F8, 0x1000, 0x0000), /* 0x020307EC */
    ISLANDER_OAM(0x00F8, 0x41F8, 0x1010, 0x0000), /* 0x020307F4 */
    ISLANDER_OAM(0x0000, 0x0000, 0x0000, 0xFFFF), /* 0x020307FC */
    ISLANDER_OAM(0x00F0, 0x41F8, 0x1000, 0x0000), /* 0x02030804 */
    ISLANDER_OAM(0x00F8, 0x41F8, 0x1012, 0x0000), /* 0x0203080C */
    ISLANDER_OAM(0x0000, 0x0000, 0x0000, 0xFFFF), /* 0x02030814 */
    ISLANDER_OAM(0x00F8, 0x41F8, 0x101A, 0x0000), /* 0x0203081C */
    ISLANDER_OAM(0x00EF, 0x41F8, 0x100C, 0x0000), /* 0x02030824 */
    ISLANDER_OAM(0x0000, 0x0000, 0x0000, 0xFFFF), /* 0x0203082C */
    ISLANDER_OAM(0x00F8, 0x41F8, 0x101C, 0x0000), /* 0x02030834 */
    ISLANDER_OAM(0x00F0, 0x41F8, 0x100C, 0x0000), /* 0x0203083C */
    ISLANDER_OAM(0x0000, 0x0000, 0x0000, 0xFFFF), /* 0x02030844 */
    ISLANDER_OAM(0x00F8, 0x41F8, 0x101E, 0x0000), /* 0x0203084C */
    ISLANDER_OAM(0x00F0, 0x41F8, 0x100C, 0x0000), /* 0x02030854 */
    ISLANDER_OAM(0x0000, 0x0000, 0x0000, 0xFFFF), /* 0x0203085C */
    ISLANDER_OAM(0x00F8, 0x41F8, 0x1052, 0x0000), /* 0x02030864 */
    ISLANDER_OAM(0x00EF, 0x41F8, 0x104C, 0x0000), /* 0x0203086C */
    ISLANDER_OAM(0x0000, 0x0000, 0x0000, 0xFFFF), /* 0x02030874 */
    ISLANDER_OAM(0x00F8, 0x41F8, 0x1054, 0x0000), /* 0x0203087C */
    ISLANDER_OAM(0x00F0, 0x41F8, 0x104C, 0x0000), /* 0x02030884 */
    ISLANDER_OAM(0x0000, 0x0000, 0x0000, 0xFFFF), /* 0x0203088C */
    ISLANDER_OAM(0x00F8, 0x51F8, 0x1054, 0x0000), /* 0x02030894 */
    ISLANDER_OAM(0x00F0, 0x41F8, 0x104C, 0x0000), /* 0x0203089C */
    ISLANDER_OAM(0x0000, 0x0000, 0x0000, 0xFFFF), /* 0x020308A4 */
    ISLANDER_OAM(0x00F9, 0x41FA, 0x2104, 0x0000), /* 0x020308AC */
    ISLANDER_OAM(0x00EF, 0x41F9, 0x1000, 0x0000), /* 0x020308B4 */
    ISLANDER_OAM(0x00F8, 0x41F8, 0x1014, 0x0000), /* 0x020308BC */
    ISLANDER_OAM(0x0000, 0x0000, 0x0000, 0xFFFF), /* 0x020308C4 */
    ISLANDER_OAM(0x00EE, 0x41FA, 0x1004, 0x0000), /* 0x020308CC */
    ISLANDER_OAM(0x00F7, 0x41FD, 0x2104, 0x0000), /* 0x020308D4 */
    ISLANDER_OAM(0x00F8, 0x41F8, 0x1014, 0x0000), /* 0x020308DC */
    ISLANDER_OAM(0x0000, 0x0000, 0x0000, 0xFFFF), /* 0x020308E4 */
    ISLANDER_OAM(0x00F0, 0x41F7, 0x1004, 0x0000), /* 0x020308EC */
    ISLANDER_OAM(0x00FA, 0x41F7, 0x2104, 0x0000), /* 0x020308F4 */
    ISLANDER_OAM(0x00F8, 0x41F8, 0x1016, 0x0000), /* 0x020308FC */
    ISLANDER_OAM(0x0000, 0x0000, 0x0000, 0xFFFF), /* 0x02030904 */
    ISLANDER_OAM(0x0008, 0x41E8, 0x3304, 0x0000), /* 0x0203090C */
    ISLANDER_OAM(0x0001, 0x41EF, 0x2104, 0x0000), /* 0x02030914 */
    ISLANDER_OAM(0x00F2, 0x41F4, 0x1004, 0x0000), /* 0x0203091C */
    ISLANDER_OAM(0x00F9, 0x41F7, 0x1016, 0x0000), /* 0x02030924 */
    ISLANDER_OAM(0x0000, 0x0000, 0x0000, 0xFFFF), /* 0x0203092C */
    ISLANDER_OAM(0x0008, 0x41E8, 0x3284, 0x0000), /* 0x02030934 */
    ISLANDER_OAM(0x00F3, 0x41F4, 0x105E, 0x0000), /* 0x0203093C */
    ISLANDER_OAM(0x0000, 0x41F0, 0x2104, 0x0000), /* 0x02030944 */
    ISLANDER_OAM(0x00F9, 0x41F7, 0x1016, 0x0000), /* 0x0203094C */
    ISLANDER_OAM(0x0000, 0x0000, 0x0000, 0xFFFF), /* 0x02030954 */
    ISLANDER_OAM(0x00F7, 0x61F3, 0x2104, 0x0000), /* 0x0203095C */
    ISLANDER_OAM(0x00F5, 0x41F1, 0x3284, 0x0000), /* 0x02030964 */
    ISLANDER_OAM(0x00F0, 0x41F6, 0x1004, 0x0000), /* 0x0203096C */
    ISLANDER_OAM(0x00F8, 0x41F8, 0x1018, 0x0000), /* 0x02030974 */
    ISLANDER_OAM(0x0000, 0x0000, 0x0000, 0xFFFF), /* 0x0203097C */
    ISLANDER_OAM(0x00F5, 0x7000, 0x2104, 0x0000), /* 0x02030984 */
    ISLANDER_OAM(0x00F2, 0x4003, 0x3284, 0x0000), /* 0x0203098C */
    ISLANDER_OAM(0x00EE, 0x41FA, 0x1000, 0x0000), /* 0x02030994 */
    ISLANDER_OAM(0x00F8, 0x41F8, 0x1014, 0x0000), /* 0x0203099C */
    ISLANDER_OAM(0x0000, 0x0000, 0x0000, 0xFFFF), /* 0x020309A4 */
    ISLANDER_OAM(0x00F7, 0x71FC, 0x2104, 0x0000), /* 0x020309AC */
    ISLANDER_OAM(0x00EE, 0x41F9, 0x1000, 0x0000), /* 0x020309B4 */
    ISLANDER_OAM(0x00F8, 0x41F8, 0x1014, 0x0000), /* 0x020309BC */
    ISLANDER_OAM(0x0000, 0x0000, 0x0000, 0xFFFF), /* 0x020309C4 */
    ISLANDER_OAM(0x00F4, 0x41F3, 0x4080, 0x0000), /* 0x020309CC */
    ISLANDER_OAM(0x00F9, 0x61F5, 0x2106, 0x0000), /* 0x020309D4 */
    ISLANDER_OAM(0x00EF, 0x41F8, 0x1000, 0x0000), /* 0x020309DC */
    ISLANDER_OAM(0x00F8, 0x41F8, 0x100E, 0x0000), /* 0x020309E4 */
    ISLANDER_OAM(0x0000, 0x0000, 0x0000, 0xFFFF), /* 0x020309EC */
    ISLANDER_OAM(0x00F4, 0x41F1, 0x4080, 0x0000), /* 0x020309F4 */
    ISLANDER_OAM(0x00F9, 0x61F5, 0x2106, 0x0000), /* 0x020309FC */
    ISLANDER_OAM(0x00EF, 0x41F8, 0x1000, 0x0000), /* 0x02030A04 */
    ISLANDER_OAM(0x00F8, 0x41F8, 0x100E, 0x0000), /* 0x02030A0C */
    ISLANDER_OAM(0x0000, 0x0000, 0x0000, 0xFFFF), /* 0x02030A14 */
    ISLANDER_OAM(0x00F5, 0x41EF, 0x4080, 0x0000), /* 0x02030A1C */
    ISLANDER_OAM(0x00F9, 0x61F5, 0x2106, 0x0000), /* 0x02030A24 */
    ISLANDER_OAM(0x00EF, 0x41F8, 0x1000, 0x0000), /* 0x02030A2C */
    ISLANDER_OAM(0x00F8, 0x41F8, 0x100E, 0x0000), /* 0x02030A34 */
    ISLANDER_OAM(0x0000, 0x0000, 0x0000, 0xFFFF), /* 0x02030A3C */
    ISLANDER_OAM(0x00F7, 0x41ED, 0x4080, 0x0000), /* 0x02030A44 */
    ISLANDER_OAM(0x00F9, 0x61F5, 0x2106, 0x0000), /* 0x02030A4C */
    ISLANDER_OAM(0x00EF, 0x41F8, 0x1000, 0x0000), /* 0x02030A54 */
    ISLANDER_OAM(0x00F8, 0x41F8, 0x100E, 0x0000), /* 0x02030A5C */
    ISLANDER_OAM(0x0000, 0x0000, 0x0000, 0xFFFF), /* 0x02030A64 */
    ISLANDER_OAM(0x00FA, 0x41EB, 0x4080, 0x0000), /* 0x02030A6C */
    ISLANDER_OAM(0x00F9, 0x61F5, 0x2106, 0x0000), /* 0x02030A74 */
    ISLANDER_OAM(0x00EF, 0x41F8, 0x1000, 0x0000), /* 0x02030A7C */
    ISLANDER_OAM(0x00F8, 0x41F8, 0x100E, 0x0000), /* 0x02030A84 */
    ISLANDER_OAM(0x0000, 0x0000, 0x0000, 0xFFFF), /* 0x02030A8C */
    ISLANDER_OAM(0x00FE, 0x41E9, 0x4080, 0x0000), /* 0x02030A94 */
    ISLANDER_OAM(0x00F9, 0x61F5, 0x2106, 0x0000), /* 0x02030A9C */
    ISLANDER_OAM(0x00EF, 0x41F8, 0x1000, 0x0000), /* 0x02030AA4 */
    ISLANDER_OAM(0x00F8, 0x41F8, 0x100E, 0x0000), /* 0x02030AAC */
    ISLANDER_OAM(0x0000, 0x0000, 0x0000, 0xFFFF), /* 0x02030AB4 */
    ISLANDER_OAM(0x0003, 0x41E8, 0x4080, 0x0000), /* 0x02030ABC */
    ISLANDER_OAM(0x00F9, 0x61F5, 0x2106, 0x0000), /* 0x02030AC4 */
    ISLANDER_OAM(0x00EF, 0x41F8, 0x1000, 0x0000), /* 0x02030ACC */
    ISLANDER_OAM(0x00F8, 0x41F8, 0x100E, 0x0000), /* 0x02030AD4 */
    ISLANDER_OAM(0x0000, 0x0000, 0x0000, 0xFFFF), /* 0x02030ADC */
    ISLANDER_OAM(0x00EF, 0x41F8, 0x1000, 0x0000), /* 0x02030AE4 */
    ISLANDER_OAM(0x00F5, 0x61F1, 0x2104, 0x0000), /* 0x02030AEC */
    ISLANDER_OAM(0x00F8, 0x41F8, 0x1018, 0x0000), /* 0x02030AF4 */
    ISLANDER_OAM(0x0000, 0x0000, 0x0000, 0xFFFF), /* 0x02030AFC */
    ISLANDER_OAM(0x00F0, 0x41F7, 0x1000, 0x0000), /* 0x02030B04 */
    ISLANDER_OAM(0x00F8, 0x61F0, 0x2106, 0x0000), /* 0x02030B0C */
    ISLANDER_OAM(0x00F8, 0x41F8, 0x1018, 0x0000), /* 0x02030B14 */
    ISLANDER_OAM(0x0000, 0x0000, 0x0000, 0xFFFF), /* 0x02030B1C */
    ISLANDER_OAM(0x00F1, 0x41F6, 0x105E, 0x0000), /* 0x02030B24 */
    ISLANDER_OAM(0x00FD, 0x41EF, 0x2106, 0x0000), /* 0x02030B2C */
    ISLANDER_OAM(0x00F8, 0x41F8, 0x1016, 0x0000), /* 0x02030B34 */
    ISLANDER_OAM(0x0000, 0x0000, 0x0000, 0xFFFF), /* 0x02030B3C */
    ISLANDER_OAM(0x00F2, 0x41F6, 0x105E, 0x0000), /* 0x02030B44 */
    ISLANDER_OAM(0x00FF, 0x41F0, 0x2104, 0x0000), /* 0x02030B4C */
    ISLANDER_OAM(0x00F8, 0x41F8, 0x1016, 0x0000), /* 0x02030B54 */
    ISLANDER_OAM(0x0000, 0x0000, 0x0000, 0xFFFF), /* 0x02030B5C */
    ISLANDER_OAM(0x0008, 0x41E8, 0x3304, 0x0000), /* 0x02030B64 */
    ISLANDER_OAM(0x00F2, 0x41F6, 0x105E, 0x0000), /* 0x02030B6C */
    ISLANDER_OAM(0x00FF, 0x41F1, 0x2104, 0x0000), /* 0x02030B74 */
    ISLANDER_OAM(0x00F8, 0x41F8, 0x1016, 0x0000), /* 0x02030B7C */
    ISLANDER_OAM(0x0000, 0x0000, 0x0000, 0xFFFF), /* 0x02030B84 */
    ISLANDER_OAM(0x00FA, 0x41F5, 0x2106, 0x0000), /* 0x02030B8C */
    ISLANDER_OAM(0x00EF, 0x41F8, 0x1000, 0x0000), /* 0x02030B94 */
    ISLANDER_OAM(0x00F8, 0x41F8, 0x100E, 0x0000), /* 0x02030B9C */
    ISLANDER_OAM(0x0000, 0x0000, 0x0000, 0xFFFF), /* 0x02030BA4 */
    ISLANDER_OAM(0x0008, 0x41E8, 0x3284, 0x0000), /* 0x02030BAC */
    ISLANDER_OAM(0x00F2, 0x41F4, 0x105E, 0x0000), /* 0x02030BB4 */
    ISLANDER_OAM(0x0001, 0x41EF, 0x2104, 0x0000), /* 0x02030BBC */
    ISLANDER_OAM(0x00F9, 0x41F7, 0x1016, 0x0000), /* 0x02030BC4 */
    ISLANDER_OAM(0x0000, 0x0000, 0x0000, 0xFFFF), /* 0x02030BCC */
    ISLANDER_OAM(0x00F5, 0x7000, 0x2104, 0x0000), /* 0x02030BD4 */
    ISLANDER_OAM(0x00F0, 0x4008, 0x3284, 0x0000), /* 0x02030BDC */
    ISLANDER_OAM(0x00EE, 0x41FA, 0x1000, 0x0000), /* 0x02030BE4 */
    ISLANDER_OAM(0x00F8, 0x41F8, 0x1014, 0x0000), /* 0x02030BEC */
    ISLANDER_OAM(0x0000, 0x0000, 0x0000, 0xFFFF), /* 0x02030BF4 */
    ISLANDER_OAM(0x00F5, 0x7000, 0x2104, 0x0000), /* 0x02030BFC */
    ISLANDER_OAM(0x00EF, 0x400C, 0x3284, 0x0000), /* 0x02030C04 */
    ISLANDER_OAM(0x00EE, 0x41FA, 0x1000, 0x0000), /* 0x02030C0C */
    ISLANDER_OAM(0x00F8, 0x41F8, 0x1014, 0x0000), /* 0x02030C14 */
    ISLANDER_OAM(0x0000, 0x0000, 0x0000, 0xFFFF), /* 0x02030C1C */
    ISLANDER_OAM(0x00F5, 0x7000, 0x2104, 0x0000), /* 0x02030C24 */
    ISLANDER_OAM(0x00EF, 0x4010, 0x32C4, 0x0000), /* 0x02030C2C */
    ISLANDER_OAM(0x00EE, 0x41FA, 0x1000, 0x0000), /* 0x02030C34 */
    ISLANDER_OAM(0x00F8, 0x41F8, 0x1014, 0x0000), /* 0x02030C3C */
    ISLANDER_OAM(0x0000, 0x0000, 0x0000, 0xFFFF), /* 0x02030C44 */
    ISLANDER_OAM(0x00F5, 0x7000, 0x2104, 0x0000), /* 0x02030C4C */
    ISLANDER_OAM(0x00F0, 0x4014, 0x3304, 0x0000), /* 0x02030C54 */
    ISLANDER_OAM(0x00EE, 0x41FA, 0x1000, 0x0000), /* 0x02030C5C */
    ISLANDER_OAM(0x00F8, 0x41F8, 0x1014, 0x0000), /* 0x02030C64 */
    ISLANDER_OAM(0x0000, 0x0000, 0x0000, 0xFFFF), /* 0x02030C6C */
    ISLANDER_OAM(0x00F5, 0x7000, 0x2104, 0x0000), /* 0x02030C74 */
    ISLANDER_OAM(0x00EE, 0x41FA, 0x1000, 0x0000), /* 0x02030C7C */
    ISLANDER_OAM(0x00F8, 0x41F8, 0x1014, 0x0000), /* 0x02030C84 */
    ISLANDER_OAM(0x0000, 0x0000, 0x0000, 0xFFFF), /* 0x02030C8C */
    ISLANDER_OAM(0x00FD, 0x41EB, 0x3284, 0x0000), /* 0x02030C94 */
    ISLANDER_OAM(0x00FB, 0x41EF, 0x2106, 0x0000), /* 0x02030C9C */
    ISLANDER_OAM(0x00F0, 0x41F6, 0x1004, 0x0000), /* 0x02030CA4 */
    ISLANDER_OAM(0x00F8, 0x41F8, 0x1018, 0x0000), /* 0x02030CAC */
    ISLANDER_OAM(0x0000, 0x0000, 0x0000, 0xFFFF), /* 0x02030CB4 */
    ISLANDER_OAM(0x00F1, 0x41F6, 0x105E, 0x0000), /* 0x02030CBC */
    ISLANDER_OAM(0x00FD, 0x41EF, 0x2106, 0x0000), /* 0x02030CC4 */
    ISLANDER_OAM(0x00F8, 0x41F8, 0x1016, 0x0000), /* 0x02030CCC */
    ISLANDER_OAM(0x0008, 0x41E8, 0x32C4, 0x0000), /* 0x02030CD4 */
    ISLANDER_OAM(0x0000, 0x0000, 0x0000, 0xFFFF), /* 0x02030CDC */
    ISLANDER_OAM(0x00F2, 0x41F6, 0x105E, 0x0000), /* 0x02030CE4 */
    ISLANDER_OAM(0x00FF, 0x41F0, 0x2104, 0x0000), /* 0x02030CEC */
    ISLANDER_OAM(0x00F8, 0x41F8, 0x1016, 0x0000), /* 0x02030CF4 */
    ISLANDER_OAM(0x0008, 0x41E8, 0x3284, 0x0000), /* 0x02030CFC */
    ISLANDER_OAM(0x0000, 0x0000, 0x0000, 0xFFFF), /* 0x02030D04 */
    ISLANDER_OAM(0x00F2, 0x41F6, 0x105E, 0x0000), /* 0x02030D0C */
    ISLANDER_OAM(0x00FF, 0x41F1, 0x2104, 0x0000), /* 0x02030D14 */
    ISLANDER_OAM(0x00F8, 0x41F8, 0x1016, 0x0000), /* 0x02030D1C */
    ISLANDER_OAM(0x0008, 0x41E8, 0x3284, 0x0000), /* 0x02030D24 */
    ISLANDER_OAM(0x0000, 0x0000, 0x0000, 0xFFFF), /* 0x02030D2C */
    ISLANDER_OAM(0x0008, 0x41E8, 0x3284, 0x0000), /* 0x02030D34 */
    ISLANDER_OAM(0x00F0, 0x41F7, 0x1000, 0x0000), /* 0x02030D3C */
    ISLANDER_OAM(0x00F8, 0x61F0, 0x2106, 0x0000), /* 0x02030D44 */
    ISLANDER_OAM(0x00F8, 0x41F8, 0x1018, 0x0000), /* 0x02030D4C */
    ISLANDER_OAM(0x0000, 0x0000, 0x0000, 0xFFFF), /* 0x02030D54 */
    ISLANDER_OAM(0x0008, 0x41E8, 0x3284, 0x0000), /* 0x02030D5C */
    ISLANDER_OAM(0x00EF, 0x41F8, 0x1000, 0x0000), /* 0x02030D64 */
    ISLANDER_OAM(0x00F4, 0x61F0, 0x2104, 0x0000), /* 0x02030D6C */
    ISLANDER_OAM(0x00F8, 0x41F8, 0x1018, 0x0000), /* 0x02030D74 */
    ISLANDER_OAM(0x0000, 0x0000, 0x0000, 0xFFFF), /* 0x02030D7C */
    ISLANDER_OAM(0x00F1, 0x41F6, 0x105E, 0x0000), /* 0x02030D84 */
    ISLANDER_OAM(0x00FD, 0x41EF, 0x2106, 0x0000), /* 0x02030D8C */
    ISLANDER_OAM(0x00F8, 0x41F8, 0x1016, 0x0000), /* 0x02030D94 */
    ISLANDER_OAM(0x0008, 0x41E8, 0x3284, 0x0000), /* 0x02030D9C */
    ISLANDER_OAM(0x0000, 0x0000, 0x0000, 0xFFFF), /* 0x02030DA4 */
    ISLANDER_OAM(0x00F2, 0x41F6, 0x105E, 0x0000), /* 0x02030DAC */
    ISLANDER_OAM(0x00FF, 0x41F0, 0x2104, 0x0000), /* 0x02030DB4 */
    ISLANDER_OAM(0x00F8, 0x41F8, 0x1016, 0x0000), /* 0x02030DBC */
    ISLANDER_OAM(0x0008, 0x41E8, 0x32C4, 0x0000), /* 0x02030DC4 */
    ISLANDER_OAM(0x0000, 0x0000, 0x0000, 0xFFFF), /* 0x02030DCC */
    ISLANDER_OAM(0x0005, 0x71EB, 0x2201, 0x0000), /* 0x02030DD4 */
    ISLANDER_OAM(0x00F2, 0x41F6, 0x105E, 0x0000), /* 0x02030DDC */
    ISLANDER_OAM(0x00FF, 0x41F1, 0x2104, 0x0000), /* 0x02030DE4 */
    ISLANDER_OAM(0x00F8, 0x41F8, 0x1016, 0x0000), /* 0x02030DEC */
    ISLANDER_OAM(0x0000, 0x0000, 0x0000, 0xFFFF), /* 0x02030DF4 */
    ISLANDER_OAM(0x0008, 0x71E8, 0x2201, 0x0000), /* 0x02030DFC */
    ISLANDER_OAM(0x00F2, 0x41F6, 0x105E, 0x0000), /* 0x02030E04 */
    ISLANDER_OAM(0x00FF, 0x41F1, 0x2104, 0x0000), /* 0x02030E0C */
    ISLANDER_OAM(0x00F8, 0x41F8, 0x1016, 0x0000), /* 0x02030E14 */
    ISLANDER_OAM(0x0000, 0x0000, 0x0000, 0xFFFF), /* 0x02030E1C */
    ISLANDER_OAM(0x0008, 0x41E8, 0x2220, 0x0000), /* 0x02030E24 */
    ISLANDER_OAM(0x00F2, 0x41F6, 0x105E, 0x0000), /* 0x02030E2C */
    ISLANDER_OAM(0x00FF, 0x41F1, 0x2104, 0x0000), /* 0x02030E34 */
    ISLANDER_OAM(0x00F8, 0x41F8, 0x1016, 0x0000), /* 0x02030E3C */
    ISLANDER_OAM(0x0000, 0x0000, 0x0000, 0xFFFF), /* 0x02030E44 */
    ISLANDER_OAM(0x00F2, 0x41F6, 0x105E, 0x0000), /* 0x02030E4C */
    ISLANDER_OAM(0x00FF, 0x41F1, 0x2104, 0x0000), /* 0x02030E54 */
    ISLANDER_OAM(0x00F8, 0x41F8, 0x1016, 0x0000), /* 0x02030E5C */
    ISLANDER_OAM(0x0000, 0x0000, 0x0000, 0xFFFF), /* 0x02030E64 */
    ISLANDER_OAM(0x00F6, 0x61F6, 0x2104, 0x0000), /* 0x02030E6C */
    ISLANDER_OAM(0x00EF, 0x41F9, 0x1000, 0x0000), /* 0x02030E74 */
    ISLANDER_OAM(0x00F8, 0x41F8, 0x100E, 0x0000), /* 0x02030E7C */
    ISLANDER_OAM(0x0000, 0x0000, 0x0000, 0xFFFF), /* 0x02030E84 */
    ISLANDER_OAM(0x0008, 0x41E8, 0x3240, 0x0000), /* 0x02030E8C */
    ISLANDER_OAM(0x00FE, 0x41E8, 0x4080, 0x0000), /* 0x02030E94 */
    ISLANDER_OAM(0x00FE, 0x41F0, 0x2106, 0x0000), /* 0x02030E9C */
    ISLANDER_OAM(0x00F1, 0x41F5, 0x105E, 0x0000), /* 0x02030EA4 */
    ISLANDER_OAM(0x00F9, 0x41F7, 0x1016, 0x0000), /* 0x02030EAC */
    ISLANDER_OAM(0x0000, 0x0000, 0x0000, 0xFFFF), /* 0x02030EB4 */
    ISLANDER_OAM(0x0008, 0x41E8, 0x32C4, 0x0000), /* 0x02030EBC */
    ISLANDER_OAM(0x00F7, 0x41E9, 0x4080, 0x0000), /* 0x02030EC4 */
    ISLANDER_OAM(0x00FA, 0x61F0, 0x2106, 0x0000), /* 0x02030ECC */
    ISLANDER_OAM(0x00F0, 0x41F6, 0x1000, 0x0000), /* 0x02030ED4 */
    ISLANDER_OAM(0x00F9, 0x41F8, 0x1016, 0x0000), /* 0x02030EDC */
    ISLANDER_OAM(0x0000, 0x0000, 0x0000, 0xFFFF), /* 0x02030EE4 */
    ISLANDER_OAM(0x0008, 0x41E8, 0x3304, 0x0000), /* 0x02030EEC */
    ISLANDER_OAM(0x00F4, 0x41EB, 0x4080, 0x0000), /* 0x02030EF4 */
    ISLANDER_OAM(0x00F8, 0x61F1, 0x2106, 0x0000), /* 0x02030EFC */
    ISLANDER_OAM(0x00EF, 0x41F7, 0x1000, 0x0000), /* 0x02030F04 */
    ISLANDER_OAM(0x00F8, 0x41F8, 0x1018, 0x0000), /* 0x02030F0C */
    ISLANDER_OAM(0x0000, 0x0000, 0x0000, 0xFFFF), /* 0x02030F14 */
    ISLANDER_OAM(0x00F2, 0x41ED, 0x4080, 0x0000), /* 0x02030F1C */
    ISLANDER_OAM(0x00F8, 0x61F1, 0x2106, 0x0000), /* 0x02030F24 */
    ISLANDER_OAM(0x00EF, 0x41F8, 0x1000, 0x0000), /* 0x02030F2C */
    ISLANDER_OAM(0x00F8, 0x41F8, 0x1018, 0x0000), /* 0x02030F34 */
    ISLANDER_OAM(0x0000, 0x0000, 0x0000, 0xFFFF), /* 0x02030F3C */
    ISLANDER_OAM(0x00F4, 0x41F1, 0x4080, 0x0000), /* 0x02030F44 */
    ISLANDER_OAM(0x00F6, 0x61F3, 0x2104, 0x0000), /* 0x02030F4C */
    ISLANDER_OAM(0x00F0, 0x41F8, 0x1000, 0x0000), /* 0x02030F54 */
    ISLANDER_OAM(0x00F8, 0x41F8, 0x1018, 0x0000), /* 0x02030F5C */
    ISLANDER_OAM(0x0000, 0x0000, 0x0000, 0xFFFF), /* 0x02030F64 */
    ISLANDER_OAM(0x00F7, 0x41F8, 0x4080, 0x0000), /* 0x02030F6C */
    ISLANDER_OAM(0x00F6, 0x61F7, 0x2104, 0x0000), /* 0x02030F74 */
    ISLANDER_OAM(0x00F0, 0x41F8, 0x1040, 0x0000), /* 0x02030F7C */
    ISLANDER_OAM(0x00F8, 0x41F8, 0x104E, 0x0000), /* 0x02030F84 */
    ISLANDER_OAM(0x0000, 0x0000, 0x0000, 0xFFFF), /* 0x02030F8C */
    ISLANDER_OAM(0x00F8, 0x61F6, 0x2106, 0x0000), /* 0x02030F94 */
    ISLANDER_OAM(0x00F1, 0x41F8, 0x1040, 0x0000), /* 0x02030F9C */
    ISLANDER_OAM(0x00F8, 0x41F8, 0x104E, 0x0000), /* 0x02030FA4 */
    ISLANDER_OAM(0x0000, 0x0000, 0x0000, 0xFFFF), /* 0x02030FAC */
    ISLANDER_OAM(0x00F6, 0x61F7, 0x2104, 0x0000), /* 0x02030FB4 */
    ISLANDER_OAM(0x00F0, 0x41F8, 0x1040, 0x0000), /* 0x02030FBC */
    ISLANDER_OAM(0x00F8, 0x41F8, 0x104E, 0x0000), /* 0x02030FC4 */
    ISLANDER_OAM(0x0000, 0x0000, 0x0000, 0xFFFF), /* 0x02030FCC */
    ISLANDER_OAM(0x00F7, 0x61F6, 0x2104, 0x0000), /* 0x02030FD4 */
    ISLANDER_OAM(0x00EF, 0x41F8, 0x1040, 0x0000), /* 0x02030FDC */
    ISLANDER_OAM(0x00F8, 0x41F8, 0x100E, 0x0000), /* 0x02030FE4 */
    ISLANDER_OAM(0x0000, 0x0000, 0x0000, 0xFFFF), /* 0x02030FEC */
    ISLANDER_OAM(0x00F7, 0x61F7, 0x2104, 0x0000), /* 0x02030FF4 */
    ISLANDER_OAM(0x00EF, 0x51F8, 0x105E, 0x0000), /* 0x02030FFC */
    ISLANDER_OAM(0x00F8, 0x41F8, 0x1056, 0x0000), /* 0x02031004 */
    ISLANDER_OAM(0x0000, 0x0000, 0x0000, 0xFFFF), /* 0x0203100C */
    ISLANDER_OAM(0x00F6, 0x61F7, 0x2104, 0x0000), /* 0x02031014 */
    ISLANDER_OAM(0x00F0, 0x51F8, 0x105E, 0x0000), /* 0x0203101C */
    ISLANDER_OAM(0x00F8, 0x41F8, 0x1056, 0x0000), /* 0x02031024 */
    ISLANDER_OAM(0x0000, 0x0000, 0x0000, 0xFFFF), /* 0x0203102C */
    ISLANDER_OAM(0x00F2, 0x41ED, 0x4080, 0x0000), /* 0x02031034 */
    ISLANDER_OAM(0x00F8, 0x61F1, 0x2106, 0x0000), /* 0x0203103C */
    ISLANDER_OAM(0x00EF, 0x41F7, 0x1002, 0x0000), /* 0x02031044 */
    ISLANDER_OAM(0x00F8, 0x41F8, 0x1018, 0x0000), /* 0x0203104C */
    ISLANDER_OAM(0x0000, 0x0000, 0x0000, 0xFFFF), /* 0x02031054 */
    ISLANDER_OAM(0x00EC, 0x01F4, 0x735F, 0x0000), /* 0x0203105C */
    ISLANDER_OAM(0x00F2, 0x41ED, 0x4080, 0x0000), /* 0x02031064 */
    ISLANDER_OAM(0x00F8, 0x61F1, 0x2106, 0x0000), /* 0x0203106C */
    ISLANDER_OAM(0x00EF, 0x41F9, 0x100A, 0x0000), /* 0x02031074 */
    ISLANDER_OAM(0x00F8, 0x41F8, 0x1018, 0x0000), /* 0x0203107C */
    ISLANDER_OAM(0x0000, 0x0000, 0x0000, 0xFFFF), /* 0x02031084 */
    ISLANDER_OAM(0x00F2, 0x41ED, 0x4080, 0x0000), /* 0x0203108C */
    ISLANDER_OAM(0x00F8, 0x61F1, 0x2106, 0x0000), /* 0x02031094 */
    ISLANDER_OAM(0x00EF, 0x41F9, 0x100A, 0x0000), /* 0x0203109C */
    ISLANDER_OAM(0x00F8, 0x41F8, 0x1018, 0x0000), /* 0x020310A4 */
    ISLANDER_OAM(0x0000, 0x0000, 0x0000, 0xFFFF), /* 0x020310AC */
    ISLANDER_OAM(0x00F2, 0x41ED, 0x4080, 0x0000), /* 0x020310B4 */
    ISLANDER_OAM(0x00F8, 0x61F1, 0x2106, 0x0000), /* 0x020310BC */
    ISLANDER_OAM(0x00EF, 0x41F8, 0x1008, 0x0000), /* 0x020310C4 */
    ISLANDER_OAM(0x00F8, 0x41F8, 0x1018, 0x0000), /* 0x020310CC */
    ISLANDER_OAM(0x0000, 0x0000, 0x0000, 0xFFFF), /* 0x020310D4 */
    ISLANDER_OAM(0x00FD, 0x0009, 0x20CA, 0x0000), /* 0x020310DC */
    ISLANDER_OAM(0x00F1, 0x5002, 0x2140, 0x0000), /* 0x020310E4 */
    ISLANDER_OAM(0x00EF, 0x41F9, 0x1000, 0x0000), /* 0x020310EC */
    ISLANDER_OAM(0x00F8, 0x41F8, 0x1014, 0x0000), /* 0x020310F4 */
    ISLANDER_OAM(0x0000, 0x0000, 0x0000, 0xFFFF), /* 0x020310FC */
    ISLANDER_OAM(0x00FD, 0x000D, 0x20CA, 0x0000), /* 0x02031104 */
    ISLANDER_OAM(0x00EF, 0x5003, 0x2142, 0x0000), /* 0x0203110C */
    ISLANDER_OAM(0x00EF, 0x41FA, 0x1000, 0x0000), /* 0x02031114 */
    ISLANDER_OAM(0x00F8, 0x41F8, 0x1014, 0x0000), /* 0x0203111C */
    ISLANDER_OAM(0x0000, 0x0000, 0x0000, 0xFFFF), /* 0x02031124 */
    ISLANDER_OAM(0x00FE, 0x0010, 0x20CA, 0x0000), /* 0x0203112C */
    ISLANDER_OAM(0x00EF, 0x5003, 0x2108, 0x0000), /* 0x02031134 */
    ISLANDER_OAM(0x00EF, 0x41F9, 0x1004, 0x0000), /* 0x0203113C */
    ISLANDER_OAM(0x00F8, 0x41F8, 0x1014, 0x0000), /* 0x02031144 */
    ISLANDER_OAM(0x0000, 0x0000, 0x0000, 0xFFFF), /* 0x0203114C */
    ISLANDER_OAM(0x00FA, 0x000E, 0x20CA, 0x0000), /* 0x02031154 */
    ISLANDER_OAM(0x00F1, 0x51FB, 0x2142, 0x0000), /* 0x0203115C */
    ISLANDER_OAM(0x00F0, 0x41F8, 0x1004, 0x0000), /* 0x02031164 */
    ISLANDER_OAM(0x00F8, 0x41F8, 0x1018, 0x0000), /* 0x0203116C */
    ISLANDER_OAM(0x0000, 0x0000, 0x0000, 0xFFFF), /* 0x02031174 */
    ISLANDER_OAM(0x00F5, 0x000A, 0x20CA, 0x0000), /* 0x0203117C */
    ISLANDER_OAM(0x80E1, 0x41FB, 0x212A, 0x0000), /* 0x02031184 */
    ISLANDER_OAM(0x00F0, 0x41F7, 0x1004, 0x0000), /* 0x0203118C */
    ISLANDER_OAM(0x00F8, 0x41F8, 0x1018, 0x0000), /* 0x02031194 */
    ISLANDER_OAM(0x0000, 0x0000, 0x0000, 0xFFFF), /* 0x0203119C */
    ISLANDER_OAM(0x00EF, 0x0005, 0x20CA, 0x0000), /* 0x020311A4 */
    ISLANDER_OAM(0x00F1, 0x41F6, 0x1004, 0x0000), /* 0x020311AC */
    ISLANDER_OAM(0x00F3, 0x41ED, 0x2140, 0x0000), /* 0x020311B4 */
    ISLANDER_OAM(0x00F8, 0x41F8, 0x1016, 0x0000), /* 0x020311BC */
    ISLANDER_OAM(0x0000, 0x0000, 0x0000, 0xFFFF), /* 0x020311C4 */
    ISLANDER_OAM(0x00EA, 0x01FE, 0x20CA, 0x0000), /* 0x020311CC */
    ISLANDER_OAM(0x00F1, 0x41F6, 0x1004, 0x0000), /* 0x020311D4 */
    ISLANDER_OAM(0x00F3, 0x41ED, 0x2142, 0x0000), /* 0x020311DC */
    ISLANDER_OAM(0x00F8, 0x41F8, 0x1016, 0x0000), /* 0x020311E4 */
    ISLANDER_OAM(0x0000, 0x0000, 0x0000, 0xFFFF), /* 0x020311EC */
    ISLANDER_OAM(0x0004, 0x01DC, 0x20EA, 0x0000), /* 0x020311F4 */
    ISLANDER_OAM(0x00EF, 0x41F8, 0x1000, 0x0000), /* 0x020311FC */
    ISLANDER_OAM(0x00F0, 0x41ED, 0x2140, 0x0000), /* 0x02031204 */
    ISLANDER_OAM(0x00F8, 0x41F8, 0x1018, 0x0000), /* 0x0203120C */
    ISLANDER_OAM(0x0000, 0x0000, 0x0000, 0xFFFF), /* 0x02031214 */
    ISLANDER_OAM(0x0004, 0x01DC, 0x210A, 0x0000), /* 0x0203121C */
    ISLANDER_OAM(0x00EF, 0x41F8, 0x1000, 0x0000), /* 0x02031224 */
    ISLANDER_OAM(0x00F0, 0x41ED, 0x2142, 0x0000), /* 0x0203122C */
    ISLANDER_OAM(0x00F8, 0x41F8, 0x1018, 0x0000), /* 0x02031234 */
    ISLANDER_OAM(0x0000, 0x0000, 0x0000, 0xFFFF), /* 0x0203123C */
    ISLANDER_OAM(0x0004, 0x01DC, 0x2355, 0x0000), /* 0x02031244 */
    ISLANDER_OAM(0x00F0, 0x41F6, 0x1004, 0x0000), /* 0x0203124C */
    ISLANDER_OAM(0x00F3, 0x41ED, 0x2108, 0x0000), /* 0x02031254 */
    ISLANDER_OAM(0x00F8, 0x41F8, 0x1016, 0x0000), /* 0x0203125C */
    ISLANDER_OAM(0x0000, 0x0000, 0x0000, 0xFFFF), /* 0x02031264 */
    ISLANDER_OAM(0x0005, 0x01DD, 0x2356, 0x0000), /* 0x0203126C */
    ISLANDER_OAM(0x00F0, 0x41F6, 0x1004, 0x0000), /* 0x02031274 */
    ISLANDER_OAM(0x00F3, 0x41ED, 0x2144, 0x0000), /* 0x0203127C */
    ISLANDER_OAM(0x00F8, 0x41F8, 0x1016, 0x0000), /* 0x02031284 */
    ISLANDER_OAM(0x0000, 0x0000, 0x0000, 0xFFFF), /* 0x0203128C */
    ISLANDER_OAM(0x4004, 0x01D8, 0x21A2, 0x0000), /* 0x02031294 */
    ISLANDER_OAM(0x00F0, 0x41F7, 0x1004, 0x0000), /* 0x0203129C */
    ISLANDER_OAM(0x00F0, 0x41ED, 0x2140, 0x0000), /* 0x020312A4 */
    ISLANDER_OAM(0x00F8, 0x41F8, 0x1018, 0x0000), /* 0x020312AC */
    ISLANDER_OAM(0x0000, 0x0000, 0x0000, 0xFFFF), /* 0x020312B4 */
    ISLANDER_OAM(0x80DF, 0x51FD, 0x212A, 0x0000), /* 0x020312BC */
    ISLANDER_OAM(0x4004, 0x01D8, 0x21A2, 0x0000), /* 0x020312C4 */
    ISLANDER_OAM(0x00F7, 0x41DA, 0x4080, 0x0000), /* 0x020312CC */
    ISLANDER_OAM(0x00EF, 0x41F8, 0x1004, 0x0000), /* 0x020312D4 */
    ISLANDER_OAM(0x00F8, 0x41F8, 0x1014, 0x0000), /* 0x020312DC */
    ISLANDER_OAM(0x0000, 0x0000, 0x0000, 0xFFFF), /* 0x020312E4 */
    ISLANDER_OAM(0x80DF, 0x4003, 0x212A, 0x0000), /* 0x020312EC */
    ISLANDER_OAM(0x00FC, 0x41D8, 0x2180, 0x0000), /* 0x020312F4 */
    ISLANDER_OAM(0x00F3, 0x41DC, 0x4080, 0x0000), /* 0x020312FC */
    ISLANDER_OAM(0x00EF, 0x41F9, 0x1000, 0x0000), /* 0x02031304 */
    ISLANDER_OAM(0x00F8, 0x41F8, 0x1014, 0x0000), /* 0x0203130C */
    ISLANDER_OAM(0x0000, 0x0000, 0x0000, 0xFFFF), /* 0x02031314 */
    ISLANDER_OAM(0x00F5, 0x41F1, 0x4080, 0x0000), /* 0x0203131C */
    ISLANDER_OAM(0x00F2, 0x5000, 0x2140, 0x0000), /* 0x02031324 */
    ISLANDER_OAM(0x00EF, 0x41F8, 0x1000, 0x0000), /* 0x0203132C */
    ISLANDER_OAM(0x00F8, 0x41F8, 0x1018, 0x0000), /* 0x02031334 */
    ISLANDER_OAM(0x0000, 0x0000, 0x0000, 0xFFFF), /* 0x0203133C */
    ISLANDER_OAM(0x00F7, 0x41F3, 0x4080, 0x0000), /* 0x02031344 */
    ISLANDER_OAM(0x00F0, 0x41F8, 0x1000, 0x0000), /* 0x0203134C */
    ISLANDER_OAM(0x00EF, 0x51FF, 0x2140, 0x0000), /* 0x02031354 */
    ISLANDER_OAM(0x00F8, 0x41F8, 0x1018, 0x0000), /* 0x0203135C */
    ISLANDER_OAM(0x0000, 0x0000, 0x0000, 0xFFFF), /* 0x02031364 */
    ISLANDER_OAM(0x00F7, 0x41F7, 0x4080, 0x0000), /* 0x0203136C */
    ISLANDER_OAM(0x00F0, 0x41F8, 0x1040, 0x0000), /* 0x02031374 */
    ISLANDER_OAM(0x80E2, 0x4003, 0x212A, 0x0000), /* 0x0203137C */
    ISLANDER_OAM(0x00F8, 0x41F8, 0x104E, 0x0000), /* 0x02031384 */
    ISLANDER_OAM(0x0000, 0x0000, 0x0000, 0xFFFF), /* 0x0203138C */
    ISLANDER_OAM(0x00F0, 0x51F8, 0x105E, 0x0000), /* 0x02031394 */
    ISLANDER_OAM(0x00FD, 0x0001, 0x20CA, 0x0000), /* 0x0203139C */
    ISLANDER_OAM(0x80E3, 0x4002, 0x212A, 0x0000), /* 0x020313A4 */
    ISLANDER_OAM(0x00F8, 0x41F8, 0x1056, 0x0000), /* 0x020313AC */
    ISLANDER_OAM(0x0000, 0x0000, 0x0000, 0xFFFF), /* 0x020313B4 */
    ISLANDER_OAM(0x00EF, 0x51F8, 0x105E, 0x0000), /* 0x020313BC */
    ISLANDER_OAM(0x00FC, 0x0001, 0x20CA, 0x0000), /* 0x020313C4 */
    ISLANDER_OAM(0x80E2, 0x4002, 0x212A, 0x0000), /* 0x020313CC */
    ISLANDER_OAM(0x00F8, 0x41F8, 0x1056, 0x0000), /* 0x020313D4 */
    ISLANDER_OAM(0x0000, 0x0000, 0x0000, 0xFFFF), /* 0x020313DC */
    ISLANDER_OAM(0x00FC, 0x0002, 0x20CA, 0x0000), /* 0x020313E4 */
    ISLANDER_OAM(0x00F2, 0x5000, 0x2140, 0x0000), /* 0x020313EC */
    ISLANDER_OAM(0x00EF, 0x41F8, 0x1040, 0x0000), /* 0x020313F4 */
    ISLANDER_OAM(0x00F8, 0x41F8, 0x100E, 0x0000), /* 0x020313FC */
    ISLANDER_OAM(0x0000, 0x0000, 0x0000, 0xFFFF), /* 0x02031404 */
    ISLANDER_OAM(0x00F6, 0x41FD, 0x4080, 0x0000), /* 0x0203140C */
    ISLANDER_OAM(0x00F0, 0x41F8, 0x1000, 0x0000), /* 0x02031414 */
    ISLANDER_OAM(0x00F8, 0x41F8, 0x1014, 0x0000), /* 0x0203141C */
    ISLANDER_OAM(0x00EF, 0x5003, 0x2142, 0x0000), /* 0x02031424 */
    ISLANDER_OAM(0x0000, 0x0000, 0x0000, 0xFFFF), /* 0x0203142C */
    ISLANDER_OAM(0x00F4, 0x41ED, 0x4080, 0x0000), /* 0x02031434 */
    ISLANDER_OAM(0x00F1, 0x41F5, 0x1000, 0x0000), /* 0x0203143C */
    ISLANDER_OAM(0x00FB, 0x01FF, 0x20CA, 0x0000), /* 0x02031444 */
    ISLANDER_OAM(0x80E2, 0x41FD, 0x212A, 0x0000), /* 0x0203144C */
    ISLANDER_OAM(0x00F8, 0x41F8, 0x1016, 0x0000), /* 0x02031454 */
    ISLANDER_OAM(0x0000, 0x0000, 0x0000, 0xFFFF), /* 0x0203145C */
    ISLANDER_OAM(0x00F3, 0x41E9, 0x4080, 0x0000), /* 0x02031464 */
    ISLANDER_OAM(0x00F1, 0x41F5, 0x1000, 0x0000), /* 0x0203146C */
    ISLANDER_OAM(0x00FB, 0x01FF, 0x20CA, 0x0000), /* 0x02031474 */
    ISLANDER_OAM(0x80E2, 0x41FD, 0x212A, 0x0000), /* 0x0203147C */
    ISLANDER_OAM(0x00F8, 0x41F8, 0x1016, 0x0000), /* 0x02031484 */
    ISLANDER_OAM(0x0000, 0x0000, 0x0000, 0xFFFF), /* 0x0203148C */
    ISLANDER_OAM(0x00F5, 0x41E5, 0x4080, 0x0000), /* 0x02031494 */
    ISLANDER_OAM(0x00F1, 0x41F5, 0x1000, 0x0000), /* 0x0203149C */
    ISLANDER_OAM(0x00FB, 0x01FF, 0x20CA, 0x0000), /* 0x020314A4 */
    ISLANDER_OAM(0x80E2, 0x41FD, 0x212A, 0x0000), /* 0x020314AC */
    ISLANDER_OAM(0x00F8, 0x41F8, 0x1016, 0x0000), /* 0x020314B4 */
    ISLANDER_OAM(0x0000, 0x0000, 0x0000, 0xFFFF), /* 0x020314BC */
    ISLANDER_OAM(0x00F6, 0x41E1, 0x4080, 0x0000), /* 0x020314C4 */
    ISLANDER_OAM(0x00F1, 0x41F5, 0x1000, 0x0000), /* 0x020314CC */
    ISLANDER_OAM(0x00FB, 0x01FF, 0x20CA, 0x0000), /* 0x020314D4 */
    ISLANDER_OAM(0x80E2, 0x41FD, 0x212A, 0x0000), /* 0x020314DC */
    ISLANDER_OAM(0x00F8, 0x41F8, 0x1016, 0x0000), /* 0x020314E4 */
    ISLANDER_OAM(0x0000, 0x0000, 0x0000, 0xFFFF), /* 0x020314EC */
    ISLANDER_OAM(0x00F9, 0x41DD, 0x4080, 0x0000), /* 0x020314F4 */
    ISLANDER_OAM(0x00F1, 0x41F5, 0x1000, 0x0000), /* 0x020314FC */
    ISLANDER_OAM(0x00FB, 0x01FF, 0x20CA, 0x0000), /* 0x02031504 */
    ISLANDER_OAM(0x80E2, 0x41FD, 0x212A, 0x0000), /* 0x0203150C */
    ISLANDER_OAM(0x00F8, 0x41F8, 0x1016, 0x0000), /* 0x02031514 */
    ISLANDER_OAM(0x0000, 0x0000, 0x0000, 0xFFFF), /* 0x0203151C */
    ISLANDER_OAM(0x00FC, 0x41D9, 0x2180, 0x0000), /* 0x02031524 */
    ISLANDER_OAM(0x00F1, 0x41F5, 0x1000, 0x0000), /* 0x0203152C */
    ISLANDER_OAM(0x00FB, 0x01FF, 0x20CA, 0x0000), /* 0x02031534 */
    ISLANDER_OAM(0x80E2, 0x41FD, 0x212A, 0x0000), /* 0x0203153C */
    ISLANDER_OAM(0x00F8, 0x41F8, 0x1016, 0x0000), /* 0x02031544 */
    ISLANDER_OAM(0x0000, 0x0000, 0x0000, 0xFFFF), /* 0x0203154C */
    ISLANDER_OAM(0x00F1, 0x41F5, 0x1000, 0x0000), /* 0x02031554 */
    ISLANDER_OAM(0x4004, 0x01D9, 0x21A2, 0x0000), /* 0x0203155C */
    ISLANDER_OAM(0x00FB, 0x01FF, 0x20CA, 0x0000), /* 0x02031564 */
    ISLANDER_OAM(0x80E2, 0x41FD, 0x212A, 0x0000), /* 0x0203156C */
    ISLANDER_OAM(0x00F8, 0x41F8, 0x1016, 0x0000), /* 0x02031574 */
    ISLANDER_OAM(0x0000, 0x0000, 0x0000, 0xFFFF), /* 0x0203157C */
    ISLANDER_OAM(0x4004, 0x01D9, 0x2182, 0x0000), /* 0x02031584 */
    ISLANDER_OAM(0x00F0, 0x41F7, 0x1000, 0x0000), /* 0x0203158C */
    ISLANDER_OAM(0x00FC, 0x0001, 0x20CA, 0x0000), /* 0x02031594 */
    ISLANDER_OAM(0x00F0, 0x51FF, 0x2140, 0x0000), /* 0x0203159C */
    ISLANDER_OAM(0x00F8, 0x41F8, 0x1012, 0x0000), /* 0x020315A4 */
    ISLANDER_OAM(0x0000, 0x0000, 0x0000, 0xFFFF), /* 0x020315AC */
    ISLANDER_OAM(0x00FD, 0x0002, 0x20CA, 0x0000), /* 0x020315B4 */
    ISLANDER_OAM(0x00F3, 0x5000, 0x2140, 0x0000), /* 0x020315BC */
    ISLANDER_OAM(0x00EF, 0x41F8, 0x1000, 0x0000), /* 0x020315C4 */
    ISLANDER_OAM(0x00F8, 0x41F8, 0x100E, 0x0000), /* 0x020315CC */
    ISLANDER_OAM(0x4004, 0x01D9, 0x2184, 0x0000), /* 0x020315D4 */
    ISLANDER_OAM(0x0000, 0x0000, 0x0000, 0xFFFF), /* 0x020315DC */
    ISLANDER_OAM(0x4005, 0x01D9, 0x2260, 0x0000), /* 0x020315E4 */
    ISLANDER_OAM(0x00FD, 0x0002, 0x20CA, 0x0000), /* 0x020315EC */
    ISLANDER_OAM(0x00F3, 0x5000, 0x2140, 0x0000), /* 0x020315F4 */
    ISLANDER_OAM(0x00EF, 0x41F8, 0x1000, 0x0000), /* 0x020315FC */
    ISLANDER_OAM(0x00F8, 0x41F8, 0x100E, 0x0000), /* 0x02031604 */
    ISLANDER_OAM(0x0000, 0x0000, 0x0000, 0xFFFF), /* 0x0203160C */
    ISLANDER_OAM(0x00FD, 0x000F, 0x20CA, 0x0000), /* 0x02031614 */
    ISLANDER_OAM(0x00EF, 0x5003, 0x2142, 0x0000), /* 0x0203161C */
    ISLANDER_OAM(0x00EF, 0x41FA, 0x1000, 0x0000), /* 0x02031624 */
    ISLANDER_OAM(0x00F8, 0x41F8, 0x1014, 0x0000), /* 0x0203162C */
    ISLANDER_OAM(0x0000, 0x0000, 0x0000, 0xFFFF), /* 0x02031634 */
    ISLANDER_OAM(0x00E7, 0x01F5, 0x20CA, 0x0000), /* 0x0203163C */
    ISLANDER_OAM(0x00F1, 0x41F6, 0x1004, 0x0000), /* 0x02031644 */
    ISLANDER_OAM(0x00F3, 0x41ED, 0x2142, 0x0000), /* 0x0203164C */
    ISLANDER_OAM(0x00F8, 0x41F8, 0x1016, 0x0000), /* 0x02031654 */
    ISLANDER_OAM(0x0000, 0x0000, 0x0000, 0xFFFF), /* 0x0203165C */
    ISLANDER_OAM(0x00E8, 0x01EB, 0x20CA, 0x0000), /* 0x02031664 */
    ISLANDER_OAM(0x00F1, 0x41F6, 0x1004, 0x0000), /* 0x0203166C */
    ISLANDER_OAM(0x00F3, 0x41ED, 0x2142, 0x0000), /* 0x02031674 */
    ISLANDER_OAM(0x00F8, 0x41F8, 0x1016, 0x0000), /* 0x0203167C */
    ISLANDER_OAM(0x0000, 0x0000, 0x0000, 0xFFFF), /* 0x02031684 */
    ISLANDER_OAM(0x00F0, 0x41F7, 0x1000, 0x0000), /* 0x0203168C */
    ISLANDER_OAM(0x00F3, 0x41ED, 0x2142, 0x0000), /* 0x02031694 */
    ISLANDER_OAM(0x00F8, 0x41F8, 0x1016, 0x0000), /* 0x0203169C */
    ISLANDER_OAM(0x00EE, 0x01E3, 0x20CA, 0x0000), /* 0x020316A4 */
    ISLANDER_OAM(0x0000, 0x0000, 0x0000, 0xFFFF), /* 0x020316AC */
    ISLANDER_OAM(0x00EF, 0x41F8, 0x1000, 0x0000), /* 0x020316B4 */
    ISLANDER_OAM(0x00F6, 0x01DF, 0x20CA, 0x0000), /* 0x020316BC */
    ISLANDER_OAM(0x00F2, 0x41ED, 0x2140, 0x0000), /* 0x020316C4 */
    ISLANDER_OAM(0x00F8, 0x41F8, 0x1018, 0x0000), /* 0x020316CC */
    ISLANDER_OAM(0x0000, 0x0000, 0x0000, 0xFFFF), /* 0x020316D4 */
    ISLANDER_OAM(0x00EF, 0x41F8, 0x1000, 0x0000), /* 0x020316DC */
    ISLANDER_OAM(0x00FE, 0x01DD, 0x20CA, 0x0000), /* 0x020316E4 */
    ISLANDER_OAM(0x00F1, 0x41ED, 0x2140, 0x0000), /* 0x020316EC */
    ISLANDER_OAM(0x00F8, 0x41F8, 0x1018, 0x0000), /* 0x020316F4 */
    ISLANDER_OAM(0x0000, 0x0000, 0x0000, 0xFFFF), /* 0x020316FC */
    ISLANDER_OAM(0x0004, 0x01DC, 0x2354, 0x0000), /* 0x02031704 */
    ISLANDER_OAM(0x00EF, 0x41F8, 0x1000, 0x0000), /* 0x0203170C */
    ISLANDER_OAM(0x00F1, 0x41ED, 0x2140, 0x0000), /* 0x02031714 */
    ISLANDER_OAM(0x00F8, 0x41F8, 0x1018, 0x0000), /* 0x0203171C */
    ISLANDER_OAM(0x0000, 0x0000, 0x0000, 0xFFFF), /* 0x02031724 */
    ISLANDER_OAM(0x0004, 0x01DC, 0x2355, 0x0000), /* 0x0203172C */
    ISLANDER_OAM(0x00EF, 0x41F8, 0x1000, 0x0000), /* 0x02031734 */
    ISLANDER_OAM(0x00F1, 0x41ED, 0x2142, 0x0000), /* 0x0203173C */
    ISLANDER_OAM(0x00F8, 0x41F8, 0x1018, 0x0000), /* 0x02031744 */
    ISLANDER_OAM(0x0000, 0x0000, 0x0000, 0xFFFF), /* 0x0203174C */
    ISLANDER_OAM(0x0004, 0x01DC, 0x2356, 0x0000), /* 0x02031754 */
    ISLANDER_OAM(0x00EF, 0x41F8, 0x1000, 0x0000), /* 0x0203175C */
    ISLANDER_OAM(0x00F1, 0x41ED, 0x2140, 0x0000), /* 0x02031764 */
    ISLANDER_OAM(0x00F8, 0x41F8, 0x1018, 0x0000), /* 0x0203176C */
    ISLANDER_OAM(0x0000, 0x0000, 0x0000, 0xFFFF), /* 0x02031774 */
    ISLANDER_OAM(0x00EF, 0x41F8, 0x1000, 0x0000), /* 0x0203177C */
    ISLANDER_OAM(0x00F1, 0x41ED, 0x2140, 0x0000), /* 0x02031784 */
    ISLANDER_OAM(0x00F8, 0x41F8, 0x1018, 0x0000), /* 0x0203178C */
    ISLANDER_OAM(0x0000, 0x0000, 0x0000, 0xFFFF), /* 0x02031794 */
    ISLANDER_OAM(0x0006, 0x01DD, 0x2355, 0x0000), /* 0x0203179C */
    ISLANDER_OAM(0x00F0, 0x41F7, 0x1004, 0x0000), /* 0x020317A4 */
    ISLANDER_OAM(0x00F3, 0x41ED, 0x2108, 0x0000), /* 0x020317AC */
    ISLANDER_OAM(0x00F8, 0x41F8, 0x1016, 0x0000), /* 0x020317B4 */
    ISLANDER_OAM(0x0000, 0x0000, 0x0000, 0xFFFF), /* 0x020317BC */
    ISLANDER_OAM(0x0007, 0x01DC, 0x2356, 0x0000), /* 0x020317C4 */
    ISLANDER_OAM(0x00F0, 0x41F6, 0x1004, 0x0000), /* 0x020317CC */
    ISLANDER_OAM(0x00F3, 0x41ED, 0x2108, 0x0000), /* 0x020317D4 */
    ISLANDER_OAM(0x00F8, 0x41F8, 0x1016, 0x0000), /* 0x020317DC */
    ISLANDER_OAM(0x0000, 0x0000, 0x0000, 0xFFFF), /* 0x020317E4 */
    ISLANDER_OAM(0x0007, 0x01DB, 0x2355, 0x0000), /* 0x020317EC */
    ISLANDER_OAM(0x00F0, 0x41F7, 0x1004, 0x0000), /* 0x020317F4 */
    ISLANDER_OAM(0x00F3, 0x41ED, 0x2144, 0x0000), /* 0x020317FC */
    ISLANDER_OAM(0x00F8, 0x41F8, 0x1016, 0x0000), /* 0x02031804 */
    ISLANDER_OAM(0x0000, 0x0000, 0x0000, 0xFFFF), /* 0x0203180C */
    ISLANDER_OAM(0x0006, 0x01DA, 0x2356, 0x0000), /* 0x02031814 */
    ISLANDER_OAM(0x00F0, 0x41F6, 0x1004, 0x0000), /* 0x0203181C */
    ISLANDER_OAM(0x00F3, 0x41ED, 0x2108, 0x0000), /* 0x02031824 */
    ISLANDER_OAM(0x00F8, 0x41F8, 0x1016, 0x0000), /* 0x0203182C */
    ISLANDER_OAM(0x0000, 0x0000, 0x0000, 0xFFFF), /* 0x02031834 */
    ISLANDER_OAM(0x0005, 0x01DA, 0x2355, 0x0000), /* 0x0203183C */
    ISLANDER_OAM(0x00F0, 0x41F6, 0x1004, 0x0000), /* 0x02031844 */
    ISLANDER_OAM(0x00F3, 0x41ED, 0x2108, 0x0000), /* 0x0203184C */
    ISLANDER_OAM(0x00F8, 0x41F8, 0x1016, 0x0000), /* 0x02031854 */
    ISLANDER_OAM(0x0000, 0x0000, 0x0000, 0xFFFF), /* 0x0203185C */
    ISLANDER_OAM(0x0004, 0x01DB, 0x2356, 0x0000), /* 0x02031864 */
    ISLANDER_OAM(0x00F0, 0x41F6, 0x1004, 0x0000), /* 0x0203186C */
    ISLANDER_OAM(0x00F3, 0x41ED, 0x2144, 0x0000), /* 0x02031874 */
    ISLANDER_OAM(0x00F8, 0x41F8, 0x1016, 0x0000), /* 0x0203187C */
    ISLANDER_OAM(0x0000, 0x0000, 0x0000, 0xFFFF), /* 0x02031884 */
    ISLANDER_OAM(0x00EF, 0x5003, 0x2140, 0x0000), /* 0x0203188C */
    ISLANDER_OAM(0x00EF, 0x41F9, 0x1000, 0x0000), /* 0x02031894 */
    ISLANDER_OAM(0x00F8, 0x41F8, 0x1014, 0x0000), /* 0x0203189C */
    ISLANDER_OAM(0x00EF, 0x41DF, 0x4080, 0x0000), /* 0x020318A4 */
    ISLANDER_OAM(0x00FC, 0x41D8, 0x2180, 0x0000), /* 0x020318AC */
    ISLANDER_OAM(0x0000, 0x0000, 0x0000, 0xFFFF), /* 0x020318B4 */
    ISLANDER_OAM(0x00EF, 0x5003, 0x2142, 0x0000), /* 0x020318BC */
    ISLANDER_OAM(0x00EF, 0x41F9, 0x1000, 0x0000), /* 0x020318C4 */
    ISLANDER_OAM(0x00F8, 0x41F8, 0x1014, 0x0000), /* 0x020318CC */
    ISLANDER_OAM(0x4004, 0x01D8, 0x21A2, 0x0000), /* 0x020318D4 */
    ISLANDER_OAM(0x00EC, 0x41E3, 0x4080, 0x0000), /* 0x020318DC */
    ISLANDER_OAM(0x0000, 0x0000, 0x0000, 0xFFFF), /* 0x020318E4 */
    ISLANDER_OAM(0x00EF, 0x5003, 0x2142, 0x0000), /* 0x020318EC */
    ISLANDER_OAM(0x00EF, 0x41F9, 0x1000, 0x0000), /* 0x020318F4 */
    ISLANDER_OAM(0x00F8, 0x41F8, 0x1014, 0x0000), /* 0x020318FC */
    ISLANDER_OAM(0x00EA, 0x41E8, 0x4080, 0x0000), /* 0x02031904 */
    ISLANDER_OAM(0x4004, 0x01D8, 0x21A2, 0x0000), /* 0x0203190C */
    ISLANDER_OAM(0x0000, 0x0000, 0x0000, 0xFFFF), /* 0x02031914 */
    ISLANDER_OAM(0x00F0, 0x5002, 0x2142, 0x0000), /* 0x0203191C */
    ISLANDER_OAM(0x00EF, 0x41F9, 0x1000, 0x0000), /* 0x02031924 */
    ISLANDER_OAM(0x00F8, 0x41F8, 0x1014, 0x0000), /* 0x0203192C */
    ISLANDER_OAM(0x00EC, 0x41EC, 0x4080, 0x0000), /* 0x02031934 */
    ISLANDER_OAM(0x4004, 0x01D8, 0x2182, 0x0000), /* 0x0203193C */
    ISLANDER_OAM(0x0000, 0x0000, 0x0000, 0xFFFF), /* 0x02031944 */
    ISLANDER_OAM(0x00F1, 0x5001, 0x2140, 0x0000), /* 0x0203194C */
    ISLANDER_OAM(0x00EF, 0x41F9, 0x1000, 0x0000), /* 0x02031954 */
    ISLANDER_OAM(0x00F8, 0x41F8, 0x1014, 0x0000), /* 0x0203195C */
    ISLANDER_OAM(0x00EF, 0x41EF, 0x4080, 0x0000), /* 0x02031964 */
    ISLANDER_OAM(0x4004, 0x01D8, 0x2182, 0x0000), /* 0x0203196C */
    ISLANDER_OAM(0x0000, 0x0000, 0x0000, 0xFFFF), /* 0x02031974 */
    ISLANDER_OAM(0x00F2, 0x5000, 0x2140, 0x0000), /* 0x0203197C */
    ISLANDER_OAM(0x4004, 0x01D8, 0x2184, 0x0000), /* 0x02031984 */
    ISLANDER_OAM(0x00F4, 0x41F1, 0x4080, 0x0000), /* 0x0203198C */
    ISLANDER_OAM(0x00EF, 0x41F8, 0x1000, 0x0000), /* 0x02031994 */
    ISLANDER_OAM(0x00F8, 0x41F8, 0x1018, 0x0000), /* 0x0203199C */
    ISLANDER_OAM(0x0000, 0x0000, 0x0000, 0xFFFF), /* 0x020319A4 */
    ISLANDER_OAM(0x4005, 0x01D8, 0x2260, 0x0000), /* 0x020319AC */
    ISLANDER_OAM(0x00F2, 0x5000, 0x2140, 0x0000), /* 0x020319B4 */
    ISLANDER_OAM(0x00F5, 0x41F1, 0x4080, 0x0000), /* 0x020319BC */
    ISLANDER_OAM(0x00EF, 0x41F8, 0x1000, 0x0000), /* 0x020319C4 */
    ISLANDER_OAM(0x00F8, 0x41F8, 0x1018, 0x0000), /* 0x020319CC */
    ISLANDER_OAM(0x0000, 0x0000, 0x0000, 0xFFFF), /* 0x020319D4 */
    ISLANDER_OAM(0x00F5, 0x41F1, 0x4080, 0x0000), /* 0x020319DC */
    ISLANDER_OAM(0x00F2, 0x5000, 0x2140, 0x0000), /* 0x020319E4 */
    ISLANDER_OAM(0x00EF, 0x41F7, 0x1002, 0x0000), /* 0x020319EC */
    ISLANDER_OAM(0x00F8, 0x41F8, 0x1018, 0x0000), /* 0x020319F4 */
    ISLANDER_OAM(0x0000, 0x0000, 0x0000, 0xFFFF), /* 0x020319FC */
    ISLANDER_OAM(0x00EC, 0x01F4, 0x735F, 0x0000), /* 0x02031A04 */
    ISLANDER_OAM(0x00F5, 0x41F1, 0x4080, 0x0000), /* 0x02031A0C */
    ISLANDER_OAM(0x00F2, 0x5000, 0x2140, 0x0000), /* 0x02031A14 */
    ISLANDER_OAM(0x00EF, 0x41F9, 0x100A, 0x0000), /* 0x02031A1C */
    ISLANDER_OAM(0x00F8, 0x41F8, 0x1018, 0x0000), /* 0x02031A24 */
    ISLANDER_OAM(0x0000, 0x0000, 0x0000, 0xFFFF), /* 0x02031A2C */
    ISLANDER_OAM(0x00F5, 0x41F1, 0x4080, 0x0000), /* 0x02031A34 */
    ISLANDER_OAM(0x00F2, 0x5000, 0x2140, 0x0000), /* 0x02031A3C */
    ISLANDER_OAM(0x00EF, 0x41F9, 0x100A, 0x0000), /* 0x02031A44 */
    ISLANDER_OAM(0x00F8, 0x41F8, 0x1018, 0x0000), /* 0x02031A4C */
    ISLANDER_OAM(0x0000, 0x0000, 0x0000, 0xFFFF), /* 0x02031A54 */
    ISLANDER_OAM(0x00F5, 0x41F1, 0x4080, 0x0000), /* 0x02031A5C */
    ISLANDER_OAM(0x00F2, 0x5000, 0x2140, 0x0000), /* 0x02031A64 */
    ISLANDER_OAM(0x00EF, 0x41F8, 0x1008, 0x0000), /* 0x02031A6C */
    ISLANDER_OAM(0x00F8, 0x41F8, 0x1018, 0x0000), /* 0x02031A74 */
    ISLANDER_OAM(0x0000, 0x0000, 0x0000, 0xFFFF), /* 0x02031A7C */
    ISLANDER_OAM(0x00EF, 0x41F9, 0x1004, 0x0000), /* 0x02031A84 */
    ISLANDER_OAM(0x00F2, 0x4003, 0x21C0, 0x0000), /* 0x02031A8C */
    ISLANDER_OAM(0x00F8, 0x41F8, 0x1014, 0x0000), /* 0x02031A94 */
    ISLANDER_OAM(0x0000, 0x0000, 0x0000, 0xFFFF), /* 0x02031A9C */
    ISLANDER_OAM(0x00EF, 0x41FA, 0x1004, 0x0000), /* 0x02031AA4 */
    ISLANDER_OAM(0x00F3, 0x4004, 0x21C2, 0x0000), /* 0x02031AAC */
    ISLANDER_OAM(0x00F8, 0x41F8, 0x1014, 0x0000), /* 0x02031AB4 */
    ISLANDER_OAM(0x0000, 0x0000, 0x0000, 0xFFFF), /* 0x02031ABC */
    ISLANDER_OAM(0x00EE, 0x41F8, 0x215E, 0x0000), /* 0x02031AC4 */
    ISLANDER_OAM(0x00F0, 0x41F8, 0x1004, 0x0000), /* 0x02031ACC */
    ISLANDER_OAM(0x00F8, 0x41F8, 0x1018, 0x0000), /* 0x02031AD4 */
    ISLANDER_OAM(0x0000, 0x0000, 0x0000, 0xFFFF), /* 0x02031ADC */
    ISLANDER_OAM(0x00F3, 0x41ED, 0x21A4, 0x0000), /* 0x02031AE4 */
    ISLANDER_OAM(0x00F1, 0x41F7, 0x1004, 0x0000), /* 0x02031AEC */
    ISLANDER_OAM(0x00F8, 0x41F8, 0x1016, 0x0000), /* 0x02031AF4 */
    ISLANDER_OAM(0x0000, 0x0000, 0x0000, 0xFFFF), /* 0x02031AFC */
    ISLANDER_OAM(0x00F1, 0x41F6, 0x105E, 0x0000), /* 0x02031B04 */
    ISLANDER_OAM(0x00FE, 0x71EE, 0x21C2, 0x0000), /* 0x02031B0C */
    ISLANDER_OAM(0x00F8, 0x41F8, 0x1016, 0x0000), /* 0x02031B14 */
    ISLANDER_OAM(0x0000, 0x0000, 0x0000, 0xFFFF), /* 0x02031B1C */
    ISLANDER_OAM(0x00F2, 0x41F6, 0x105E, 0x0000), /* 0x02031B24 */
    ISLANDER_OAM(0x0000, 0x71F2, 0x219E, 0x0000), /* 0x02031B2C */
    ISLANDER_OAM(0x00F8, 0x41F8, 0x1016, 0x0000), /* 0x02031B34 */
    ISLANDER_OAM(0x0000, 0x0000, 0x0000, 0xFFFF), /* 0x02031B3C */
    ISLANDER_OAM(0x00F0, 0x41F7, 0x105E, 0x0000), /* 0x02031B44 */
    ISLANDER_OAM(0x00FE, 0x71F8, 0x219E, 0x0000), /* 0x02031B4C */
    ISLANDER_OAM(0x00F8, 0x41F8, 0x1056, 0x0000), /* 0x02031B54 */
    ISLANDER_OAM(0x0000, 0x0000, 0x0000, 0xFFFF), /* 0x02031B5C */
    ISLANDER_OAM(0x00F0, 0x41F7, 0x105E, 0x0000), /* 0x02031B64 */
    ISLANDER_OAM(0x00FA, 0x61FA, 0x21A4, 0x0000), /* 0x02031B6C */
    ISLANDER_OAM(0x00F8, 0x41F8, 0x1056, 0x0000), /* 0x02031B74 */
    ISLANDER_OAM(0x0000, 0x0000, 0x0000, 0xFFFF), /* 0x02031B7C */
    ISLANDER_OAM(0x00F1, 0x41F7, 0x105E, 0x0000), /* 0x02031B84 */
    ISLANDER_OAM(0x00F9, 0x61FA, 0x21A4, 0x0000), /* 0x02031B8C */
    ISLANDER_OAM(0x00F8, 0x41F8, 0x1056, 0x0000), /* 0x02031B94 */
    ISLANDER_OAM(0x0000, 0x0000, 0x0000, 0xFFFF), /* 0x02031B9C */
    ISLANDER_OAM(0x00F9, 0x41F6, 0x4080, 0x0000), /* 0x02031BA4 */
    ISLANDER_OAM(0x00F0, 0x41F8, 0x1000, 0x0000), /* 0x02031BAC */
    ISLANDER_OAM(0x00FB, 0x61FD, 0x215E, 0x0000), /* 0x02031BB4 */
    ISLANDER_OAM(0x00F8, 0x41F8, 0x100E, 0x0000), /* 0x02031BBC */
    ISLANDER_OAM(0x0000, 0x0000, 0x0000, 0xFFFF), /* 0x02031BC4 */
    ISLANDER_OAM(0x00F7, 0x41F2, 0x4080, 0x0000), /* 0x02031BCC */
    ISLANDER_OAM(0x00F6, 0x4000, 0x21C2, 0x0000), /* 0x02031BD4 */
    ISLANDER_OAM(0x00EF, 0x41F8, 0x1000, 0x0000), /* 0x02031BDC */
    ISLANDER_OAM(0x00F8, 0x41F8, 0x1018, 0x0000), /* 0x02031BE4 */
    ISLANDER_OAM(0x0000, 0x0000, 0x0000, 0xFFFF), /* 0x02031BEC */
    ISLANDER_OAM(0x00F5, 0x41F1, 0x4080, 0x0000), /* 0x02031BF4 */
    ISLANDER_OAM(0x00F3, 0x4000, 0x21C0, 0x0000), /* 0x02031BFC */
    ISLANDER_OAM(0x00EF, 0x41F8, 0x1000, 0x0000), /* 0x02031C04 */
    ISLANDER_OAM(0x00F8, 0x41F8, 0x1018, 0x0000), /* 0x02031C0C */
    ISLANDER_OAM(0x0000, 0x0000, 0x0000, 0xFFFF), /* 0x02031C14 */
    ISLANDER_OAM(0x00F7, 0x41F3, 0x4080, 0x0000), /* 0x02031C1C */
    ISLANDER_OAM(0x00F0, 0x41F8, 0x1000, 0x0000), /* 0x02031C24 */
    ISLANDER_OAM(0x00F2, 0x41FF, 0x215E, 0x0000), /* 0x02031C2C */
    ISLANDER_OAM(0x00F8, 0x41F8, 0x1018, 0x0000), /* 0x02031C34 */
    ISLANDER_OAM(0x0000, 0x0000, 0x0000, 0xFFFF), /* 0x02031C3C */
    ISLANDER_OAM(0x00F7, 0x41F7, 0x4080, 0x0000), /* 0x02031C44 */
    ISLANDER_OAM(0x00F0, 0x41F8, 0x1040, 0x0000), /* 0x02031C4C */
    ISLANDER_OAM(0x00F2, 0x41FE, 0x215E, 0x0000), /* 0x02031C54 */
    ISLANDER_OAM(0x00F8, 0x41F8, 0x104E, 0x0000), /* 0x02031C5C */
    ISLANDER_OAM(0x0000, 0x0000, 0x0000, 0xFFFF), /* 0x02031C64 */
    ISLANDER_OAM(0x00F0, 0x51F8, 0x105E, 0x0000), /* 0x02031C6C */
    ISLANDER_OAM(0x00F1, 0x41FF, 0x215E, 0x0000), /* 0x02031C74 */
    ISLANDER_OAM(0x00F8, 0x41F8, 0x1056, 0x0000), /* 0x02031C7C */
    ISLANDER_OAM(0x0000, 0x0000, 0x0000, 0xFFFF), /* 0x02031C84 */
    ISLANDER_OAM(0x00EF, 0x51F8, 0x105E, 0x0000), /* 0x02031C8C */
    ISLANDER_OAM(0x00F1, 0x41FF, 0x215E, 0x0000), /* 0x02031C94 */
    ISLANDER_OAM(0x00F8, 0x41F8, 0x1056, 0x0000), /* 0x02031C9C */
    ISLANDER_OAM(0x0000, 0x0000, 0x0000, 0xFFFF), /* 0x02031CA4 */
    ISLANDER_OAM(0x00EF, 0x41F8, 0x1040, 0x0000), /* 0x02031CAC */
    ISLANDER_OAM(0x00F2, 0x41FF, 0x21C0, 0x0000), /* 0x02031CB4 */
    ISLANDER_OAM(0x00F8, 0x41F8, 0x100E, 0x0000), /* 0x02031CBC */
    ISLANDER_OAM(0x0000, 0x0000, 0x0000, 0xFFFF), /* 0x02031CC4 */
    ISLANDER_OAM(0x00EF, 0x41F9, 0x1004, 0x0000), /* 0x02031CCC */
    ISLANDER_OAM(0x00F2, 0x4003, 0x21C0, 0x0000), /* 0x02031CD4 */
    ISLANDER_OAM(0x00F8, 0x41F8, 0x1014, 0x0000), /* 0x02031CDC */
    ISLANDER_OAM(0x0000, 0x0000, 0x0000, 0xFFFF), /* 0x02031CE4 */
    ISLANDER_OAM(0x00F5, 0x41F1, 0x4080, 0x0000), /* 0x02031CEC */
    ISLANDER_OAM(0x00F3, 0x4000, 0x21C0, 0x0000), /* 0x02031CF4 */
    ISLANDER_OAM(0x00EF, 0x41F7, 0x1002, 0x0000), /* 0x02031CFC */
    ISLANDER_OAM(0x00F8, 0x41F8, 0x1018, 0x0000), /* 0x02031D04 */
    ISLANDER_OAM(0x0000, 0x0000, 0x0000, 0xFFFF), /* 0x02031D0C */
    ISLANDER_OAM(0x00EC, 0x01F4, 0x735F, 0x0000), /* 0x02031D14 */
    ISLANDER_OAM(0x00F5, 0x41F1, 0x4080, 0x0000), /* 0x02031D1C */
    ISLANDER_OAM(0x00F3, 0x4000, 0x21C0, 0x0000), /* 0x02031D24 */
    ISLANDER_OAM(0x00EF, 0x41F9, 0x100A, 0x0000), /* 0x02031D2C */
    ISLANDER_OAM(0x00F8, 0x41F8, 0x1018, 0x0000), /* 0x02031D34 */
    ISLANDER_OAM(0x0000, 0x0000, 0x0000, 0xFFFF), /* 0x02031D3C */
    ISLANDER_OAM(0x00F5, 0x41F1, 0x4080, 0x0000), /* 0x02031D44 */
    ISLANDER_OAM(0x00F3, 0x4000, 0x21C0, 0x0000), /* 0x02031D4C */
    ISLANDER_OAM(0x00EF, 0x41F9, 0x100A, 0x0000), /* 0x02031D54 */
    ISLANDER_OAM(0x00F8, 0x41F8, 0x1018, 0x0000), /* 0x02031D5C */
    ISLANDER_OAM(0x0000, 0x0000, 0x0000, 0xFFFF), /* 0x02031D64 */
    ISLANDER_OAM(0x00F5, 0x41F1, 0x4080, 0x0000), /* 0x02031D6C */
    ISLANDER_OAM(0x00F3, 0x4000, 0x21C0, 0x0000), /* 0x02031D74 */
    ISLANDER_OAM(0x00EF, 0x41F8, 0x1008, 0x0000), /* 0x02031D7C */
    ISLANDER_OAM(0x00F8, 0x41F8, 0x1018, 0x0000), /* 0x02031D84 */
    ISLANDER_OAM(0x0000, 0x0000, 0x0000, 0xFFFF), /* 0x02031D8C */
    ISLANDER_OAM(0x00F7, 0x51FC, 0x2100, 0x0000), /* 0x02031D94 */
    ISLANDER_OAM(0x00EF, 0x41F9, 0x1000, 0x0000), /* 0x02031D9C */
    ISLANDER_OAM(0x00F8, 0x41F8, 0x1014, 0x0000), /* 0x02031DA4 */
    ISLANDER_OAM(0x0000, 0x0000, 0x0000, 0xFFFF), /* 0x02031DAC */
    ISLANDER_OAM(0x00F2, 0x5002, 0x2100, 0x0000), /* 0x02031DB4 */
    ISLANDER_OAM(0x00EF, 0x41FA, 0x1004, 0x0000), /* 0x02031DBC */
    ISLANDER_OAM(0x00F8, 0x41F8, 0x1014, 0x0000), /* 0x02031DC4 */
    ISLANDER_OAM(0x0000, 0x0000, 0x0000, 0xFFFF), /* 0x02031DCC */
    ISLANDER_OAM(0x00F9, 0x51F9, 0x2102, 0x0000), /* 0x02031DD4 */
    ISLANDER_OAM(0x00F0, 0x41F7, 0x1004, 0x0000), /* 0x02031DDC */
    ISLANDER_OAM(0x00F8, 0x41F8, 0x1016, 0x0000), /* 0x02031DE4 */
    ISLANDER_OAM(0x0000, 0x0000, 0x0000, 0xFFFF), /* 0x02031DEC */
    ISLANDER_OAM(0x00FA, 0x61ED, 0x2102, 0x0000), /* 0x02031DF4 */
    ISLANDER_OAM(0x00F1, 0x41F7, 0x1004, 0x0000), /* 0x02031DFC */
    ISLANDER_OAM(0x00F8, 0x41F8, 0x1018, 0x0000), /* 0x02031E04 */
    ISLANDER_OAM(0x0000, 0x0000, 0x0000, 0xFFFF), /* 0x02031E0C */
    ISLANDER_OAM(0x00FB, 0x61ED, 0x2102, 0x0000), /* 0x02031E14 */
    ISLANDER_OAM(0x00F0, 0x41F7, 0x1004, 0x0000), /* 0x02031E1C */
    ISLANDER_OAM(0x00F8, 0x41F8, 0x1018, 0x0000), /* 0x02031E24 */
    ISLANDER_OAM(0x0000, 0x0000, 0x0000, 0xFFFF), /* 0x02031E2C */
    ISLANDER_OAM(0x00EF, 0x41F7, 0x1000, 0x0000), /* 0x02031E34 */
    ISLANDER_OAM(0x00F7, 0x41F0, 0x2100, 0x0000), /* 0x02031E3C */
    ISLANDER_OAM(0x00F8, 0x41F8, 0x1016, 0x0000), /* 0x02031E44 */
    ISLANDER_OAM(0x0000, 0x0000, 0x0000, 0xFFFF), /* 0x02031E4C */
    ISLANDER_OAM(0x00F0, 0x41F8, 0x105E, 0x0000), /* 0x02031E54 */
    ISLANDER_OAM(0x00F8, 0x41F9, 0x1012, 0x0000), /* 0x02031E5C */
    ISLANDER_OAM(0x00F8, 0x41F8, 0x4080, 0x0000), /* 0x02031E64 */
    ISLANDER_OAM(0x0000, 0x0000, 0x0000, 0xFFFF), /* 0x02031E6C */
    ISLANDER_OAM(0x00F1, 0x41F7, 0x105E, 0x0000), /* 0x02031E74 */
    ISLANDER_OAM(0x00F8, 0x41F9, 0x1016, 0x0000), /* 0x02031E7C */
    ISLANDER_OAM(0x00F8, 0x41F8, 0x4080, 0x0000), /* 0x02031E84 */
    ISLANDER_OAM(0x0000, 0x0000, 0x0000, 0xFFFF), /* 0x02031E8C */
    ISLANDER_OAM(0x00F7, 0x41F4, 0x4080, 0x0000), /* 0x02031E94 */
    ISLANDER_OAM(0x00F0, 0x41F7, 0x105E, 0x0000), /* 0x02031E9C */
    ISLANDER_OAM(0x00F8, 0x41F9, 0x1016, 0x0000), /* 0x02031EA4 */
    ISLANDER_OAM(0x0000, 0x0000, 0x0000, 0xFFFF), /* 0x02031EAC */
    ISLANDER_OAM(0x00F5, 0x41F1, 0x4080, 0x0000), /* 0x02031EB4 */
    ISLANDER_OAM(0x00EF, 0x41F8, 0x1000, 0x0000), /* 0x02031EBC */
    ISLANDER_OAM(0x00F8, 0x41F8, 0x1018, 0x0000), /* 0x02031EC4 */
    ISLANDER_OAM(0x0000, 0x0000, 0x0000, 0xFFFF), /* 0x02031ECC */
    ISLANDER_OAM(0x00EF, 0x41F8, 0x1008, 0x0000), /* 0x02031ED4 */
    ISLANDER_OAM(0x00F5, 0x41F1, 0x4080, 0x0000), /* 0x02031EDC */
    ISLANDER_OAM(0x00F8, 0x41F8, 0x1018, 0x0000), /* 0x02031EE4 */
    ISLANDER_OAM(0x0000, 0x0000, 0x0000, 0xFFFF), /* 0x02031EEC */
    ISLANDER_OAM(0x00F0, 0x41F8, 0x1002, 0x0000), /* 0x02031EF4 */
    ISLANDER_OAM(0x00F6, 0x41F3, 0x4080, 0x0000), /* 0x02031EFC */
    ISLANDER_OAM(0x00F8, 0x41F8, 0x1018, 0x0000), /* 0x02031F04 */
    ISLANDER_OAM(0x0000, 0x0000, 0x0000, 0xFFFF), /* 0x02031F0C */
    ISLANDER_OAM(0x00EF, 0x41F8, 0x1008, 0x0000), /* 0x02031F14 */
    ISLANDER_OAM(0x00F6, 0x41F3, 0x4080, 0x0000), /* 0x02031F1C */
    ISLANDER_OAM(0x00F8, 0x41F8, 0x1018, 0x0000), /* 0x02031F24 */
    ISLANDER_OAM(0x0000, 0x0000, 0x0000, 0xFFFF), /* 0x02031F2C */
    ISLANDER_OAM(0x00F0, 0x41F8, 0x1002, 0x0000), /* 0x02031F34 */
    ISLANDER_OAM(0x00F5, 0x41F5, 0x4080, 0x0000), /* 0x02031F3C */
    ISLANDER_OAM(0x00F8, 0x41F8, 0x1018, 0x0000), /* 0x02031F44 */
    ISLANDER_OAM(0x0000, 0x0000, 0x0000, 0xFFFF), /* 0x02031F4C */
    ISLANDER_OAM(0x00EF, 0x41F8, 0x1008, 0x0000), /* 0x02031F54 */
    ISLANDER_OAM(0x00F5, 0x41F5, 0x4080, 0x0000), /* 0x02031F5C */
    ISLANDER_OAM(0x00F8, 0x41F8, 0x1018, 0x0000), /* 0x02031F64 */
    ISLANDER_OAM(0x0000, 0x0000, 0x0000, 0xFFFF), /* 0x02031F6C */
    ISLANDER_OAM(0x00F0, 0x41F8, 0x1002, 0x0000), /* 0x02031F74 */
    ISLANDER_OAM(0x00F8, 0x41F8, 0x1018, 0x0000), /* 0x02031F7C */
    ISLANDER_OAM(0x0000, 0x0000, 0x0000, 0xFFFF), /* 0x02031F84 */
    ISLANDER_OAM(0x00F7, 0x41F3, 0x4080, 0x0000), /* 0x02031F8C */
    ISLANDER_OAM(0x00EF, 0x41F8, 0x1000, 0x0000), /* 0x02031F94 */
    ISLANDER_OAM(0x00F8, 0x41F8, 0x1018, 0x0000), /* 0x02031F9C */
    ISLANDER_OAM(0x0000, 0x0000, 0x0000, 0xFFFF), /* 0x02031FA4 */
    ISLANDER_OAM(0x00F7, 0x41F7, 0x4080, 0x0000), /* 0x02031FAC */
    ISLANDER_OAM(0x00F0, 0x41F8, 0x1040, 0x0000), /* 0x02031FB4 */
    ISLANDER_OAM(0x00F8, 0x41F8, 0x1018, 0x0000), /* 0x02031FBC */
    ISLANDER_OAM(0x0000, 0x0000, 0x0000, 0xFFFF), /* 0x02031FC4 */
    ISLANDER_OAM(0x00F0, 0x51F8, 0x105E, 0x0000), /* 0x02031FCC */
    ISLANDER_OAM(0x00F8, 0x41F8, 0x1056, 0x0000), /* 0x02031FD4 */
    ISLANDER_OAM(0x0000, 0x0000, 0x0000, 0xFFFF), /* 0x02031FDC */
    ISLANDER_OAM(0x00EF, 0x51F8, 0x105E, 0x0000), /* 0x02031FE4 */
    ISLANDER_OAM(0x00F8, 0x41F8, 0x1056, 0x0000), /* 0x02031FEC */
    ISLANDER_OAM(0x0000, 0x0000, 0x0000, 0xFFFF), /* 0x02031FF4 */
    ISLANDER_OAM(0x00EF, 0x41F8, 0x1040, 0x0000), /* 0x02031FFC */
    ISLANDER_OAM(0x00F8, 0x41F8, 0x100E, 0x0000), /* 0x02032004 */
    ISLANDER_OAM(0x0000, 0x0000, 0x0000, 0xFFFF), /* 0x0203200C */
    ISLANDER_OAM(0x00F7, 0x61F1, 0x2104, 0x0000), /* 0x02032014 */
    ISLANDER_OAM(0x00F0, 0x41F8, 0x1000, 0x0000), /* 0x0203201C */
    ISLANDER_OAM(0x00F8, 0x41F8, 0x1018, 0x0000), /* 0x02032024 */
    ISLANDER_OAM(0x0000, 0x0000, 0x0000, 0xFFFF), /* 0x0203202C */
    ISLANDER_OAM(0x00F8, 0x41F5, 0x2102, 0x0000), /* 0x02032034 */
    ISLANDER_OAM(0x00EF, 0x41F8, 0x1000, 0x0000), /* 0x0203203C */
    ISLANDER_OAM(0x00F8, 0x41F8, 0x100E, 0x0000), /* 0x02032044 */
    ISLANDER_OAM(0x0000, 0x0000, 0x0000, 0xFFFF), /* 0x0203204C */
    ISLANDER_OAM(0x00EC, 0x01F6, 0x735C, 0x0000), /* 0x02032054 */
    ISLANDER_OAM(0x00EF, 0x41F8, 0x1048, 0x0000), /* 0x0203205C */
    ISLANDER_OAM(0x00F8, 0x41F8, 0x104E, 0x0000), /* 0x02032064 */
    ISLANDER_OAM(0x0000, 0x0000, 0x0000, 0xFFFF), /* 0x0203206C */
    ISLANDER_OAM(0x00EB, 0x01F5, 0x735C, 0x0000), /* 0x02032074 */
    ISLANDER_OAM(0x00EF, 0x41F7, 0x1048, 0x0000), /* 0x0203207C */
    ISLANDER_OAM(0x00F8, 0x41F8, 0x1010, 0x0000), /* 0x02032084 */
    ISLANDER_OAM(0x0000, 0x0000, 0x0000, 0xFFFF), /* 0x0203208C */
    ISLANDER_OAM(0x00EA, 0x01F4, 0x735C, 0x0000), /* 0x02032094 */
    ISLANDER_OAM(0x00EF, 0x41F7, 0x1048, 0x0000), /* 0x0203209C */
    ISLANDER_OAM(0x00F8, 0x41F8, 0x1016, 0x0000), /* 0x020320A4 */
    ISLANDER_OAM(0x0000, 0x0000, 0x0000, 0xFFFF), /* 0x020320AC */
    ISLANDER_OAM(0x00E9, 0x01F4, 0x735C, 0x0000), /* 0x020320B4 */
    ISLANDER_OAM(0x00EF, 0x41F8, 0x1048, 0x0000), /* 0x020320BC */
    ISLANDER_OAM(0x00F8, 0x41F8, 0x1014, 0x0000), /* 0x020320C4 */
    ISLANDER_OAM(0x0000, 0x0000, 0x0000, 0xFFFF), /* 0x020320CC */
    ISLANDER_OAM(0x00E8, 0x01F4, 0x735C, 0x0000), /* 0x020320D4 */
    ISLANDER_OAM(0x00EF, 0x41F9, 0x1048, 0x0000), /* 0x020320DC */
    ISLANDER_OAM(0x00F8, 0x41F8, 0x1014, 0x0000), /* 0x020320E4 */
    ISLANDER_OAM(0x0000, 0x0000, 0x0000, 0xFFFF), /* 0x020320EC */
    ISLANDER_OAM(0x00F0, 0x41F8, 0x1042, 0x0000), /* 0x020320F4 */
    ISLANDER_OAM(0x00F8, 0x41F8, 0x104E, 0x0000), /* 0x020320FC */
    ISLANDER_OAM(0x0000, 0x0000, 0x0000, 0xFFFF), /* 0x02032104 */
    ISLANDER_OAM(0x00ED, 0x01F5, 0x735F, 0x0000), /* 0x0203210C */
    ISLANDER_OAM(0x00EF, 0x41F8, 0x104A, 0x0000), /* 0x02032114 */
    ISLANDER_OAM(0x00F8, 0x41F8, 0x1010, 0x0000), /* 0x0203211C */
    ISLANDER_OAM(0x0000, 0x0000, 0x0000, 0xFFFF), /* 0x02032124 */
    ISLANDER_OAM(0x00ED, 0x01F5, 0x735F, 0x0000), /* 0x0203212C */
    ISLANDER_OAM(0x00EE, 0x41F9, 0x104A, 0x0000), /* 0x02032134 */
    ISLANDER_OAM(0x00F8, 0x41F8, 0x1058, 0x0000), /* 0x0203213C */
    ISLANDER_OAM(0x0000, 0x0000, 0x0000, 0xFFFF), /* 0x02032144 */
    ISLANDER_OAM(0x00EE, 0x41F9, 0x104A, 0x0000), /* 0x0203214C */
    ISLANDER_OAM(0x00F8, 0x41F8, 0x1058, 0x0000), /* 0x02032154 */
    ISLANDER_OAM(0x0000, 0x0000, 0x0000, 0xFFFF), /* 0x0203215C */
    ISLANDER_OAM(0x00EE, 0x41F8, 0x1042, 0x0000), /* 0x02032164 */
    ISLANDER_OAM(0x00F8, 0x41F8, 0x104E, 0x0000), /* 0x0203216C */
    ISLANDER_OAM(0x0000, 0x0000, 0x0000, 0xFFFF), /* 0x02032174 */
    ISLANDER_OAM(0x00ED, 0x01F5, 0x735E, 0x0000), /* 0x0203217C */
    ISLANDER_OAM(0x00EF, 0x41F8, 0x1044, 0x0000), /* 0x02032184 */
    ISLANDER_OAM(0x00F8, 0x41F8, 0x104E, 0x0000), /* 0x0203218C */
    ISLANDER_OAM(0x0000, 0x0000, 0x0000, 0xFFFF), /* 0x02032194 */
    ISLANDER_OAM(0x00ED, 0x01F5, 0x735E, 0x0000), /* 0x0203219C */
    ISLANDER_OAM(0x00F0, 0x41F8, 0x1044, 0x0000), /* 0x020321A4 */
    ISLANDER_OAM(0x00F8, 0x41F8, 0x104E, 0x0000), /* 0x020321AC */
    ISLANDER_OAM(0x0000, 0x0000, 0x0000, 0xFFFF), /* 0x020321B4 */
    ISLANDER_OAM(0x00EF, 0x0000, 0x7358, 0x0000), /* 0x020321BC */
    ISLANDER_OAM(0x00F0, 0x41F8, 0x1046, 0x0000), /* 0x020321C4 */
    ISLANDER_OAM(0x00F8, 0x41F8, 0x104E, 0x0000), /* 0x020321CC */
    ISLANDER_OAM(0x0000, 0x0000, 0x0000, 0xFFFF), /* 0x020321D4 */
    ISLANDER_OAM(0x00F0, 0x0000, 0x7358, 0x0000), /* 0x020321DC */
    ISLANDER_OAM(0x00F1, 0x41F8, 0x1046, 0x0000), /* 0x020321E4 */
    ISLANDER_OAM(0x00F8, 0x41F8, 0x104E, 0x0000), /* 0x020321EC */
    ISLANDER_OAM(0x0000, 0x0000, 0x0000, 0xFFFF), /* 0x020321F4 */
    ISLANDER_OAM(0x00F1, 0x0000, 0x7358, 0x0000), /* 0x020321FC */
    ISLANDER_OAM(0x00F1, 0x41F8, 0x1046, 0x0000), /* 0x02032204 */
    ISLANDER_OAM(0x00F8, 0x41F8, 0x104E, 0x0000), /* 0x0203220C */
    ISLANDER_OAM(0x0000, 0x0000, 0x0000, 0xFFFF), /* 0x02032214 */
    ISLANDER_OAM(0x00F2, 0x0000, 0x7358, 0x0000), /* 0x0203221C */
    ISLANDER_OAM(0x00F1, 0x41F8, 0x1046, 0x0000), /* 0x02032224 */
    ISLANDER_OAM(0x00F8, 0x41F8, 0x104E, 0x0000), /* 0x0203222C */
    ISLANDER_OAM(0x0000, 0x0000, 0x0000, 0xFFFF), /* 0x02032234 */
    ISLANDER_OAM(0x00EE, 0x0002, 0x735D, 0x0000), /* 0x0203223C */
    ISLANDER_OAM(0x00EF, 0x41F8, 0x1046, 0x0000), /* 0x02032244 */
    ISLANDER_OAM(0x00F8, 0x41F8, 0x104E, 0x0000), /* 0x0203224C */
    ISLANDER_OAM(0x0000, 0x0000, 0x0000, 0xFFFF), /* 0x02032254 */
    ISLANDER_OAM(0x00EE, 0x0002, 0x735D, 0x0000), /* 0x0203225C */
    ISLANDER_OAM(0x00F0, 0x41F8, 0x1046, 0x0000), /* 0x02032264 */
    ISLANDER_OAM(0x00F8, 0x41F8, 0x104E, 0x0000), /* 0x0203226C */
    ISLANDER_OAM(0x0000, 0x0000, 0x0000, 0xFFFF), /* 0x02032274 */
    ISLANDER_OAM(0x00EF, 0x41F7, 0x1046, 0x0000), /* 0x0203227C */
    ISLANDER_OAM(0x00F8, 0x41F7, 0x100E, 0x0000), /* 0x02032284 */
    ISLANDER_OAM(0x0000, 0x0000, 0x0000, 0xFFFF), /* 0x0203228C */
    ISLANDER_OAM(0x00EE, 0x41F7, 0x1046, 0x0000), /* 0x02032294 */
    ISLANDER_OAM(0x00F7, 0x41F8, 0x1010, 0x0000), /* 0x0203229C */
    ISLANDER_OAM(0x0000, 0x0000, 0x0000, 0xFFFF), /* 0x020322A4 */
    ISLANDER_OAM(0x00ED, 0x41F9, 0x1046, 0x0000), /* 0x020322AC */
    ISLANDER_OAM(0x00F7, 0x41F9, 0x1058, 0x0000), /* 0x020322B4 */
    ISLANDER_OAM(0x0000, 0x0000, 0x0000, 0xFFFF), /* 0x020322BC */
    ISLANDER_OAM(0x00F2, 0x0000, 0x7358, 0x0000), /* 0x020322C4 */
    ISLANDER_OAM(0x00F1, 0x41F8, 0x1046, 0x0000), /* 0x020322CC */
    ISLANDER_OAM(0x00F8, 0x41F8, 0x104E, 0x0000), /* 0x020322D4 */
    ISLANDER_OAM(0x0000, 0x0000, 0x0000, 0xFFFF), /* 0x020322DC */
    ISLANDER_OAM(0x00EF, 0x41F7, 0x1046, 0x0000), /* 0x020322E4 */
    ISLANDER_OAM(0x00F8, 0x41F7, 0x100E, 0x0000), /* 0x020322EC */
    ISLANDER_OAM(0x0000, 0x0000, 0x0000, 0xFFFF), /* 0x020322F4 */
    ISLANDER_OAM(0x00EE, 0x41F7, 0x1046, 0x0000), /* 0x020322FC */
    ISLANDER_OAM(0x00F7, 0x41F8, 0x1010, 0x0000), /* 0x02032304 */
    ISLANDER_OAM(0x0000, 0x0000, 0x0000, 0xFFFF), /* 0x0203230C */
    ISLANDER_OAM(0x00ED, 0x41F9, 0x1046, 0x0000), /* 0x02032314 */
    ISLANDER_OAM(0x00E3, 0x41EC, 0x72D6, 0x0000), /* 0x0203231C */
    ISLANDER_OAM(0x00F7, 0x41F9, 0x1058, 0x0000), /* 0x02032324 */
    ISLANDER_OAM(0x0000, 0x0000, 0x0000, 0xFFFF), /* 0x0203232C */
    ISLANDER_OAM(0x0008, 0x41F8, 0x1052, 0x0000), /* 0x02032334 */
    ISLANDER_OAM(0x00FF, 0x41F8, 0x104C, 0x0000), /* 0x0203233C */
    ISLANDER_OAM(0x80F0, 0x81F8, 0x322A, 0x0000), /* 0x02032344 */
    ISLANDER_OAM(0x0000, 0x0000, 0x0000, 0xFFFF), /* 0x0203234C */
    ISLANDER_OAM(0x0007, 0x41F8, 0x1052, 0x0000), /* 0x02032354 */
    ISLANDER_OAM(0x00FE, 0x41F8, 0x104C, 0x0000), /* 0x0203235C */
    ISLANDER_OAM(0x80F0, 0x81F8, 0x322A, 0x0000), /* 0x02032364 */
    ISLANDER_OAM(0x0000, 0x0000, 0x0000, 0xFFFF), /* 0x0203236C */
    ISLANDER_OAM(0x0006, 0x51F8, 0x1054, 0x0000), /* 0x02032374 */
    ISLANDER_OAM(0x00FD, 0x41F8, 0x104C, 0x0000), /* 0x0203237C */
    ISLANDER_OAM(0x80F0, 0x81F8, 0x322A, 0x0000), /* 0x02032384 */
    ISLANDER_OAM(0x0000, 0x0000, 0x0000, 0xFFFF), /* 0x0203238C */
    ISLANDER_OAM(0x0005, 0x51F8, 0x1054, 0x0000), /* 0x02032394 */
    ISLANDER_OAM(0x00FC, 0x41F8, 0x104C, 0x0000), /* 0x0203239C */
    ISLANDER_OAM(0x80F0, 0x81F8, 0x322A, 0x0000), /* 0x020323A4 */
    ISLANDER_OAM(0x0000, 0x0000, 0x0000, 0xFFFF), /* 0x020323AC */
    ISLANDER_OAM(0x0004, 0x41F8, 0x1052, 0x0000), /* 0x020323B4 */
    ISLANDER_OAM(0x00FB, 0x41F8, 0x104C, 0x0000), /* 0x020323BC */
    ISLANDER_OAM(0x80F0, 0x81F8, 0x322A, 0x0000), /* 0x020323C4 */
    ISLANDER_OAM(0x0000, 0x0000, 0x0000, 0xFFFF), /* 0x020323CC */
    ISLANDER_OAM(0x0003, 0x41F8, 0x1052, 0x0000), /* 0x020323D4 */
    ISLANDER_OAM(0x00FA, 0x41F8, 0x104C, 0x0000), /* 0x020323DC */
    ISLANDER_OAM(0x80F0, 0x81F8, 0x322A, 0x0000), /* 0x020323E4 */
    ISLANDER_OAM(0x0000, 0x0000, 0x0000, 0xFFFF), /* 0x020323EC */
    ISLANDER_OAM(0x0002, 0x41F8, 0x1054, 0x0000), /* 0x020323F4 */
    ISLANDER_OAM(0x00F9, 0x41F8, 0x104C, 0x0000), /* 0x020323FC */
    ISLANDER_OAM(0x80F0, 0x81F8, 0x322A, 0x0000), /* 0x02032404 */
    ISLANDER_OAM(0x0000, 0x0000, 0x0000, 0xFFFF), /* 0x0203240C */
    ISLANDER_OAM(0x0001, 0x41F8, 0x1054, 0x0000), /* 0x02032414 */
    ISLANDER_OAM(0x00F8, 0x41F8, 0x104C, 0x0000), /* 0x0203241C */
    ISLANDER_OAM(0x80F0, 0x81F8, 0x322A, 0x0000), /* 0x02032424 */
    ISLANDER_OAM(0x0000, 0x0000, 0x0000, 0xFFFF), /* 0x0203242C */
    ISLANDER_OAM(0x0000, 0x41F8, 0x101E, 0x0000), /* 0x02032434 */
    ISLANDER_OAM(0x00F8, 0x41F8, 0x100C, 0x0000), /* 0x0203243C */
    ISLANDER_OAM(0x80F0, 0x81F8, 0x322A, 0x0000), /* 0x02032444 */
    ISLANDER_OAM(0x0000, 0x0000, 0x0000, 0xFFFF), /* 0x0203244C */
    ISLANDER_OAM(0x0002, 0x51F8, 0x1054, 0x0000), /* 0x02032454 */
    ISLANDER_OAM(0x00F9, 0x41F8, 0x104C, 0x0000), /* 0x0203245C */
    ISLANDER_OAM(0x80F3, 0x81F8, 0x30D3, 0x0000), /* 0x02032464 */
    ISLANDER_OAM(0x0000, 0x0000, 0x0000, 0xFFFF), /* 0x0203246C */
    ISLANDER_OAM(0x0002, 0x51F8, 0x101A, 0x0000), /* 0x02032474 */
    ISLANDER_OAM(0x00F9, 0x51F8, 0x100C, 0x0000), /* 0x0203247C */
    ISLANDER_OAM(0x80F4, 0x4000, 0x30D5, 0x0000), /* 0x02032484 */
    ISLANDER_OAM(0x0000, 0x0000, 0x0000, 0xFFFF), /* 0x0203248C */
    ISLANDER_OAM(0x0000, 0x51F7, 0x101E, 0x0000), /* 0x02032494 */
    ISLANDER_OAM(0x00F8, 0x51F7, 0x100C, 0x0000), /* 0x0203249C */
    ISLANDER_OAM(0x80F4, 0x4000, 0x30D6, 0x0000), /* 0x020324A4 */
    ISLANDER_OAM(0x0000, 0x0000, 0x0000, 0xFFFF), /* 0x020324AC */
    ISLANDER_OAM(0x00FF, 0x51F6, 0x101E, 0x0000), /* 0x020324B4 */
    ISLANDER_OAM(0x00F7, 0x51F6, 0x100C, 0x0000), /* 0x020324BC */
    ISLANDER_OAM(0x80F4, 0x4000, 0x30D6, 0x0000), /* 0x020324C4 */
    ISLANDER_OAM(0x0000, 0x0000, 0x0000, 0xFFFF), /* 0x020324CC */
    ISLANDER_OAM(0x80F4, 0x4000, 0x30D6, 0x0000), /* 0x020324D4 */
    ISLANDER_OAM(0x00F7, 0x51F6, 0x1000, 0x0000), /* 0x020324DC */
    ISLANDER_OAM(0x00FF, 0x51F6, 0x1018, 0x0000), /* 0x020324E4 */
    ISLANDER_OAM(0x0000, 0x0000, 0x0000, 0xFFFF), /* 0x020324EC */
    ISLANDER_OAM(0x80F4, 0x4000, 0x30D6, 0x0000), /* 0x020324F4 */
    ISLANDER_OAM(0x00F6, 0x51F6, 0x1000, 0x0000), /* 0x020324FC */
    ISLANDER_OAM(0x00FE, 0x51F6, 0x1018, 0x0000), /* 0x02032504 */
    ISLANDER_OAM(0x0000, 0x0000, 0x0000, 0xFFFF), /* 0x0203250C */
    ISLANDER_OAM(0x80F4, 0x4000, 0x30D6, 0x0000), /* 0x02032514 */
    ISLANDER_OAM(0x00F5, 0x51F7, 0x1000, 0x0000), /* 0x0203251C */
    ISLANDER_OAM(0x00FD, 0x51F6, 0x1018, 0x0000), /* 0x02032524 */
    ISLANDER_OAM(0x0000, 0x0000, 0x0000, 0xFFFF), /* 0x0203252C */
    ISLANDER_OAM(0x80F4, 0x4000, 0x30D6, 0x0000), /* 0x02032534 */
    ISLANDER_OAM(0x00F5, 0x51F7, 0x1000, 0x0000), /* 0x0203253C */
    ISLANDER_OAM(0x00FD, 0x51F6, 0x1016, 0x0000), /* 0x02032544 */
    ISLANDER_OAM(0x0000, 0x0000, 0x0000, 0xFFFF), /* 0x0203254C */
    ISLANDER_OAM(0x80F4, 0x4000, 0x30D6, 0x0000), /* 0x02032554 */
    ISLANDER_OAM(0x00F4, 0x51F7, 0x1000, 0x0000), /* 0x0203255C */
    ISLANDER_OAM(0x00FC, 0x51F6, 0x1016, 0x0000), /* 0x02032564 */
    ISLANDER_OAM(0x0000, 0x0000, 0x0000, 0xFFFF), /* 0x0203256C */
    ISLANDER_OAM(0x80F4, 0x4000, 0x30D6, 0x0000), /* 0x02032574 */
    ISLANDER_OAM(0x00F3, 0x51F7, 0x1000, 0x0000), /* 0x0203257C */
    ISLANDER_OAM(0x00FB, 0x51F6, 0x1016, 0x0000), /* 0x02032584 */
    ISLANDER_OAM(0x0000, 0x0000, 0x0000, 0xFFFF), /* 0x0203258C */
    ISLANDER_OAM(0x80F4, 0x4000, 0x30D5, 0x0000), /* 0x02032594 */
    ISLANDER_OAM(0x00F1, 0x41F7, 0x1040, 0x0000), /* 0x0203259C */
    ISLANDER_OAM(0x00FA, 0x41F7, 0x1050, 0x0000), /* 0x020325A4 */
    ISLANDER_OAM(0x0000, 0x0000, 0x0000, 0xFFFF), /* 0x020325AC */
    ISLANDER_OAM(0x80F3, 0x81F8, 0x30D3, 0x0000), /* 0x020325B4 */
    ISLANDER_OAM(0x00F0, 0x41F8, 0x1000, 0x0000), /* 0x020325BC */
    ISLANDER_OAM(0x00F9, 0x51F8, 0x1050, 0x0000), /* 0x020325C4 */
    ISLANDER_OAM(0x0000, 0x0000, 0x0000, 0xFFFF), /* 0x020325CC */
    ISLANDER_OAM(0x80EF, 0x81F8, 0x322A, 0x0000), /* 0x020325D4 */
    ISLANDER_OAM(0x00EF, 0x41F8, 0x1000, 0x0000), /* 0x020325DC */
    ISLANDER_OAM(0x00F8, 0x41F8, 0x100E, 0x0000), /* 0x020325E4 */
    ISLANDER_OAM(0x0000, 0x0000, 0x0000, 0xFFFF), /* 0x020325EC */
    ISLANDER_OAM(0x80F0, 0x81F8, 0x322A, 0x0000), /* 0x020325F4 */
    ISLANDER_OAM(0x00EF, 0x41F8, 0x1000, 0x0000), /* 0x020325FC */
    ISLANDER_OAM(0x00F8, 0x41F8, 0x100E, 0x0000), /* 0x02032604 */
    ISLANDER_OAM(0x0000, 0x0000, 0x0000, 0xFFFF), /* 0x0203260C */
    ISLANDER_OAM(0x0000, 0x41F8, 0x101E, 0x0000), /* 0x02032614 */
    ISLANDER_OAM(0x00F8, 0x41F8, 0x100C, 0x0000), /* 0x0203261C */
    ISLANDER_OAM(0x80EF, 0x81F8, 0x322A, 0x0000), /* 0x02032624 */
    ISLANDER_OAM(0x0000, 0x0000, 0x0000, 0xFFFF), /* 0x0203262C */
    ISLANDER_OAM(0x0001, 0x41F8, 0x101A, 0x0000), /* 0x02032634 */
    ISLANDER_OAM(0x00F8, 0x41F8, 0x100C, 0x0000), /* 0x0203263C */
    ISLANDER_OAM(0x80EF, 0x81F8, 0x322A, 0x0000), /* 0x02032644 */
    ISLANDER_OAM(0x0000, 0x0000, 0x0000, 0xFFFF), /* 0x0203264C */
    ISLANDER_OAM(0x0002, 0x41F8, 0x101A, 0x0000), /* 0x02032654 */
    ISLANDER_OAM(0x00FA, 0x41F8, 0x100C, 0x0000), /* 0x0203265C */
    ISLANDER_OAM(0x80EF, 0x81F8, 0x322A, 0x0000), /* 0x02032664 */
    ISLANDER_OAM(0x0000, 0x0000, 0x0000, 0xFFFF), /* 0x0203266C */
    ISLANDER_OAM(0x0003, 0x41F8, 0x101C, 0x0000), /* 0x02032674 */
    ISLANDER_OAM(0x00FA, 0x41F8, 0x100C, 0x0000), /* 0x0203267C */
    ISLANDER_OAM(0x80EF, 0x81F8, 0x322A, 0x0000), /* 0x02032684 */
    ISLANDER_OAM(0x0000, 0x0000, 0x0000, 0xFFFF), /* 0x0203268C */
    ISLANDER_OAM(0x00FB, 0x41F8, 0x1000, 0x0000), /* 0x02032694 */
    ISLANDER_OAM(0x0004, 0x41F8, 0x1012, 0x0000), /* 0x0203269C */
    ISLANDER_OAM(0x80EF, 0x81F8, 0x322A, 0x0000), /* 0x020326A4 */
    ISLANDER_OAM(0x0000, 0x0000, 0x0000, 0xFFFF), /* 0x020326AC */
    ISLANDER_OAM(0x00FC, 0x41F8, 0x1000, 0x0000), /* 0x020326B4 */
    ISLANDER_OAM(0x0005, 0x41F8, 0x1010, 0x0000), /* 0x020326BC */
    ISLANDER_OAM(0x80EF, 0x81F8, 0x322A, 0x0000), /* 0x020326C4 */
    ISLANDER_OAM(0x0000, 0x0000, 0x0000, 0xFFFF), /* 0x020326CC */
    ISLANDER_OAM(0x00FD, 0x41F8, 0x1000, 0x0000), /* 0x020326D4 */
    ISLANDER_OAM(0x0006, 0x41F8, 0x100E, 0x0000), /* 0x020326DC */
    ISLANDER_OAM(0x80EF, 0x81F8, 0x322A, 0x0000), /* 0x020326E4 */
    ISLANDER_OAM(0x0000, 0x0000, 0x0000, 0xFFFF), /* 0x020326EC */
    ISLANDER_OAM(0x00FE, 0x41F8, 0x1040, 0x0000), /* 0x020326F4 */
    ISLANDER_OAM(0x0007, 0x51F8, 0x1050, 0x0000), /* 0x020326FC */
    ISLANDER_OAM(0x80EF, 0x81F8, 0x322A, 0x0000), /* 0x02032704 */
    ISLANDER_OAM(0x0000, 0x0000, 0x0000, 0xFFFF), /* 0x0203270C */
    ISLANDER_OAM(0x00FF, 0x41F8, 0x1040, 0x0000), /* 0x02032714 */
    ISLANDER_OAM(0x0008, 0x41F8, 0x104E, 0x0000), /* 0x0203271C */
    ISLANDER_OAM(0x80EF, 0x81F8, 0x322A, 0x0000), /* 0x02032724 */
    ISLANDER_OAM(0x0000, 0x0000, 0x0000, 0xFFFF), /* 0x0203272C */
    ISLANDER_OAM(0x00F0, 0x41F7, 0x1000, 0x0000), /* 0x02032734 */
    ISLANDER_OAM(0x00F8, 0x41F8, 0x1018, 0x0000), /* 0x0203273C */
    ISLANDER_OAM(0x0000, 0x0000, 0x0000, 0xFFFF), /* 0x02032744 */
    ISLANDER_OAM(0x00F0, 0x41F7, 0x1000, 0x0000), /* 0x0203274C */
    ISLANDER_OAM(0x00F8, 0x41F7, 0x1018, 0x0000), /* 0x02032754 */
    ISLANDER_OAM(0x0000, 0x0000, 0x0000, 0xFFFF), /* 0x0203275C */
    ISLANDER_OAM(0x00F0, 0x41F8, 0x1000, 0x0000), /* 0x02032764 */
    ISLANDER_OAM(0x00F8, 0x41F7, 0x1018, 0x0000), /* 0x0203276C */
    ISLANDER_OAM(0x0000, 0x0000, 0x0000, 0xFFFF), /* 0x02032774 */
    ISLANDER_OAM(0x00F0, 0x41F8, 0x1000, 0x0000), /* 0x0203277C */
    ISLANDER_OAM(0x00F8, 0x41F8, 0x1018, 0x0000), /* 0x02032784 */
    ISLANDER_OAM(0x0000, 0x0000, 0x0000, 0xFFFF), /* 0x0203278C */
};

/* Original address: 0x02032794 */
AnimFrameData sIslanderAnimFrames[ISLANDER_ANIM_FRAME_COUNT] = {
    { &sOAMData[204], 0x0006, 0, 0x00 }, /* 0x02032794 */
    { &sOAMData[207], 0x000A, 0, 0x00 }, /* 0x0203279C */
    { &sOAMData[210], 0x000A, 0, 0x00 }, /* 0x020327A4 */
    { &sOAMData[213], 0x0006, 0, 0x00 }, /* 0x020327AC */
    { &sOAMData[216], 0x000A, 0, 0x00 }, /* 0x020327B4 */
    { &sOAMData[219], 0x000A, 0, 0x00 }, /* 0x020327BC */
    { &sOAMData[222], 0x0006, 0, 0x00 }, /* 0x020327C4 */
    { &sOAMData[225], 0x000A, 0, 0x00 }, /* 0x020327CC */
    { &sOAMData[228], 0x000A, 0, 0x00 }, /* 0x020327D4 */
    { &sOAMData[231], 0x0006, 0, 0x00 }, /* 0x020327DC */
    { &sOAMData[234], 0x000A, 0, 0x00 }, /* 0x020327E4 */
    { &sOAMData[237], 0x000A, 0, 0x00 }, /* 0x020327EC */
    { &sOAMData[0], 0x0006, 0, 0x00 }, /* 0x020327F4 */
    { &sOAMData[4], 0x000A, 0, 0x00 }, /* 0x020327FC */
    { &sOAMData[8], 0x000A, 0, 0x00 }, /* 0x02032804 */
    { &sOAMData[12], 0x0006, 0, 0x00 }, /* 0x0203280C */
    { &sOAMData[16], 0x000A, 0, 0x00 }, /* 0x02032814 */
    { &sOAMData[20], 0x000A, 0, 0x00 }, /* 0x0203281C */
    { &sOAMData[24], 0x0006, 0, 0x00 }, /* 0x02032824 */
    { &sOAMData[28], 0x000A, 0, 0x00 }, /* 0x0203282C */
    { &sOAMData[32], 0x000A, 0, 0x00 }, /* 0x02032834 */
    { &sOAMData[36], 0x0006, 0, 0x00 }, /* 0x0203283C */
    { &sOAMData[40], 0x000A, 0, 0x00 }, /* 0x02032844 */
    { &sOAMData[44], 0x000A, 0, 0x00 }, /* 0x0203284C */
    { &sOAMData[48], 0x0006, 0, 0x00 }, /* 0x02032854 */
    { &sOAMData[53], 0x000A, 0, 0x00 }, /* 0x0203285C */
    { &sOAMData[58], 0x000A, 0, 0x00 }, /* 0x02032864 */
    { &sOAMData[63], 0x0006, 0, 0x00 }, /* 0x0203286C */
    { &sOAMData[68], 0x000A, 0, 0x00 }, /* 0x02032874 */
    { &sOAMData[73], 0x000A, 0, 0x00 }, /* 0x0203287C */
    { &sOAMData[78], 0x0006, 0, 0x00 }, /* 0x02032884 */
    { &sOAMData[83], 0x000A, 0, 0x00 }, /* 0x0203288C */
    { &sOAMData[88], 0x000A, 0, 0x00 }, /* 0x02032894 */
    { &sOAMData[93], 0x0006, 0, 0x00 }, /* 0x0203289C */
    { &sOAMData[98], 0x000A, 0, 0x00 }, /* 0x020328A4 */
    { &sOAMData[103], 0x000A, 0, 0x00 }, /* 0x020328AC */
    { &sOAMData[108], 0x0006, 0, 0x00 }, /* 0x020328B4 */
    { &sOAMData[112], 0x000A, 0, 0x00 }, /* 0x020328BC */
    { &sOAMData[116], 0x000A, 0, 0x00 }, /* 0x020328C4 */
    { &sOAMData[120], 0x0006, 0, 0x00 }, /* 0x020328CC */
    { &sOAMData[124], 0x000A, 0, 0x00 }, /* 0x020328D4 */
    { &sOAMData[128], 0x000A, 0, 0x00 }, /* 0x020328DC */
    { &sOAMData[132], 0x0006, 0, 0x00 }, /* 0x020328E4 */
    { &sOAMData[136], 0x000A, 0, 0x00 }, /* 0x020328EC */
    { &sOAMData[140], 0x000A, 0, 0x00 }, /* 0x020328F4 */
    { &sOAMData[144], 0x0006, 0, 0x00 }, /* 0x020328FC */
    { &sOAMData[148], 0x000A, 0, 0x00 }, /* 0x02032904 */
    { &sOAMData[152], 0x000A, 0, 0x00 }, /* 0x0203290C */
    { &sOAMData[156], 0x0006, 0, 0x00 }, /* 0x02032914 */
    { &sOAMData[160], 0x000A, 0, 0x00 }, /* 0x0203291C */
    { &sOAMData[164], 0x000A, 0, 0x00 }, /* 0x02032924 */
    { &sOAMData[168], 0x0006, 0, 0x00 }, /* 0x0203292C */
    { &sOAMData[172], 0x000A, 0, 0x00 }, /* 0x02032934 */
    { &sOAMData[176], 0x000A, 0, 0x00 }, /* 0x0203293C */
    { &sOAMData[180], 0x0006, 0, 0x00 }, /* 0x02032944 */
    { &sOAMData[184], 0x000A, 0, 0x00 }, /* 0x0203294C */
    { &sOAMData[188], 0x000A, 0, 0x00 }, /* 0x02032954 */
    { &sOAMData[192], 0x0006, 0, 0x00 }, /* 0x0203295C */
    { &sOAMData[196], 0x000A, 0, 0x00 }, /* 0x02032964 */
    { &sOAMData[200], 0x000A, 0, 0x00 }, /* 0x0203296C */
    { &sOAMData[240], 0x0002, 0, 0x00 }, /* 0x02032974 */
    { &sOAMData[244], 0x000A, 0, 0x00 }, /* 0x0203297C */
    { &sOAMData[248], 0x0001, 0, 0x00 }, /* 0x02032984 */
    { &sOAMData[252], 0x0001, 0, 0x00 }, /* 0x0203298C */
    { &sOAMData[257], 0x0001, 0, 0x00 }, /* 0x02032994 */
    { &sOAMData[257], 0x0004, 0, 0x00 }, /* 0x0203299C */
    { &sOAMData[262], 0x0001, 0, 0x00 }, /* 0x020329A4 */
    { &sOAMData[267], 0x0001, 0, 0x00 }, /* 0x020329AC */
    { &sOAMData[272], 0x0001, 0, 0x00 }, /* 0x020329B4 */
    { &sOAMData[276], 0x0001, 0, 0x00 }, /* 0x020329BC */
    { &sOAMData[281], 0x0001, 0, 0x00 }, /* 0x020329C4 */
    { &sOAMData[286], 0x0001, 0, 0x00 }, /* 0x020329CC */
    { &sOAMData[291], 0x0001, 0, 0x00 }, /* 0x020329D4 */
    { &sOAMData[296], 0x0001, 0, 0x00 }, /* 0x020329DC */
    { &sOAMData[301], 0x0001, 0, 0x00 }, /* 0x020329E4 */
    { &sOAMData[306], 0x0001, 0, 0x00 }, /* 0x020329EC */
    { &sOAMData[311], 0x0002, 0, 0x00 }, /* 0x020329F4 */
    { &sOAMData[315], 0x0002, 0, 0x00 }, /* 0x020329FC */
    { &sOAMData[319], 0x0002, 0, 0x00 }, /* 0x02032A04 */
    { &sOAMData[323], 0x0002, 0, 0x00 }, /* 0x02032A0C */
    { &sOAMData[327], 0x0006, 0, 0x00 }, /* 0x02032A14 */
    { &sOAMData[332], 0x0002, 0, 0x00 }, /* 0x02032A1C */
    { &sOAMData[336], 0x0012, 0, 0x00 }, /* 0x02032A24 */
    { &sOAMData[341], 0x0001, 0, 0x00 }, /* 0x02032A2C */
    { &sOAMData[346], 0x0001, 0, 0x00 }, /* 0x02032A34 */
    { &sOAMData[351], 0x0001, 0, 0x00 }, /* 0x02032A3C */
    { &sOAMData[356], 0x0001, 0, 0x00 }, /* 0x02032A44 */
    { &sOAMData[361], 0x000A, 0, 0x00 }, /* 0x02032A4C */
    { &sOAMData[365], 0x0001, 0, 0x00 }, /* 0x02032A54 */
    { &sOAMData[370], 0x0002, 0, 0x00 }, /* 0x02032A5C */
    { &sOAMData[375], 0x0002, 0, 0x00 }, /* 0x02032A64 */
    { &sOAMData[380], 0x0006, 0, 0x00 }, /* 0x02032A6C */
    { &sOAMData[385], 0x0001, 0, 0x00 }, /* 0x02032A74 */
    { &sOAMData[390], 0x0008, 0, 0x00 }, /* 0x02032A7C */
    { &sOAMData[395], 0x0001, 0, 0x00 }, /* 0x02032A84 */
    { &sOAMData[400], 0x0001, 0, 0x00 }, /* 0x02032A8C */
    { &sOAMData[405], 0x0001, 0, 0x00 }, /* 0x02032A94 */
    { &sOAMData[410], 0x0001, 0, 0x00 }, /* 0x02032A9C */
    { &sOAMData[415], 0x0002, 0, 0x00 }, /* 0x02032AA4 */
    { &sOAMData[420], 0x000A, 0, 0x00 }, /* 0x02032AAC */
    { &sOAMData[424], 0x0002, 0, 0x00 }, /* 0x02032AB4 */
    { &sOAMData[428], 0x0001, 0, 0x00 }, /* 0x02032ABC */
    { &sOAMData[434], 0x0001, 0, 0x00 }, /* 0x02032AC4 */
    { &sOAMData[440], 0x0001, 0, 0x00 }, /* 0x02032ACC */
    { &sOAMData[446], 0x000A, 0, 0x00 }, /* 0x02032AD4 */
    { &sOAMData[446], 0x001E, 0, 0x00 }, /* 0x02032ADC */
    { &sOAMData[451], 0x0002, 0, 0x00 }, /* 0x02032AE4 */
    { &sOAMData[456], 0x000A, 0, 0x00 }, /* 0x02032AEC */
    { &sOAMData[456], 0x0002, 0, 0x00 }, /* 0x02032AF4 */
    { &sOAMData[461], 0x0008, 0, 0x00 }, /* 0x02032AFC */
    { &sOAMData[465], 0x000A, 0, 0x00 }, /* 0x02032B04 */
    { &sOAMData[469], 0x0002, 0, 0x00 }, /* 0x02032B0C */
    { &sOAMData[473], 0x0008, 0, 0x00 }, /* 0x02032B14 */
    { &sOAMData[477], 0x0008, 0, 0x00 }, /* 0x02032B1C */
    { &sOAMData[481], 0x0002, 0, 0x00 }, /* 0x02032B24 */
    { &sOAMData[486], 0x0008, 0, 0x00 }, /* 0x02032B2C */
    { &sOAMData[492], 0x0014, 0, 0x00 }, /* 0x02032B34 */
    { &sOAMData[492], 0x001E, 0, 0x00 }, /* 0x02032B3C */
    { &sOAMData[502], 0x0002, 0, 0x00 }, /* 0x02032B44 */
    { &sOAMData[507], 0x0003, 0, 0x00 }, /* 0x02032B4C */
    { &sOAMData[512], 0x0001, 0, 0x00 }, /* 0x02032B54 */
    { &sOAMData[517], 0x0001, 0, 0x00 }, /* 0x02032B5C */
    { &sOAMData[522], 0x0001, 0, 0x00 }, /* 0x02032B64 */
    { &sOAMData[527], 0x0001, 0, 0x00 }, /* 0x02032B6C */
    { &sOAMData[532], 0x0001, 0, 0x00 }, /* 0x02032B74 */
    { &sOAMData[537], 0x0014, 0, 0x00 }, /* 0x02032B7C */
    { &sOAMData[537], 0x0004, 0, 0x00 }, /* 0x02032B84 */
    { &sOAMData[542], 0x0004, 0, 0x00 }, /* 0x02032B8C */
    { &sOAMData[547], 0x0002, 0, 0x00 }, /* 0x02032B94 */
    { &sOAMData[552], 0x0002, 0, 0x00 }, /* 0x02032B9C */
    { &sOAMData[557], 0x0001, 0, 0x00 }, /* 0x02032BA4 */
    { &sOAMData[562], 0x0001, 0, 0x00 }, /* 0x02032BAC */
    { &sOAMData[568], 0x0001, 0, 0x00 }, /* 0x02032BB4 */
    { &sOAMData[574], 0x000A, 0, 0x00 }, /* 0x02032BBC */
    { &sOAMData[574], 0x0001, 0, 0x00 }, /* 0x02032BC4 */
    { &sOAMData[579], 0x0002, 0, 0x00 }, /* 0x02032BCC */
    { &sOAMData[584], 0x000A, 0, 0x00 }, /* 0x02032BD4 */
    { &sOAMData[589], 0x0008, 0, 0x00 }, /* 0x02032BDC */
    { &sOAMData[594], 0x000A, 0, 0x00 }, /* 0x02032BE4 */
    { &sOAMData[599], 0x0002, 0, 0x00 }, /* 0x02032BEC */
    { &sOAMData[604], 0x0008, 0, 0x00 }, /* 0x02032BF4 */
    { &sOAMData[609], 0x0001, 0, 0x00 }, /* 0x02032BFC */
    { &sOAMData[615], 0x0001, 0, 0x00 }, /* 0x02032C04 */
    { &sOAMData[621], 0x0001, 0, 0x00 }, /* 0x02032C0C */
    { &sOAMData[627], 0x0001, 0, 0x00 }, /* 0x02032C14 */
    { &sOAMData[633], 0x0001, 0, 0x00 }, /* 0x02032C1C */
    { &sOAMData[639], 0x0002, 0, 0x00 }, /* 0x02032C24 */
    { &sOAMData[645], 0x0002, 0, 0x00 }, /* 0x02032C2C */
    { &sOAMData[651], 0x0002, 0, 0x00 }, /* 0x02032C34 */
    { &sOAMData[657], 0x0002, 0, 0x00 }, /* 0x02032C3C */
    { &sOAMData[663], 0x0002, 0, 0x00 }, /* 0x02032C44 */
    { &sOAMData[669], 0x0007, 0, 0x00 }, /* 0x02032C4C */
    { &sOAMData[674], 0x0001, 0, 0x00 }, /* 0x02032C54 */
    { &sOAMData[679], 0x0001, 0, 0x00 }, /* 0x02032C5C */
    { &sOAMData[684], 0x0001, 0, 0x00 }, /* 0x02032C64 */
    { &sOAMData[689], 0x0001, 0, 0x00 }, /* 0x02032C6C */
    { &sOAMData[694], 0x0001, 0, 0x00 }, /* 0x02032C74 */
    { &sOAMData[699], 0x0002, 0, 0x00 }, /* 0x02032C7C */
    { &sOAMData[704], 0x0002, 0, 0x00 }, /* 0x02032C84 */
    { &sOAMData[709], 0x0002, 0, 0x00 }, /* 0x02032C8C */
    { &sOAMData[714], 0x000C, 0, 0x00 }, /* 0x02032C94 */
    { &sOAMData[718], 0x0002, 0, 0x00 }, /* 0x02032C9C */
    { &sOAMData[723], 0x0002, 0, 0x00 }, /* 0x02032CA4 */
    { &sOAMData[728], 0x0002, 0, 0x00 }, /* 0x02032CAC */
    { &sOAMData[733], 0x0002, 0, 0x00 }, /* 0x02032CB4 */
    { &sOAMData[738], 0x0002, 0, 0x00 }, /* 0x02032CBC */
    { &sOAMData[743], 0x0002, 0, 0x00 }, /* 0x02032CC4 */
    { &sOAMData[748], 0x0001, 0, 0x00 }, /* 0x02032CCC */
    { &sOAMData[754], 0x0001, 0, 0x00 }, /* 0x02032CD4 */
    { &sOAMData[760], 0x0001, 0, 0x00 }, /* 0x02032CDC */
    { &sOAMData[766], 0x0001, 0, 0x00 }, /* 0x02032CE4 */
    { &sOAMData[772], 0x0001, 0, 0x00 }, /* 0x02032CEC */
    { &sOAMData[778], 0x0003, 0, 0x00 }, /* 0x02032CF4 */
    { &sOAMData[784], 0x0004, 0, 0x00 }, /* 0x02032CFC */
    { &sOAMData[790], 0x0002, 0, 0x00 }, /* 0x02032D04 */
    { &sOAMData[795], 0x0008, 0, 0x00 }, /* 0x02032D0C */
    { &sOAMData[801], 0x0014, 0, 0x00 }, /* 0x02032D14 */
    { &sOAMData[806], 0x001E, 0, 0x00 }, /* 0x02032D1C */
    { &sOAMData[811], 0x0002, 0, 0x00 }, /* 0x02032D24 */
    { &sOAMData[815], 0x000C, 0, 0x00 }, /* 0x02032D2C */
    { &sOAMData[819], 0x0001, 0, 0x00 }, /* 0x02032D34 */
    { &sOAMData[823], 0x0001, 0, 0x00 }, /* 0x02032D3C */
    { &sOAMData[827], 0x0001, 0, 0x00 }, /* 0x02032D44 */
    { &sOAMData[831], 0x000C, 0, 0x00 }, /* 0x02032D4C */
    { &sOAMData[835], 0x0002, 0, 0x00 }, /* 0x02032D54 */
    { &sOAMData[839], 0x0004, 0, 0x00 }, /* 0x02032D5C */
    { &sOAMData[843], 0x0004, 0, 0x00 }, /* 0x02032D64 */
    { &sOAMData[847], 0x0001, 0, 0x00 }, /* 0x02032D6C */
    { &sOAMData[852], 0x0001, 0, 0x00 }, /* 0x02032D74 */
    { &sOAMData[857], 0x000A, 0, 0x00 }, /* 0x02032D7C */
    { &sOAMData[857], 0x001E, 0, 0x00 }, /* 0x02032D84 */
    { &sOAMData[862], 0x0002, 0, 0x00 }, /* 0x02032D8C */
    { &sOAMData[867], 0x0002, 0, 0x00 }, /* 0x02032D94 */
    { &sOAMData[872], 0x0008, 0, 0x00 }, /* 0x02032D9C */
    { &sOAMData[876], 0x0008, 0, 0x00 }, /* 0x02032DA4 */
    { &sOAMData[880], 0x0002, 0, 0x00 }, /* 0x02032DAC */
    { &sOAMData[888], 0x0002, 0, 0x00 }, /* 0x02032DB4 */
    { &sOAMData[893], 0x0008, 0, 0x00 }, /* 0x02032DBC */
    { &sOAMData[899], 0x0014, 0, 0x00 }, /* 0x02032DC4 */
    { &sOAMData[904], 0x001E, 0, 0x00 }, /* 0x02032DCC */
    { &sOAMData[909], 0x0002, 0, 0x00 }, /* 0x02032DD4 */
    { &sOAMData[913], 0x000A, 0, 0x00 }, /* 0x02032DDC */
    { &sOAMData[917], 0x0001, 0, 0x00 }, /* 0x02032DE4 */
    { &sOAMData[921], 0x0001, 0, 0x00 }, /* 0x02032DEC */
    { &sOAMData[921], 0x0003, 0, 0x00 }, /* 0x02032DF4 */
    { &sOAMData[925], 0x0001, 0, 0x00 }, /* 0x02032DFC */
    { &sOAMData[925], 0x0002, 0, 0x00 }, /* 0x02032E04 */
    { &sOAMData[925], 0x0006, 0, 0x00 }, /* 0x02032E0C */
    { &sOAMData[929], 0x0004, 0, 0x00 }, /* 0x02032E14 */
    { &sOAMData[933], 0x0001, 0, 0x00 }, /* 0x02032E1C */
    { &sOAMData[937], 0x0008, 0, 0x00 }, /* 0x02032E24 */
    { &sOAMData[941], 0x0002, 0, 0x00 }, /* 0x02032E2C */
    { &sOAMData[945], 0x001E, 0, 0x00 }, /* 0x02032E34 */
    { &sOAMData[949], 0x0004, 0, 0x00 }, /* 0x02032E3C */
    { &sOAMData[953], 0x0008, 0, 0x00 }, /* 0x02032E44 */
    { &sOAMData[957], 0x0004, 0, 0x00 }, /* 0x02032E4C */
    { &sOAMData[961], 0x0008, 0, 0x00 }, /* 0x02032E54 */
    { &sOAMData[965], 0x0004, 0, 0x00 }, /* 0x02032E5C */
    { &sOAMData[969], 0x000C, 0, 0x00 }, /* 0x02032E64 */
    { &sOAMData[972], 0x0002, 0, 0x00 }, /* 0x02032E6C */
    { &sOAMData[976], 0x0002, 0, 0x00 }, /* 0x02032E74 */
    { &sOAMData[980], 0x0008, 0, 0x00 }, /* 0x02032E7C */
    { &sOAMData[983], 0x0008, 0, 0x00 }, /* 0x02032E84 */
    { &sOAMData[986], 0x0002, 0, 0x00 }, /* 0x02032E8C */
    { &sOAMData[997], 0x0002, 0, 0x00 }, /* 0x02032E94 */
    { &sOAMData[1001], 0x0002, 0, 0x00 }, /* 0x02032E9C */
    { &sOAMData[1005], 0x0002, 0, 0x00 }, /* 0x02032EA4 */
    { &sOAMData[1009], 0x0004, 0, 0x00 }, /* 0x02032EAC */
    { &sOAMData[1013], 0x0014, 0, 0x00 }, /* 0x02032EB4 */
    { &sOAMData[1017], 0x0002, 0, 0x00 }, /* 0x02032EBC */
    { &sOAMData[1020], 0x0002, 0, 0x00 }, /* 0x02032EC4 */
    { &sOAMData[1024], 0x0006, 0, 0x00 }, /* 0x02032ECC */
    { &sOAMData[1028], 0x0014, 0, 0x00 }, /* 0x02032ED4 */
    { &sOAMData[1031], 0x0008, 0, 0x00 }, /* 0x02032EDC */
    { &sOAMData[1034], 0x0002, 0, 0x00 }, /* 0x02032EE4 */
    { &sOAMData[1038], 0x0014, 0, 0x00 }, /* 0x02032EEC */
    { &sOAMData[1042], 0x0002, 0, 0x00 }, /* 0x02032EF4 */
    { &sOAMData[1046], 0x0002, 0, 0x00 }, /* 0x02032EFC */
    { &sOAMData[1050], 0x0002, 0, 0x00 }, /* 0x02032F04 */
    { &sOAMData[1054], 0x0010, 0, 0x00 }, /* 0x02032F0C */
    { &sOAMData[1058], 0x0002, 0, 0x00 }, /* 0x02032F14 */
    { &sOAMData[1062], 0x0014, 0, 0x00 }, /* 0x02032F1C */
    { &sOAMData[1066], 0x000A, 0, 0x00 }, /* 0x02032F24 */
    { &sOAMData[1069], 0x0002, 0, 0x00 }, /* 0x02032F2C */
    { &sOAMData[1072], 0x0014, 0, 0x00 }, /* 0x02032F34 */
    { &sOAMData[1089], 0x0002, 0, 0x00 }, /* 0x02032F3C */
    { &sOAMData[1093], 0x0002, 0, 0x00 }, /* 0x02032F44 */
    { &sOAMData[1097], 0x0002, 0, 0x00 }, /* 0x02032F4C */
    { &sOAMData[1101], 0x0002, 0, 0x00 }, /* 0x02032F54 */
    { &sOAMData[1105], 0x0002, 0, 0x00 }, /* 0x02032F5C */
    { &sOAMData[1109], 0x0002, 0, 0x00 }, /* 0x02032F64 */
    { &sOAMData[1113], 0x0002, 0, 0x00 }, /* 0x02032F6C */
    { &sOAMData[1117], 0x0004, 0, 0x00 }, /* 0x02032F74 */
    { &sOAMData[1121], 0x0002, 0, 0x00 }, /* 0x02032F7C */
    { &sOAMData[1125], 0x0004, 0, 0x00 }, /* 0x02032F84 */
    { &sOAMData[1129], 0x0004, 0, 0x00 }, /* 0x02032F8C */
    { &sOAMData[1133], 0x0002, 0, 0x00 }, /* 0x02032F94 */
    { &sOAMData[1137], 0x0002, 0, 0x00 }, /* 0x02032F9C */
    { &sOAMData[1141], 0x0002, 0, 0x00 }, /* 0x02032FA4 */
    { &sOAMData[1145], 0x0002, 0, 0x00 }, /* 0x02032FAC */
    { &sOAMData[1149], 0x0002, 0, 0x00 }, /* 0x02032FB4 */
    { &sOAMData[1153], 0x0002, 0, 0x00 }, /* 0x02032FBC */
    { &sOAMData[1157], 0x0002, 0, 0x00 }, /* 0x02032FC4 */
    { &sOAMData[1161], 0x0002, 0, 0x00 }, /* 0x02032FCC */
    { &sOAMData[1165], 0x0004, 0, 0x00 }, /* 0x02032FD4 */
    { &sOAMData[1169], 0x0004, 0, 0x00 }, /* 0x02032FDC */
    { &sOAMData[1173], 0x0002, 0, 0x00 }, /* 0x02032FE4 */
    { &sOAMData[1177], 0x0002, 0, 0x00 }, /* 0x02032FEC */
    { &sOAMData[1177], 0x0004, 0, 0x00 }, /* 0x02032FF4 */
    { &sOAMData[1181], 0x0002, 0, 0x00 }, /* 0x02032FFC */
    { &sOAMData[1185], 0x0002, 0, 0x00 }, /* 0x02033004 */
    { &sOAMData[1189], 0x0002, 0, 0x00 }, /* 0x0203300C */
    { &sOAMData[1193], 0x0002, 0, 0x00 }, /* 0x02033014 */
    { &sOAMData[1197], 0x0002, 0, 0x00 }, /* 0x0203301C */
    { &sOAMData[1201], 0x0002, 0, 0x00 }, /* 0x02033024 */
    { &sOAMData[1205], 0x0002, 0, 0x00 }, /* 0x0203302C */
    { &sOAMData[1209], 0x0002, 0, 0x00 }, /* 0x02033034 */
    { &sOAMData[1213], 0x0002, 0, 0x00 }, /* 0x0203303C */
    { &sOAMData[1217], 0x0008, 0, 0x00 }, /* 0x02033044 */
    { &sOAMData[1217], 0x0002, 0, 0x00 }, /* 0x0203304C */
    { &sOAMData[1220], 0x0002, 0, 0x00 }, /* 0x02033054 */
    { &sOAMData[1223], 0x0002, 0, 0x00 }, /* 0x0203305C */
    { &sOAMData[1226], 0x0002, 0, 0x00 }, /* 0x02033064 */
    { (OAMData *)0x0000FFFF, 0xFFFF, -1, 0x00 }, /* 0x0203306C */
};

/* Original address: 0x02033074 */
AnimFrameData* sIslanderAnimFrameLists[ISLANDER_ANIM_FRAME_LIST_ENTRY_COUNT] = {
    /* 0x02033074: ISLANDER_ANIM_00 */
    &sIslanderAnimFrames[0], /* -> 0x02032794 */
    &sIslanderAnimFrames[1], /* -> 0x0203279C */
    &sIslanderAnimFrames[0], /* -> 0x02032794 */
    &sIslanderAnimFrames[2], /* -> 0x020327A4 */
    &sIslanderAnimFrames[283], /* -> 0x0203306C */
    /* 0x02033088: ISLANDER_ANIM_01, ISLANDER_ANIM_02, ISLANDER_ANIM_06, ISLANDER_ANIM_07 */
    &sIslanderAnimFrames[3], /* -> 0x020327AC */
    &sIslanderAnimFrames[4], /* -> 0x020327B4 */
    &sIslanderAnimFrames[3], /* -> 0x020327AC */
    &sIslanderAnimFrames[5], /* -> 0x020327BC */
    &sIslanderAnimFrames[283], /* -> 0x0203306C */
    /* 0x0203309C: ISLANDER_ANIM_03, ISLANDER_ANIM_05 */
    &sIslanderAnimFrames[6], /* -> 0x020327C4 */
    &sIslanderAnimFrames[7], /* -> 0x020327CC */
    &sIslanderAnimFrames[6], /* -> 0x020327C4 */
    &sIslanderAnimFrames[8], /* -> 0x020327D4 */
    &sIslanderAnimFrames[283], /* -> 0x0203306C */
    /* 0x020330B0: ISLANDER_ANIM_04 */
    &sIslanderAnimFrames[9], /* -> 0x020327DC */
    &sIslanderAnimFrames[10], /* -> 0x020327E4 */
    &sIslanderAnimFrames[9], /* -> 0x020327DC */
    &sIslanderAnimFrames[11], /* -> 0x020327EC */
    &sIslanderAnimFrames[283], /* -> 0x0203306C */
    /* 0x020330C4: ISLANDER_ANIM_18 */
    &sIslanderAnimFrames[12], /* -> 0x020327F4 */
    &sIslanderAnimFrames[13], /* -> 0x020327FC */
    &sIslanderAnimFrames[12], /* -> 0x020327F4 */
    &sIslanderAnimFrames[14], /* -> 0x02032804 */
    &sIslanderAnimFrames[283], /* -> 0x0203306C */
    /* 0x020330D8: ISLANDER_ANIM_19, ISLANDER_ANIM_1A, ISLANDER_ANIM_1E, ISLANDER_ANIM_1F */
    &sIslanderAnimFrames[15], /* -> 0x0203280C */
    &sIslanderAnimFrames[16], /* -> 0x02032814 */
    &sIslanderAnimFrames[15], /* -> 0x0203280C */
    &sIslanderAnimFrames[17], /* -> 0x0203281C */
    &sIslanderAnimFrames[283], /* -> 0x0203306C */
    /* 0x020330EC: ISLANDER_ANIM_1B, ISLANDER_ANIM_1D */
    &sIslanderAnimFrames[18], /* -> 0x02032824 */
    &sIslanderAnimFrames[19], /* -> 0x0203282C */
    &sIslanderAnimFrames[18], /* -> 0x02032824 */
    &sIslanderAnimFrames[20], /* -> 0x02032834 */
    &sIslanderAnimFrames[283], /* -> 0x0203306C */
    /* 0x02033100: ISLANDER_ANIM_1C */
    &sIslanderAnimFrames[21], /* -> 0x0203283C */
    &sIslanderAnimFrames[22], /* -> 0x02032844 */
    &sIslanderAnimFrames[21], /* -> 0x0203283C */
    &sIslanderAnimFrames[23], /* -> 0x0203284C */
    &sIslanderAnimFrames[283], /* -> 0x0203306C */
    /* 0x02033114: ISLANDER_ANIM_20 */
    &sIslanderAnimFrames[24], /* -> 0x02032854 */
    &sIslanderAnimFrames[25], /* -> 0x0203285C */
    &sIslanderAnimFrames[24], /* -> 0x02032854 */
    &sIslanderAnimFrames[26], /* -> 0x02032864 */
    &sIslanderAnimFrames[283], /* -> 0x0203306C */
    /* 0x02033128: ISLANDER_ANIM_21, ISLANDER_ANIM_22, ISLANDER_ANIM_26, ISLANDER_ANIM_27 */
    &sIslanderAnimFrames[27], /* -> 0x0203286C */
    &sIslanderAnimFrames[28], /* -> 0x02032874 */
    &sIslanderAnimFrames[27], /* -> 0x0203286C */
    &sIslanderAnimFrames[29], /* -> 0x0203287C */
    &sIslanderAnimFrames[283], /* -> 0x0203306C */
    /* 0x0203313C: ISLANDER_ANIM_23, ISLANDER_ANIM_25 */
    &sIslanderAnimFrames[30], /* -> 0x02032884 */
    &sIslanderAnimFrames[31], /* -> 0x0203288C */
    &sIslanderAnimFrames[30], /* -> 0x02032884 */
    &sIslanderAnimFrames[32], /* -> 0x02032894 */
    &sIslanderAnimFrames[283], /* -> 0x0203306C */
    /* 0x02033150: ISLANDER_ANIM_24 */
    &sIslanderAnimFrames[33], /* -> 0x0203289C */
    &sIslanderAnimFrames[34], /* -> 0x020328A4 */
    &sIslanderAnimFrames[33], /* -> 0x0203289C */
    &sIslanderAnimFrames[35], /* -> 0x020328AC */
    &sIslanderAnimFrames[283], /* -> 0x0203306C */
    /* 0x02033164: ISLANDER_ANIM_08 */
    &sIslanderAnimFrames[36], /* -> 0x020328B4 */
    &sIslanderAnimFrames[37], /* -> 0x020328BC */
    &sIslanderAnimFrames[36], /* -> 0x020328B4 */
    &sIslanderAnimFrames[38], /* -> 0x020328C4 */
    &sIslanderAnimFrames[283], /* -> 0x0203306C */
    /* 0x02033178: ISLANDER_ANIM_09, ISLANDER_ANIM_0A, ISLANDER_ANIM_0E, ISLANDER_ANIM_0F */
    &sIslanderAnimFrames[39], /* -> 0x020328CC */
    &sIslanderAnimFrames[40], /* -> 0x020328D4 */
    &sIslanderAnimFrames[39], /* -> 0x020328CC */
    &sIslanderAnimFrames[41], /* -> 0x020328DC */
    &sIslanderAnimFrames[283], /* -> 0x0203306C */
    /* 0x0203318C: ISLANDER_ANIM_0B, ISLANDER_ANIM_0D */
    &sIslanderAnimFrames[42], /* -> 0x020328E4 */
    &sIslanderAnimFrames[43], /* -> 0x020328EC */
    &sIslanderAnimFrames[42], /* -> 0x020328E4 */
    &sIslanderAnimFrames[44], /* -> 0x020328F4 */
    &sIslanderAnimFrames[283], /* -> 0x0203306C */
    /* 0x020331A0: ISLANDER_ANIM_0C */
    &sIslanderAnimFrames[45], /* -> 0x020328FC */
    &sIslanderAnimFrames[46], /* -> 0x02032904 */
    &sIslanderAnimFrames[45], /* -> 0x020328FC */
    &sIslanderAnimFrames[47], /* -> 0x0203290C */
    &sIslanderAnimFrames[283], /* -> 0x0203306C */
    /* 0x020331B4: ISLANDER_ANIM_10 */
    &sIslanderAnimFrames[48], /* -> 0x02032914 */
    &sIslanderAnimFrames[49], /* -> 0x0203291C */
    &sIslanderAnimFrames[48], /* -> 0x02032914 */
    &sIslanderAnimFrames[50], /* -> 0x02032924 */
    &sIslanderAnimFrames[283], /* -> 0x0203306C */
    /* 0x020331C8: ISLANDER_ANIM_11, ISLANDER_ANIM_12, ISLANDER_ANIM_16, ISLANDER_ANIM_17 */
    &sIslanderAnimFrames[51], /* -> 0x0203292C */
    &sIslanderAnimFrames[52], /* -> 0x02032934 */
    &sIslanderAnimFrames[51], /* -> 0x0203292C */
    &sIslanderAnimFrames[53], /* -> 0x0203293C */
    &sIslanderAnimFrames[283], /* -> 0x0203306C */
    /* 0x020331DC: ISLANDER_ANIM_13, ISLANDER_ANIM_15 */
    &sIslanderAnimFrames[54], /* -> 0x02032944 */
    &sIslanderAnimFrames[55], /* -> 0x0203294C */
    &sIslanderAnimFrames[54], /* -> 0x02032944 */
    &sIslanderAnimFrames[56], /* -> 0x02032954 */
    &sIslanderAnimFrames[283], /* -> 0x0203306C */
    /* 0x020331F0: ISLANDER_ANIM_14 */
    &sIslanderAnimFrames[57], /* -> 0x0203295C */
    &sIslanderAnimFrames[58], /* -> 0x02032964 */
    &sIslanderAnimFrames[57], /* -> 0x0203295C */
    &sIslanderAnimFrames[59], /* -> 0x0203296C */
    &sIslanderAnimFrames[283], /* -> 0x0203306C */
    /* 0x02033204: ISLANDER_ANIM_28, ISLANDER_ANIM_30 */
    &sIslanderAnimFrames[60], /* -> 0x02032974 */
    &sIslanderAnimFrames[61], /* -> 0x0203297C */
    &sIslanderAnimFrames[62], /* -> 0x02032984 */
    &sIslanderAnimFrames[63], /* -> 0x0203298C */
    &sIslanderAnimFrames[64], /* -> 0x02032994 */
    &sIslanderAnimFrames[82], /* -> 0x02032A24 */
    &sIslanderAnimFrames[283], /* -> 0x0203306C */
    /* 0x02033220: ISLANDER_ANIM_29, ISLANDER_ANIM_31 */
    &sIslanderAnimFrames[69], /* -> 0x020329BC */
    &sIslanderAnimFrames[70], /* -> 0x020329C4 */
    &sIslanderAnimFrames[71], /* -> 0x020329CC */
    &sIslanderAnimFrames[72], /* -> 0x020329D4 */
    &sIslanderAnimFrames[73], /* -> 0x020329DC */
    &sIslanderAnimFrames[74], /* -> 0x020329E4 */
    &sIslanderAnimFrames[75], /* -> 0x020329EC */
    &sIslanderAnimFrames[76], /* -> 0x020329F4 */
    &sIslanderAnimFrames[77], /* -> 0x020329FC */
    &sIslanderAnimFrames[78], /* -> 0x02032A04 */
    &sIslanderAnimFrames[79], /* -> 0x02032A0C */
    &sIslanderAnimFrames[80], /* -> 0x02032A14 */
    &sIslanderAnimFrames[89], /* -> 0x02032A5C */
    &sIslanderAnimFrames[90], /* -> 0x02032A64 */
    &sIslanderAnimFrames[91], /* -> 0x02032A6C */
    &sIslanderAnimFrames[92], /* -> 0x02032A74 */
    &sIslanderAnimFrames[93], /* -> 0x02032A7C */
    &sIslanderAnimFrames[94], /* -> 0x02032A84 */
    &sIslanderAnimFrames[95], /* -> 0x02032A8C */
    &sIslanderAnimFrames[96], /* -> 0x02032A94 */
    &sIslanderAnimFrames[97], /* -> 0x02032A9C */
    &sIslanderAnimFrames[98], /* -> 0x02032AA4 */
    &sIslanderAnimFrames[99], /* -> 0x02032AAC */
    &sIslanderAnimFrames[81], /* -> 0x02032A1C */
    &sIslanderAnimFrames[283], /* -> 0x0203306C */
    /* 0x02033284: ISLANDER_ANIM_2A, ISLANDER_ANIM_32 */
    &sIslanderAnimFrames[65], /* -> 0x0203299C */
    &sIslanderAnimFrames[88], /* -> 0x02032A54 */
    &sIslanderAnimFrames[66], /* -> 0x020329A4 */
    &sIslanderAnimFrames[67], /* -> 0x020329AC */
    &sIslanderAnimFrames[83], /* -> 0x02032A2C */
    &sIslanderAnimFrames[84], /* -> 0x02032A34 */
    &sIslanderAnimFrames[85], /* -> 0x02032A3C */
    &sIslanderAnimFrames[86], /* -> 0x02032A44 */
    &sIslanderAnimFrames[87], /* -> 0x02032A4C */
    &sIslanderAnimFrames[100], /* -> 0x02032AB4 */
    &sIslanderAnimFrames[283], /* -> 0x0203306C */
    /* 0x020332B0: ISLANDER_ANIM_2B, ISLANDER_ANIM_33 */
    &sIslanderAnimFrames[65], /* -> 0x0203299C */
    &sIslanderAnimFrames[101], /* -> 0x02032ABC */
    &sIslanderAnimFrames[102], /* -> 0x02032AC4 */
    &sIslanderAnimFrames[103], /* -> 0x02032ACC */
    &sIslanderAnimFrames[104], /* -> 0x02032AD4 */
    &sIslanderAnimFrames[283], /* -> 0x0203306C */
    /* 0x020332C8: ISLANDER_ANIM_2C, ISLANDER_ANIM_34 */
    &sIslanderAnimFrames[106], /* -> 0x02032AE4 */
    &sIslanderAnimFrames[108], /* -> 0x02032AF4 */
    &sIslanderAnimFrames[112], /* -> 0x02032B14 */
    &sIslanderAnimFrames[113], /* -> 0x02032B1C */
    &sIslanderAnimFrames[112], /* -> 0x02032B14 */
    &sIslanderAnimFrames[113], /* -> 0x02032B1C */
    &sIslanderAnimFrames[111], /* -> 0x02032B0C */
    &sIslanderAnimFrames[283], /* -> 0x0203306C */
    /* 0x020332E8: ISLANDER_ANIM_2D, ISLANDER_ANIM_35 */
    &sIslanderAnimFrames[114], /* -> 0x02032B24 */
    &sIslanderAnimFrames[115], /* -> 0x02032B2C */
    &sIslanderAnimFrames[116], /* -> 0x02032B34 */
    &sIslanderAnimFrames[283], /* -> 0x0203306C */
    /* 0x020332F8: ISLANDER_ANIM_2E, ISLANDER_ANIM_36 */
    &sIslanderAnimFrames[117], /* -> 0x02032B3C */
    &sIslanderAnimFrames[283], /* -> 0x0203306C */
    /* 0x02033300: ISLANDER_ANIM_2F, ISLANDER_ANIM_37 */
    &sIslanderAnimFrames[105], /* -> 0x02032ADC */
    &sIslanderAnimFrames[283], /* -> 0x0203306C */
    /* 0x02033308: ISLANDER_ANIM_38, ISLANDER_ANIM_41 */
    &sIslanderAnimFrames[118], /* -> 0x02032B44 */
    &sIslanderAnimFrames[119], /* -> 0x02032B4C */
    &sIslanderAnimFrames[151], /* -> 0x02032C4C */
    &sIslanderAnimFrames[120], /* -> 0x02032B54 */
    &sIslanderAnimFrames[121], /* -> 0x02032B5C */
    &sIslanderAnimFrames[122], /* -> 0x02032B64 */
    &sIslanderAnimFrames[123], /* -> 0x02032B6C */
    &sIslanderAnimFrames[124], /* -> 0x02032B74 */
    &sIslanderAnimFrames[152], /* -> 0x02032C54 */
    &sIslanderAnimFrames[153], /* -> 0x02032C5C */
    &sIslanderAnimFrames[154], /* -> 0x02032C64 */
    &sIslanderAnimFrames[155], /* -> 0x02032C6C */
    &sIslanderAnimFrames[156], /* -> 0x02032C74 */
    &sIslanderAnimFrames[158], /* -> 0x02032C84 */
    &sIslanderAnimFrames[157], /* -> 0x02032C7C */
    &sIslanderAnimFrames[158], /* -> 0x02032C84 */
    &sIslanderAnimFrames[159], /* -> 0x02032C8C */
    &sIslanderAnimFrames[160], /* -> 0x02032C94 */
    &sIslanderAnimFrames[125], /* -> 0x02032B7C */
    &sIslanderAnimFrames[283], /* -> 0x0203306C */
    /* 0x02033358: ISLANDER_ANIM_39, ISLANDER_ANIM_42 */
    &sIslanderAnimFrames[126], /* -> 0x02032B84 */
    &sIslanderAnimFrames[127], /* -> 0x02032B8C */
    &sIslanderAnimFrames[283], /* -> 0x0203306C */
    /* 0x02033364: ISLANDER_ANIM_3A, ISLANDER_ANIM_43 */
    &sIslanderAnimFrames[128], /* -> 0x02032B94 */
    &sIslanderAnimFrames[129], /* -> 0x02032B9C */
    &sIslanderAnimFrames[161], /* -> 0x02032C9C */
    &sIslanderAnimFrames[162], /* -> 0x02032CA4 */
    &sIslanderAnimFrames[163], /* -> 0x02032CAC */
    &sIslanderAnimFrames[164], /* -> 0x02032CB4 */
    &sIslanderAnimFrames[165], /* -> 0x02032CBC */
    &sIslanderAnimFrames[166], /* -> 0x02032CC4 */
    &sIslanderAnimFrames[283], /* -> 0x0203306C */
    /* 0x02033388: ISLANDER_ANIM_3B, ISLANDER_ANIM_44 */
    &sIslanderAnimFrames[130], /* -> 0x02032BA4 */
    &sIslanderAnimFrames[131], /* -> 0x02032BAC */
    &sIslanderAnimFrames[132], /* -> 0x02032BB4 */
    &sIslanderAnimFrames[167], /* -> 0x02032CCC */
    &sIslanderAnimFrames[168], /* -> 0x02032CD4 */
    &sIslanderAnimFrames[169], /* -> 0x02032CDC */
    &sIslanderAnimFrames[170], /* -> 0x02032CE4 */
    &sIslanderAnimFrames[171], /* -> 0x02032CEC */
    &sIslanderAnimFrames[172], /* -> 0x02032CF4 */
    &sIslanderAnimFrames[173], /* -> 0x02032CFC */
    &sIslanderAnimFrames[133], /* -> 0x02032BBC */
    &sIslanderAnimFrames[283], /* -> 0x0203306C */
    /* 0x020333B8: ISLANDER_ANIM_3C, ISLANDER_ANIM_45 */
    &sIslanderAnimFrames[135], /* -> 0x02032BCC */
    &sIslanderAnimFrames[136], /* -> 0x02032BD4 */
    &sIslanderAnimFrames[137], /* -> 0x02032BDC */
    &sIslanderAnimFrames[138], /* -> 0x02032BE4 */
    &sIslanderAnimFrames[139], /* -> 0x02032BEC */
    &sIslanderAnimFrames[283], /* -> 0x0203306C */
    /* 0x020333D0: ISLANDER_ANIM_3D, ISLANDER_ANIM_46 */
    &sIslanderAnimFrames[140], /* -> 0x02032BF4 */
    &sIslanderAnimFrames[134], /* -> 0x02032BC4 */
    &sIslanderAnimFrames[141], /* -> 0x02032BFC */
    &sIslanderAnimFrames[142], /* -> 0x02032C04 */
    &sIslanderAnimFrames[143], /* -> 0x02032C0C */
    &sIslanderAnimFrames[144], /* -> 0x02032C14 */
    &sIslanderAnimFrames[145], /* -> 0x02032C1C */
    &sIslanderAnimFrames[147], /* -> 0x02032C2C */
    &sIslanderAnimFrames[146], /* -> 0x02032C24 */
    &sIslanderAnimFrames[147], /* -> 0x02032C2C */
    &sIslanderAnimFrames[148], /* -> 0x02032C34 */
    &sIslanderAnimFrames[149], /* -> 0x02032C3C */
    &sIslanderAnimFrames[150], /* -> 0x02032C44 */
    &sIslanderAnimFrames[283], /* -> 0x0203306C */
    /* 0x02033408: ISLANDER_ANIM_3E, ISLANDER_ANIM_47 */
    &sIslanderAnimFrames[174], /* -> 0x02032D04 */
    &sIslanderAnimFrames[175], /* -> 0x02032D0C */
    &sIslanderAnimFrames[176], /* -> 0x02032D14 */
    &sIslanderAnimFrames[283], /* -> 0x0203306C */
    /* 0x02033418: ISLANDER_ANIM_3F, ISLANDER_ANIM_48 */
    &sIslanderAnimFrames[177], /* -> 0x02032D1C */
    &sIslanderAnimFrames[283], /* -> 0x0203306C */
    /* 0x02033420: ISLANDER_ANIM_40, ISLANDER_ANIM_49 */
    &sIslanderAnimFrames[133], /* -> 0x02032BBC */
    &sIslanderAnimFrames[283], /* -> 0x0203306C */
    /* 0x02033428: ISLANDER_ANIM_4A, ISLANDER_ANIM_4F */
    &sIslanderAnimFrames[178], /* -> 0x02032D24 */
    &sIslanderAnimFrames[179], /* -> 0x02032D2C */
    &sIslanderAnimFrames[180], /* -> 0x02032D34 */
    &sIslanderAnimFrames[181], /* -> 0x02032D3C */
    &sIslanderAnimFrames[182], /* -> 0x02032D44 */
    &sIslanderAnimFrames[183], /* -> 0x02032D4C */
    &sIslanderAnimFrames[184], /* -> 0x02032D54 */
    &sIslanderAnimFrames[185], /* -> 0x02032D5C */
    &sIslanderAnimFrames[186], /* -> 0x02032D64 */
    &sIslanderAnimFrames[187], /* -> 0x02032D6C */
    &sIslanderAnimFrames[188], /* -> 0x02032D74 */
    &sIslanderAnimFrames[189], /* -> 0x02032D7C */
    &sIslanderAnimFrames[283], /* -> 0x0203306C */
    /* 0x0203345C: ISLANDER_ANIM_4B, ISLANDER_ANIM_50 */
    &sIslanderAnimFrames[191], /* -> 0x02032D8C */
    &sIslanderAnimFrames[192], /* -> 0x02032D94 */
    &sIslanderAnimFrames[193], /* -> 0x02032D9C */
    &sIslanderAnimFrames[194], /* -> 0x02032DA4 */
    &sIslanderAnimFrames[193], /* -> 0x02032D9C */
    &sIslanderAnimFrames[194], /* -> 0x02032DA4 */
    &sIslanderAnimFrames[195], /* -> 0x02032DAC */
    &sIslanderAnimFrames[283], /* -> 0x0203306C */
    /* 0x0203347C: ISLANDER_ANIM_4C, ISLANDER_ANIM_51 */
    &sIslanderAnimFrames[196], /* -> 0x02032DB4 */
    &sIslanderAnimFrames[197], /* -> 0x02032DBC */
    &sIslanderAnimFrames[198], /* -> 0x02032DC4 */
    &sIslanderAnimFrames[283], /* -> 0x0203306C */
    /* 0x0203348C: ISLANDER_ANIM_4D, ISLANDER_ANIM_52 */
    &sIslanderAnimFrames[199], /* -> 0x02032DCC */
    &sIslanderAnimFrames[283], /* -> 0x0203306C */
    /* 0x02033494: ISLANDER_ANIM_4E, ISLANDER_ANIM_53 */
    &sIslanderAnimFrames[190], /* -> 0x02032D84 */
    &sIslanderAnimFrames[283], /* -> 0x0203306C */
    /* 0x0203349C: ISLANDER_ANIM_56 */
    &sIslanderAnimFrames[209], /* -> 0x02032E1C */
    &sIslanderAnimFrames[210], /* -> 0x02032E24 */
    &sIslanderAnimFrames[211], /* -> 0x02032E2C */
    &sIslanderAnimFrames[212], /* -> 0x02032E34 */
    &sIslanderAnimFrames[283], /* -> 0x0203306C */
    /* 0x020334B0: ISLANDER_ANIM_57 */
    &sIslanderAnimFrames[213], /* -> 0x02032E3C */
    &sIslanderAnimFrames[214], /* -> 0x02032E44 */
    &sIslanderAnimFrames[215], /* -> 0x02032E4C */
    &sIslanderAnimFrames[216], /* -> 0x02032E54 */
    &sIslanderAnimFrames[217], /* -> 0x02032E5C */
    &sIslanderAnimFrames[218], /* -> 0x02032E64 */
    &sIslanderAnimFrames[283], /* -> 0x0203306C */
    /* 0x020334CC: ISLANDER_ANIM_58 */
    &sIslanderAnimFrames[219], /* -> 0x02032E6C */
    &sIslanderAnimFrames[220], /* -> 0x02032E74 */
    &sIslanderAnimFrames[221], /* -> 0x02032E7C */
    &sIslanderAnimFrames[222], /* -> 0x02032E84 */
    &sIslanderAnimFrames[221], /* -> 0x02032E7C */
    &sIslanderAnimFrames[222], /* -> 0x02032E84 */
    &sIslanderAnimFrames[223], /* -> 0x02032E8C */
    &sIslanderAnimFrames[283], /* -> 0x0203306C */
    /* 0x020334EC: ISLANDER_ANIM_54, ISLANDER_ANIM_55 */
    &sIslanderAnimFrames[200], /* -> 0x02032DD4 */
    &sIslanderAnimFrames[201], /* -> 0x02032DDC */
    &sIslanderAnimFrames[202], /* -> 0x02032DE4 */
    &sIslanderAnimFrames[203], /* -> 0x02032DEC */
    &sIslanderAnimFrames[205], /* -> 0x02032DFC */
    &sIslanderAnimFrames[203], /* -> 0x02032DEC */
    &sIslanderAnimFrames[206], /* -> 0x02032E04 */
    &sIslanderAnimFrames[204], /* -> 0x02032DF4 */
    &sIslanderAnimFrames[207], /* -> 0x02032E0C */
    &sIslanderAnimFrames[208], /* -> 0x02032E14 */
    &sIslanderAnimFrames[283], /* -> 0x0203306C */
    /* 0x02033518: ISLANDER_ANIM_59 */
    &sIslanderAnimFrames[224], /* -> 0x02032E94 */
    &sIslanderAnimFrames[225], /* -> 0x02032E9C */
    &sIslanderAnimFrames[226], /* -> 0x02032EA4 */
    &sIslanderAnimFrames[227], /* -> 0x02032EAC */
    &sIslanderAnimFrames[228], /* -> 0x02032EB4 */
    &sIslanderAnimFrames[283], /* -> 0x0203306C */
    /* 0x02033530: ISLANDER_ANIM_5A */
    &sIslanderAnimFrames[229], /* -> 0x02032EBC */
    &sIslanderAnimFrames[230], /* -> 0x02032EC4 */
    &sIslanderAnimFrames[231], /* -> 0x02032ECC */
    &sIslanderAnimFrames[232], /* -> 0x02032ED4 */
    &sIslanderAnimFrames[283], /* -> 0x0203306C */
    /* 0x02033544: ISLANDER_ANIM_ANGRY */
    &sIslanderAnimFrames[233], /* -> 0x02032EDC */
    &sIslanderAnimFrames[234], /* -> 0x02032EE4 */
    &sIslanderAnimFrames[235], /* -> 0x02032EEC */
    &sIslanderAnimFrames[283], /* -> 0x0203306C */
    /* 0x02033554: ISLANDER_ANIM_SAD */
    &sIslanderAnimFrames[233], /* -> 0x02032EDC */
    &sIslanderAnimFrames[236], /* -> 0x02032EF4 */
    &sIslanderAnimFrames[237], /* -> 0x02032EFC */
    &sIslanderAnimFrames[238], /* -> 0x02032F04 */
    &sIslanderAnimFrames[239], /* -> 0x02032F0C */
    &sIslanderAnimFrames[283], /* -> 0x0203306C */
    /* 0x0203356C: ISLANDER_ANIM_5D */
    &sIslanderAnimFrames[233], /* -> 0x02032EDC */
    &sIslanderAnimFrames[240], /* -> 0x02032F14 */
    &sIslanderAnimFrames[241], /* -> 0x02032F1C */
    &sIslanderAnimFrames[283], /* -> 0x0203306C */
    /* 0x0203357C: ISLANDER_ANIM_5E */
    &sIslanderAnimFrames[242], /* -> 0x02032F24 */
    &sIslanderAnimFrames[243], /* -> 0x02032F2C */
    &sIslanderAnimFrames[244], /* -> 0x02032F34 */
    &sIslanderAnimFrames[243], /* -> 0x02032F2C */
    &sIslanderAnimFrames[283], /* -> 0x0203306C */
    /* 0x02033590: ISLANDER_ANIM_5F */
    &sIslanderAnimFrames[245], /* -> 0x02032F3C */
    &sIslanderAnimFrames[246], /* -> 0x02032F44 */
    &sIslanderAnimFrames[247], /* -> 0x02032F4C */
    &sIslanderAnimFrames[248], /* -> 0x02032F54 */
    &sIslanderAnimFrames[249], /* -> 0x02032F5C */
    &sIslanderAnimFrames[250], /* -> 0x02032F64 */
    &sIslanderAnimFrames[251], /* -> 0x02032F6C */
    &sIslanderAnimFrames[252], /* -> 0x02032F74 */
    &sIslanderAnimFrames[253], /* -> 0x02032F7C */
    &sIslanderAnimFrames[254], /* -> 0x02032F84 */
    &sIslanderAnimFrames[255], /* -> 0x02032F8C */
    &sIslanderAnimFrames[256], /* -> 0x02032F94 */
    &sIslanderAnimFrames[257], /* -> 0x02032F9C */
    &sIslanderAnimFrames[258], /* -> 0x02032FA4 */
    &sIslanderAnimFrames[259], /* -> 0x02032FAC */
    &sIslanderAnimFrames[260], /* -> 0x02032FB4 */
    &sIslanderAnimFrames[261], /* -> 0x02032FBC */
    &sIslanderAnimFrames[262], /* -> 0x02032FC4 */
    &sIslanderAnimFrames[263], /* -> 0x02032FCC */
    &sIslanderAnimFrames[264], /* -> 0x02032FD4 */
    &sIslanderAnimFrames[265], /* -> 0x02032FDC */
    &sIslanderAnimFrames[266], /* -> 0x02032FE4 */
    &sIslanderAnimFrames[267], /* -> 0x02032FEC */
    &sIslanderAnimFrames[283], /* -> 0x0203306C */
    /* 0x020335F0: ISLANDER_ANIM_60 */
    &sIslanderAnimFrames[268], /* -> 0x02032FF4 */
    &sIslanderAnimFrames[265], /* -> 0x02032FDC */
    &sIslanderAnimFrames[264], /* -> 0x02032FD4 */
    &sIslanderAnimFrames[263], /* -> 0x02032FCC */
    &sIslanderAnimFrames[262], /* -> 0x02032FC4 */
    &sIslanderAnimFrames[261], /* -> 0x02032FBC */
    &sIslanderAnimFrames[260], /* -> 0x02032FB4 */
    &sIslanderAnimFrames[259], /* -> 0x02032FAC */
    &sIslanderAnimFrames[258], /* -> 0x02032FA4 */
    &sIslanderAnimFrames[257], /* -> 0x02032F9C */
    &sIslanderAnimFrames[256], /* -> 0x02032F94 */
    &sIslanderAnimFrames[255], /* -> 0x02032F8C */
    &sIslanderAnimFrames[254], /* -> 0x02032F84 */
    &sIslanderAnimFrames[253], /* -> 0x02032F7C */
    &sIslanderAnimFrames[269], /* -> 0x02032FFC */
    &sIslanderAnimFrames[253], /* -> 0x02032F7C */
    &sIslanderAnimFrames[269], /* -> 0x02032FFC */
    &sIslanderAnimFrames[270], /* -> 0x02033004 */
    &sIslanderAnimFrames[271], /* -> 0x0203300C */
    &sIslanderAnimFrames[272], /* -> 0x02033014 */
    &sIslanderAnimFrames[273], /* -> 0x0203301C */
    &sIslanderAnimFrames[274], /* -> 0x02033024 */
    &sIslanderAnimFrames[275], /* -> 0x0203302C */
    &sIslanderAnimFrames[276], /* -> 0x02033034 */
    &sIslanderAnimFrames[277], /* -> 0x0203303C */
    &sIslanderAnimFrames[283], /* -> 0x0203306C */
    /* 0x02033658: ISLANDER_ANIM_61 */
    &sIslanderAnimFrames[278], /* -> 0x02033044 */
    &sIslanderAnimFrames[280], /* -> 0x02033054 */
    &sIslanderAnimFrames[281], /* -> 0x0203305C */
    &sIslanderAnimFrames[282], /* -> 0x02033064 */
    &sIslanderAnimFrames[279], /* -> 0x0203304C */
    &sIslanderAnimFrames[280], /* -> 0x02033054 */
    &sIslanderAnimFrames[281], /* -> 0x0203305C */
    &sIslanderAnimFrames[282], /* -> 0x02033064 */
    &sIslanderAnimFrames[278], /* -> 0x02033044 */
    &sIslanderAnimFrames[283], /* -> 0x0203306C */
};

/* Original address: 0x02033680 */
AnimFrameData** gIslanderAnimData[ISLANDER_ANIM_NUM+1] = {
    &sIslanderAnimFrameLists[0], /* ISLANDER_ANIM_00, 0x02033074 */
    &sIslanderAnimFrameLists[5], /* ISLANDER_ANIM_01, 0x02033088 */
    &sIslanderAnimFrameLists[5], /* ISLANDER_ANIM_02, 0x02033088 */
    &sIslanderAnimFrameLists[10], /* ISLANDER_ANIM_03, 0x0203309C */
    &sIslanderAnimFrameLists[15], /* ISLANDER_ANIM_04, 0x020330B0 */
    &sIslanderAnimFrameLists[10], /* ISLANDER_ANIM_05, 0x0203309C */
    &sIslanderAnimFrameLists[5], /* ISLANDER_ANIM_06, 0x02033088 */
    &sIslanderAnimFrameLists[5], /* ISLANDER_ANIM_07, 0x02033088 */
    &sIslanderAnimFrameLists[60], /* ISLANDER_ANIM_08, 0x02033164 */
    &sIslanderAnimFrameLists[65], /* ISLANDER_ANIM_09, 0x02033178 */
    &sIslanderAnimFrameLists[65], /* ISLANDER_ANIM_0A, 0x02033178 */
    &sIslanderAnimFrameLists[70], /* ISLANDER_ANIM_0B, 0x0203318C */
    &sIslanderAnimFrameLists[75], /* ISLANDER_ANIM_0C, 0x020331A0 */
    &sIslanderAnimFrameLists[70], /* ISLANDER_ANIM_0D, 0x0203318C */
    &sIslanderAnimFrameLists[65], /* ISLANDER_ANIM_0E, 0x02033178 */
    &sIslanderAnimFrameLists[65], /* ISLANDER_ANIM_0F, 0x02033178 */
    &sIslanderAnimFrameLists[80], /* ISLANDER_ANIM_10, 0x020331B4 */
    &sIslanderAnimFrameLists[85], /* ISLANDER_ANIM_11, 0x020331C8 */
    &sIslanderAnimFrameLists[85], /* ISLANDER_ANIM_12, 0x020331C8 */
    &sIslanderAnimFrameLists[90], /* ISLANDER_ANIM_13, 0x020331DC */
    &sIslanderAnimFrameLists[95], /* ISLANDER_ANIM_14, 0x020331F0 */
    &sIslanderAnimFrameLists[90], /* ISLANDER_ANIM_15, 0x020331DC */
    &sIslanderAnimFrameLists[85], /* ISLANDER_ANIM_16, 0x020331C8 */
    &sIslanderAnimFrameLists[85], /* ISLANDER_ANIM_17, 0x020331C8 */
    &sIslanderAnimFrameLists[20], /* ISLANDER_ANIM_18, 0x020330C4 */
    &sIslanderAnimFrameLists[25], /* ISLANDER_ANIM_19, 0x020330D8 */
    &sIslanderAnimFrameLists[25], /* ISLANDER_ANIM_1A, 0x020330D8 */
    &sIslanderAnimFrameLists[30], /* ISLANDER_ANIM_1B, 0x020330EC */
    &sIslanderAnimFrameLists[35], /* ISLANDER_ANIM_1C, 0x02033100 */
    &sIslanderAnimFrameLists[30], /* ISLANDER_ANIM_1D, 0x020330EC */
    &sIslanderAnimFrameLists[25], /* ISLANDER_ANIM_1E, 0x020330D8 */
    &sIslanderAnimFrameLists[25], /* ISLANDER_ANIM_1F, 0x020330D8 */
    &sIslanderAnimFrameLists[40], /* ISLANDER_ANIM_20, 0x02033114 */
    &sIslanderAnimFrameLists[45], /* ISLANDER_ANIM_21, 0x02033128 */
    &sIslanderAnimFrameLists[45], /* ISLANDER_ANIM_22, 0x02033128 */
    &sIslanderAnimFrameLists[50], /* ISLANDER_ANIM_23, 0x0203313C */
    &sIslanderAnimFrameLists[55], /* ISLANDER_ANIM_24, 0x02033150 */
    &sIslanderAnimFrameLists[50], /* ISLANDER_ANIM_25, 0x0203313C */
    &sIslanderAnimFrameLists[45], /* ISLANDER_ANIM_26, 0x02033128 */
    &sIslanderAnimFrameLists[45], /* ISLANDER_ANIM_27, 0x02033128 */
    &sIslanderAnimFrameLists[100], /* ISLANDER_ANIM_28, 0x02033204 */
    &sIslanderAnimFrameLists[107], /* ISLANDER_ANIM_29, 0x02033220 */
    &sIslanderAnimFrameLists[132], /* ISLANDER_ANIM_2A, 0x02033284 */
    &sIslanderAnimFrameLists[143], /* ISLANDER_ANIM_2B, 0x020332B0 */
    &sIslanderAnimFrameLists[149], /* ISLANDER_ANIM_2C, 0x020332C8 */
    &sIslanderAnimFrameLists[157], /* ISLANDER_ANIM_2D, 0x020332E8 */
    &sIslanderAnimFrameLists[161], /* ISLANDER_ANIM_2E, 0x020332F8 */
    &sIslanderAnimFrameLists[163], /* ISLANDER_ANIM_2F, 0x02033300 */
    &sIslanderAnimFrameLists[100], /* ISLANDER_ANIM_30, 0x02033204 */
    &sIslanderAnimFrameLists[107], /* ISLANDER_ANIM_31, 0x02033220 */
    &sIslanderAnimFrameLists[132], /* ISLANDER_ANIM_32, 0x02033284 */
    &sIslanderAnimFrameLists[143], /* ISLANDER_ANIM_33, 0x020332B0 */
    &sIslanderAnimFrameLists[149], /* ISLANDER_ANIM_34, 0x020332C8 */
    &sIslanderAnimFrameLists[157], /* ISLANDER_ANIM_35, 0x020332E8 */
    &sIslanderAnimFrameLists[161], /* ISLANDER_ANIM_36, 0x020332F8 */
    &sIslanderAnimFrameLists[163], /* ISLANDER_ANIM_37, 0x02033300 */
    &sIslanderAnimFrameLists[165], /* ISLANDER_ANIM_38, 0x02033308 */
    &sIslanderAnimFrameLists[185], /* ISLANDER_ANIM_39, 0x02033358 */
    &sIslanderAnimFrameLists[188], /* ISLANDER_ANIM_3A, 0x02033364 */
    &sIslanderAnimFrameLists[197], /* ISLANDER_ANIM_3B, 0x02033388 */
    &sIslanderAnimFrameLists[209], /* ISLANDER_ANIM_3C, 0x020333B8 */
    &sIslanderAnimFrameLists[215], /* ISLANDER_ANIM_3D, 0x020333D0 */
    &sIslanderAnimFrameLists[229], /* ISLANDER_ANIM_3E, 0x02033408 */
    &sIslanderAnimFrameLists[233], /* ISLANDER_ANIM_3F, 0x02033418 */
    &sIslanderAnimFrameLists[235], /* ISLANDER_ANIM_40, 0x02033420 */
    &sIslanderAnimFrameLists[165], /* ISLANDER_ANIM_41, 0x02033308 */
    &sIslanderAnimFrameLists[185], /* ISLANDER_ANIM_42, 0x02033358 */
    &sIslanderAnimFrameLists[188], /* ISLANDER_ANIM_43, 0x02033364 */
    &sIslanderAnimFrameLists[197], /* ISLANDER_ANIM_44, 0x02033388 */
    &sIslanderAnimFrameLists[209], /* ISLANDER_ANIM_45, 0x020333B8 */
    &sIslanderAnimFrameLists[215], /* ISLANDER_ANIM_46, 0x020333D0 */
    &sIslanderAnimFrameLists[229], /* ISLANDER_ANIM_47, 0x02033408 */
    &sIslanderAnimFrameLists[233], /* ISLANDER_ANIM_48, 0x02033418 */
    &sIslanderAnimFrameLists[235], /* ISLANDER_ANIM_49, 0x02033420 */
    &sIslanderAnimFrameLists[237], /* ISLANDER_ANIM_4A, 0x02033428 */
    &sIslanderAnimFrameLists[250], /* ISLANDER_ANIM_4B, 0x0203345C */
    &sIslanderAnimFrameLists[258], /* ISLANDER_ANIM_4C, 0x0203347C */
    &sIslanderAnimFrameLists[262], /* ISLANDER_ANIM_4D, 0x0203348C */
    &sIslanderAnimFrameLists[264], /* ISLANDER_ANIM_4E, 0x02033494 */
    &sIslanderAnimFrameLists[237], /* ISLANDER_ANIM_4F, 0x02033428 */
    &sIslanderAnimFrameLists[250], /* ISLANDER_ANIM_50, 0x0203345C */
    &sIslanderAnimFrameLists[258], /* ISLANDER_ANIM_51, 0x0203347C */
    &sIslanderAnimFrameLists[262], /* ISLANDER_ANIM_52, 0x0203348C */
    &sIslanderAnimFrameLists[264], /* ISLANDER_ANIM_53, 0x02033494 */
    &sIslanderAnimFrameLists[286], /* ISLANDER_ANIM_54, 0x020334EC */
    &sIslanderAnimFrameLists[286], /* ISLANDER_ANIM_55, 0x020334EC */
    &sIslanderAnimFrameLists[266], /* ISLANDER_ANIM_56, 0x0203349C */
    &sIslanderAnimFrameLists[271], /* ISLANDER_ANIM_57, 0x020334B0 */
    &sIslanderAnimFrameLists[278], /* ISLANDER_ANIM_58, 0x020334CC */
    &sIslanderAnimFrameLists[297], /* ISLANDER_ANIM_59, 0x02033518 */
    &sIslanderAnimFrameLists[303], /* ISLANDER_ANIM_5A, 0x02033530 */
    &sIslanderAnimFrameLists[308], /* ISLANDER_ANIM_ANGRY, 0x02033544 */
    &sIslanderAnimFrameLists[312], /* ISLANDER_ANIM_SAD, 0x02033554 */
    &sIslanderAnimFrameLists[318], /* ISLANDER_ANIM_5D, 0x0203356C */
    &sIslanderAnimFrameLists[322], /* ISLANDER_ANIM_5E, 0x0203357C */
    &sIslanderAnimFrameLists[327], /* ISLANDER_ANIM_5F, 0x02033590 */
    &sIslanderAnimFrameLists[351], /* ISLANDER_ANIM_60, 0x020335F0 */
    &sIslanderAnimFrameLists[377], /* ISLANDER_ANIM_61, 0x02033658 */
    &sIslanderAnimFrameLists[377], /* ISLANDER_ANIM_NUM, 0x02033658 */
};

/* Original address: 0x0203380C */
void (*IslanderMoveProcTable[21])(void) = {
    Islander_StartHouseTransition,
    Islander_MoveIndoorsOrOutdoors,
    Islander_StartWandering,
    Islander_UpdateWandering,
    IslanderMoveAction_MoveToTarget,
    Islander_StartFoodProcessing,
    Islander_ProcessFood,
    IslanderMoveAction_UpdateEmotion,
    Islander_UpdateEmotionAnimation,
    Islander_StartClickReaction,
    Islander_CheckClickedOnTimer,
    Islander_StartFieldObjectInteraction,
    Islander_UpdateFieldObjectInteraction,
    Islander_Fishing_Init,
    IslanderMoveAction_Fishing,
    Islander_ReceiveItem_Init,
    IslanderMoveAction_ReceiveItem,
    IslanderMoveAction_Dig,
    IslanderMoveAction_Bury,
    Islander_MoveAction20_Init,
    Islander_MoveAction20_Move,
};

/* Original address: 0x02033860 */
Islander_SUB_MOVE_PROC sIslanderMoveAction11SubMoveProcs[] = {
    Islander_MoveAction11_State0,
    Islander_MoveAction11_State1,
    Islander_MoveAction11_State2,
};

/* Original address: 0x0203386C */
Islander_SUB_MOVE_PROC sIslanderFishingSubMoveProcs[] = {
        Islander_Fishing_State0,
        Islander_Fishing_State1,
        Islander_Fishing_State2,
        Islander_Fishing_State3,
        Islander_Fishing_State4,
        Islander_Fishing_State5,
        Islander_Fishing_State6,
        Islander_Fishing_State7,
    };

/* Original address: 0x0203388C */
void (*IslanderSubMoveAction_BuryProcTbl[6])(void) = {
    Islander_BuryItem_State0,
    Islander_BuryItem_State1,
    Islander_BuryItem_State2,
    Islander_BuryItem_State3,
    Islander_BuryItem_State4,
    Islander_BuryItem_State5,
};

/* Original address: 0x020338A4 */
Islander_SUB_MOVE_PROC sIslanderMoveAction20SubMoveProcs[] = {
        Islander_MoveAction20_State0,
        Islander_MoveAction20_State1,
        Islander_MoveAction20_State2,
        Islander_MoveAction20_State3,
        Islander_MoveAction20_State4,
    };

/* Original address: 0x020338B8 */
Islander_SUB_MOVE_PROC sIslanderReceiveItemSubMoveProcs[] = {
    Islander_DespawnFlyingItem,
    Islander_StoreHeldItem,
    Islander_ProcessFishReceived,
};

/* Original address: 0x020338C4 */
u16 sIslanderMoodEmotions[7] = {
    0x0002, 0x0000, 0x0000, 0x0000, 0x0000, 0x0000, 0x0003,
};

/* Original address: 0x020338D2 */
u8 sIslanderTreeActionChances[8] = { 50, 25, 100, 100, 25, 25, 50, 25 };

/* Original address: 0x020338DA */
u8 sData_020338DA[2] __attribute__((section(".data"))) = { 0 };

/* Original address: 0x020338DC */
IslanderDirectionSector gIslanderDirectionSectors[8] = {
    { 0x1000, 6, 0 },
    { 0x3000, 7, 0 },
    { 0x5000, 0, 0 },
    { 0x7000, 1, 0 },
    { 0x9000, 2, 0 },
    { 0xB000, 3, 0 },
    { 0xD000, 4, 0 },
    { 0xF000, 5, 0 },
};

/* Original address: 0x020338FC */
u16 sFishingRewardGeneratorIndices[64] = {
    0x16, 0x1A, 0x1C, 0x1E, 0x25, 0x7E, 0x7E, 0x7F,
    0x17, 0x1B, 0x1D, 0x1F, 0x25, 0x7E, 0x7E, 0x7F,
    0x0C, 0x25, 0x7E, 0x7E, 0x7E, 0x7E, 0x7E, 0x7F,
    0x21, 0x25, 0x7E, 0x7E, 0x7E, 0x7E, 0x7E, 0x7F,
    0x09, 0x25, 0x7E, 0x7E, 0x7E, 0x7E, 0x7E, 0x7F,
    0x22, 0x25, 0x7E, 0x7E, 0x7E, 0x7E, 0x7E, 0x7F,
    0x19, 0x17, 0x21, 0x25, 0x7E, 0x7F, 0x7F, 0x7F,
    0x24, 0x19, 0x18, 0x25, 0x25, 0x7F, 0x7F, 0x7F,
};

/* Original address: 0x0203397C */
u16 sFishingRewardItemTypes[64] = {
    0x01, 0x52, 0x53, 0x0E, 0x0F, 0x7E, 0x7E, 0x7F,
    0x01, 0x52, 0x53, 0x0E, 0x0F, 0x7E, 0x7E, 0x7F,
    0x10, 0x0F, 0x7E, 0x7E, 0x7E, 0x7E, 0x7E, 0x7F,
    0x02, 0x0F, 0x7E, 0x7E, 0x7E, 0x7E, 0x7E, 0x7F,
    0x42, 0x0F, 0x7E, 0x7E, 0x7E, 0x7E, 0x7E, 0x7F,
    0x4D, 0x0F, 0x7E, 0x7E, 0x7E, 0x7E, 0x7E, 0x7F,
    0x01, 0x01, 0x02, 0x0F, 0x7E, 0x7F, 0x7F, 0x7F,
    0x55, 0x01, 0x01, 0x0F, 0x0F, 0x7F, 0x7F, 0x7F,
};

/* Original address: 0x020339FC */
s32 sIslanderCollisionSampleOffsets[8] = {
    0, 0, 0, 0x600, -0x400, 0, 0x400, 0
};

/* Original address: 0x02033A1C */
int collision_check_offsets[] = { 0x00, 0x02, 0x40, 0x42 };

/* Original address: 0x02033A2C */
s32 gIslanderMoveCollisionOffsets[16] = {
    0, 4096, -4096, 4096,
    -4096, 0, -4096, -4096,
    0, -4096, 4096, -4096,
    4096, 0, 4096, 4096,
};

/* Original address: 0x02033A6C */
BuriedItemUpdateGroup gBuriedItemUpdateGroups[6] = {
    { ITEM_TYPE_APPLE, TREE_APPLE_SAPLING },
    { ITEM_TYPE_ORANGE, TREE_ORANGE_SAPLING },
    { ITEM_TYPE_PEACH, TREE_PEACH_SAPLING },
    { ITEM_TYPE_PEAR, TREE_PEAR_SAPLING },
    { ITEM_TYPE_CHERRY, TREE_CHERRY_SAPLING },
    { ITEM_TYPE_COCONUT, TREE_PALM_SAPLING },
};

/* Original address: 0x02033A84 */
s32 sIslanderMoveSteps[8][2] = {
    { 0, 0x40 },
    { -0x40, 0x40 },
    { -0x40, 0 },
    { -0x40, -0x40 },
    { 0, -0x40 },
    { 0x40, -0x40 },
    { 0x40, 0 },
    { 0x40, 0x40 },
};

/* Original address: 0x02033AC4 */
u8 gIslanderAnimMirrorFlags[ISLANDER_ANIM_NUM+1] = {
    0x00, 0x00, 0x00, 0x00, 0x00, 0x01, 0x01, 0x01, 0x00, 0x00, 0x00, 0x00, 0x00, 0x01,
    0x01, 0x01, 0x00, 0x00, 0x00, 0x00, 0x00, 0x01, 0x01, 0x01, 0x00, 0x00, 0x00, 0x00,
    0x00, 0x01, 0x01, 0x01, 0x00, 0x00, 0x00, 0x00, 0x00, 0x01, 0x01, 0x01, 0x00, 0x00,
    0x00, 0x00, 0x00, 0x00, 0x00, 0x00, 0x01, 0x01, 0x01, 0x01, 0x01, 0x01, 0x01, 0x01,
    0x00, 0x00, 0x00, 0x00, 0x00, 0x00, 0x00, 0x00, 0x00, 0x01, 0x01, 0x01, 0x01, 0x01,
    0x01, 0x01, 0x01, 0x01, 0x00, 0x00, 0x00, 0x00, 0x00, 0x01, 0x01, 0x01, 0x01, 0x01,
    0x00, 0x01, 0x00, 0x00, 0x00, 0x00, 0x00, 0x00, 0x00, 0x00, 0x00, 0x00, 0x00, 0x00,
    0x01,
};

/* Original address: 0x02033B27 */
u8 gMoveAction11ObjectAnimFrames[9] = {
    1, 2, 1, 0, 2, 1, 2, 1, 3
};

/* Original address: 0x02033B30 */
EntitySpawnParams sFlyingItemFruitParams[6] = {
    { 0x0003, 0x0000 },
    { 0x0004, 0x0001 },
    { 0x0005, 0x0002 },
    { 0x0006, 0x0003 },
    { 0x0007, 0x0004 },
    { 0x001E, 0x0005 },
};

/* Original address: 0x02033B48 */
EntitySpawnParams sFlyingItemParams[160] = {
    { 0x0001, 0x0016 },
    { 0x0052, 0x001A },
    { 0x0053, 0x001C },
    { 0x000E, 0x001E },
    { 0x0000, 0x0000 },
    { 0x000B, 0x0008 },
    { 0x001E, 0x0005 },
    { 0x0042, 0x0009 },
    { 0x004D, 0x0022 },
    { 0x0000, 0x0000 },
    { 0x0010, 0x000C },
    { 0x000F, 0x0025 },
    { 0x0010, 0x000C },
    { 0x000F, 0x0025 },
    { 0x0000, 0x0000 },
    { 0x0010, 0x000C },
    { 0x000F, 0x0025 },
    { 0x0010, 0x000C },
    { 0x000F, 0x0025 },
    { 0x0000, 0x0000 },
    { 0x0001, 0x0017 },
    { 0x0052, 0x001B },
    { 0x0053, 0x001D },
    { 0x000E, 0x001F },
    { 0x0000, 0x0000 },
    { 0x0042, 0x0009 },
    { 0x0009, 0x0006 },
    { 0x0043, 0x000A },
    { 0x004D, 0x0022 },
    { 0x0000, 0x0000 },
    { 0x0010, 0x000C },
    { 0x000F, 0x0025 },
    { 0x0010, 0x000C },
    { 0x000F, 0x0025 },
    { 0x0000, 0x0000 },
    { 0x0010, 0x000C },
    { 0x000F, 0x0025 },
    { 0x0010, 0x000C },
    { 0x000F, 0x0025 },
    { 0x0000, 0x0000 },
    { 0x0043, 0x000A },
    { 0x0007, 0x0004 },
    { 0x000B, 0x0008 },
    { 0x0010, 0x000C },
    { 0x0000, 0x0000 },
    { 0x0042, 0x0009 },
    { 0x0007, 0x0004 },
    { 0x000B, 0x0008 },
    { 0x0010, 0x000C },
    { 0x0000, 0x0000 },
    { 0x000B, 0x0008 },
    { 0x0007, 0x0004 },
    { 0x000B, 0x0008 },
    { 0x0010, 0x000C },
    { 0x0000, 0x0000 },
    { 0x000B, 0x0008 },
    { 0x0007, 0x0004 },
    { 0x000B, 0x0008 },
    { 0x0010, 0x000C },
    { 0x0000, 0x0000 },
    { 0x0044, 0x000B },
    { 0x0009, 0x0006 },
    { 0x0042, 0x0009 },
    { 0x0010, 0x000C },
    { 0x0000, 0x0000 },
    { 0x0043, 0x000A },
    { 0x0009, 0x0006 },
    { 0x0042, 0x0009 },
    { 0x0010, 0x000C },
    { 0x0000, 0x0000 },
    { 0x0042, 0x0009 },
    { 0x0009, 0x0006 },
    { 0x000B, 0x0008 },
    { 0x0010, 0x000C },
    { 0x0000, 0x0000 },
    { 0x0042, 0x0009 },
    { 0x0009, 0x0006 },
    { 0x000B, 0x0008 },
    { 0x0010, 0x000C },
    { 0x0000, 0x0000 },
    { 0x0002, 0x0021 },
    { 0x0001, 0x0017 },
    { 0x000E, 0x001F },
    { 0x004D, 0x0022 },
    { 0x0000, 0x0000 },
    { 0x0001, 0x0016 },
    { 0x0052, 0x001A },
    { 0x0053, 0x001C },
    { 0x000E, 0x001E },
    { 0x0000, 0x0000 },
    { 0x000E, 0x001E },
    { 0x0010, 0x000C },
    { 0x000E, 0x001E },
    { 0x0010, 0x000C },
    { 0x0000, 0x0000 },
    { 0x000E, 0x001E },
    { 0x0010, 0x000C },
    { 0x000E, 0x001E },
    { 0x0010, 0x000C },
    { 0x0000, 0x0000 },
    { 0x0001, 0x0019 },
    { 0x0001, 0x0018 },
    { 0x0002, 0x0021 },
    { 0x000E, 0x001F },
    { 0x0000, 0x0000 },
    { 0x0001, 0x0017 },
    { 0x0052, 0x001B },
    { 0x0053, 0x001D },
    { 0x000E, 0x001F },
    { 0x0000, 0x0000 },
    { 0x000E, 0x001E },
    { 0x0010, 0x000C },
    { 0x000E, 0x001E },
    { 0x0010, 0x000C },
    { 0x0000, 0x0000 },
    { 0x000E, 0x001E },
    { 0x0010, 0x000C },
    { 0x000E, 0x001E },
    { 0x0010, 0x000C },
    { 0x0000, 0x0000 },
    { 0x0001, 0x0018 },
    { 0x000F, 0x0025 },
    { 0x0010, 0x000C },
    { 0x000F, 0x0025 },
    { 0x0000, 0x0000 },
    { 0x0001, 0x0017 },
    { 0x000F, 0x0025 },
    { 0x0010, 0x000C },
    { 0x000F, 0x0025 },
    { 0x0000, 0x0000 },
    { 0x0001, 0x0016 },
    { 0x000F, 0x0025 },
    { 0x0010, 0x000C },
    { 0x000F, 0x0025 },
    { 0x0000, 0x0000 },
    { 0x0001, 0x0016 },
    { 0x000F, 0x0025 },
    { 0x0010, 0x000C },
    { 0x000F, 0x0025 },
    { 0x0000, 0x0000 },
    { 0x0055, 0x0024 },
    { 0x000F, 0x0025 },
    { 0x0010, 0x000C },
    { 0x000F, 0x0025 },
    { 0x0000, 0x0000 },
    { 0x0001, 0x0019 },
    { 0x000F, 0x0025 },
    { 0x0010, 0x000C },
    { 0x000F, 0x0025 },
    { 0x0000, 0x0000 },
    { 0x0001, 0x0017 },
    { 0x000F, 0x0025 },
    { 0x0010, 0x000C },
    { 0x000F, 0x0025 },
    { 0x0000, 0x0000 },
    { 0x0001, 0x0017 },
    { 0x000F, 0x0025 },
    { 0x0010, 0x000C },
    { 0x000F, 0x0025 },
    { 0x0000, 0x0000 },
};

/* Original address: 0x02033DC8 */
u8 sFloatingItemHourOffsets[24] = {
    0x00, 0x00, 0x00, 0x00, 0x00, 0x00, 0x01, 0x01, 0x01, 0x02, 0x02, 0x02, 0x03, 0x03, 0x03, 0x04,
    0x04, 0x04, 0x05, 0x05, 0x05, 0x06, 0x06, 0x06,
};

/* Original address: 0x02033DE0 */
u8 gMoveAction11EmotionSpawnOffsets[4] = {
    5, 15, 10, 0
};

/* Original address: 0x02033DE4 */
u16 sFloatingItemBaseIndices[126] = {
    0x0000, 0x0078, 0x0028, 0x0050, 0x0000, 0x0050, 0x0000, 0x0000,
    0x0078, 0x0028, 0x0028, 0x0028, 0x0000, 0x0050, 0x0000, 0x0028,
    0x0050, 0x0028, 0x0078, 0x0028, 0x0000, 0x0000, 0x0050, 0x0028,
    0x0000, 0x0000, 0x0078, 0x0050, 0x0000, 0x0028, 0x0078, 0x0028,
    0x0050, 0x0000, 0x0028, 0x0000, 0x0000, 0x0050, 0x0078, 0x0028,
    0x0028, 0x0028, 0x0000, 0x0050, 0x0028, 0x0050, 0x0078, 0x0000,
    0x0000, 0x0000, 0x0050, 0x0050, 0x0028, 0x0000, 0x0078, 0x0000,
    0x0000, 0x0028, 0x0050, 0x0000, 0x0078, 0x0028, 0x0028, 0x0000,
    0x0028, 0x0050, 0x0000, 0x0078, 0x0000, 0x0050, 0x0000, 0x0028,
    0x0050, 0x0000, 0x0078, 0x0000, 0x0078, 0x0000, 0x0028, 0x0078,
    0x0028, 0x0000, 0x0050, 0x0028, 0x0000, 0x0000, 0x0078, 0x0028,
    0x0050, 0x0028, 0x0028, 0x0000, 0x0078, 0x0000, 0x0028, 0x0000,
    0x0050, 0x0078, 0x0000, 0x0078, 0x0050, 0x0028, 0x0000, 0x0078,
    0x0000, 0x0000, 0x0000, 0x0050, 0x0078, 0x0050, 0x0028, 0x0000,
    0x0000, 0x0000, 0x0000, 0x0050, 0x0028, 0x0078, 0x0050, 0x0000,
    0x0028, 0x0050, 0x0028, 0x0078, 0x0028, 0x0000,
};

/* Original address: 0x02033EE0 */
EntitySpawnParams gMoveAction11EntitySpawnParams[39] = {
    { 0x0001, 0x0019 }, { 0x0001, 0x0018 }, { 0x0043, 0x000A },
    { 0x0043, 0x000A }, { 0x0000, 0x0000 }, { 0x0001, 0x0017 },
    { 0x000E, 0x001F }, { 0x0042, 0x0009 }, { 0x0042, 0x0009 },
    { 0x0000, 0x0000 }, { 0x000B, 0x0008 }, { 0x000B, 0x0008 },
    { 0x000B, 0x0008 }, { 0x0010, 0x000C }, { 0x0000, 0x0000 },
    { 0x000B, 0x0008 }, { 0x000B, 0x0008 }, { 0x0010, 0x000C },
    { 0x000F, 0x0025 }, { 0x0000, 0x0000 }, { 0x0055, 0x0024 },
    { 0x0001, 0x0019 }, { 0x0044, 0x000B }, { 0x0044, 0x000B },
    { 0x0000, 0x0000 }, { 0x0001, 0x0018 }, { 0x000E, 0x001F },
    { 0x0043, 0x000A }, { 0x0043, 0x000A }, { 0x0000, 0x0000 },
    { 0x000B, 0x0008 }, { 0x000B, 0x0008 }, { 0x000B, 0x0008 },
    { 0x0010, 0x000C }, { 0x0000, 0x0000 }, { 0x000B, 0x0008 },
    { 0x000B, 0x0008 }, { 0x0010, 0x000C }, { 0x000F, 0x0025 }
};

/* Original address: 0x02033F7C */
u8 sData_02033F7C[4] __attribute__((section(".data"))) = { 0 };

/* Original address: 0x02033F80 */
u16 sIslanderFlowerItems[9] = {
    0x0849, 0x084A, 0x0848, 0x084B, 0x084C, 0x084D, 0x0845, 0x0846,
    0x0847,
};

/* Original address: 0x02033F92 */
u8 sIslanderRewardAdjust[18] = {
    0x01, 0x01, 0x01, 0x00, 0x01, 0x01, 0x00, 0x00, 0x01, 0x01, 0x00, 0x00, 0x01, 0x00, 0x01, 0x00,
    0x00, 0x01,
};

/* Original address: 0x02033FA4 */
u8 gIslanderFavoriteHours[18] = {
    0x0A, 0x08, 0x0C, 0x10, 0x07, 0x09, 0x12, 0x12, 0x0C, 0x0D, 0x14, 0x11, 0x0A, 0x11, 0x0F, 0x08, 0x0E, 0x07
};

/* Original address: 0x02033FB6 */
IslanderFoodPreference ISLANDER_FOOD_PREFERENCES = {
    {
        { 0x01, 0xFF, 0x01, 0x01, 0x02, 0xFD, 0xFF, 0x03, 0x01 },
        { 0x01, 0x01, 0x02, 0x01, 0xFF, 0xFD, 0x03, 0xFF, 0x01 },
        { 0x01, 0x02, 0xFF, 0x01, 0x01, 0xFD, 0xFF, 0x03, 0x01 },
        { 0xFF, 0x02, 0x01, 0x01, 0x01, 0xFD, 0x02, 0x01, 0x01 },
        { 0x01, 0x01, 0x02, 0xFF, 0x01, 0xFD, 0xFF, 0x03, 0x01 },
        { 0x01, 0x02, 0x01, 0xFF, 0x01, 0xFD, 0xFF, 0x03, 0x01 },
        { 0x01, 0xFF, 0x01, 0x01, 0x02, 0xFD, 0x01, 0x02, 0x01 },
        { 0x01, 0x01, 0xFF, 0x01, 0x02, 0xFD, 0x02, 0x01, 0x01 },
        { 0x02, 0xFF, 0x01, 0x01, 0x01, 0xFD, 0x01, 0x02, 0x01 },
        { 0x01, 0xFF, 0x01, 0x02, 0x01, 0xFD, 0x01, 0x02, 0x01 },
        { 0x01, 0x01, 0xFF, 0x02, 0x01, 0xFD, 0x01, 0x02, 0x01 },
        { 0xFF, 0x01, 0x01, 0x02, 0x01, 0xFD, 0x02, 0x01, 0x01 },
        { 0x01, 0x01, 0x02, 0x01, 0xFF, 0xFD, 0x03, 0xFF, 0x01 },
        { 0x01, 0x01, 0xFF, 0x02, 0x01, 0xFD, 0x02, 0x01, 0x01 },
        { 0x02, 0x01, 0x01, 0x01, 0xFF, 0xFD, 0x02, 0x01, 0x01 },
        { 0x01, 0x02, 0x01, 0x01, 0xFF, 0xFD, 0x02, 0x01, 0x01 },
        { 0x02, 0x01, 0x01, 0xFF, 0x01, 0xFD, 0x02, 0x01, 0x01 },
        { 0xFF, 0x01, 0x01, 0x01, 0x02, 0xFD, 0x03, 0xFF, 0x01 },
    },
    { 0x03, 0x04, 0x05, 0x06, 0x07, 0x08, 0x09, 0x0A, 0x1E },
};

/* Original address: 0x02034062 */
BuriedItemRngTileGroup gBuriedItemRngTileGroups[13] = {
    { ITEM_TYPE_FURNITURE, { 0x004, 0x00C, 0x008, 0x000 } },
    { ITEM_TYPE_NES,       { 0x004, 0x00C, 0x008, 0x000 } },
    { ITEM_TYPE_SHIRT,     { 0x024, 0x02C, 0x028, 0x020 } },
    { ITEM_TYPE_CARPET,    { 0x044, 0x04C, 0x048, 0x040 } },
    { ITEM_TYPE_WALLPAPER, { 0x064, 0x06C, 0x068, 0x060 } },
    { ITEM_TYPE_GYROID,    { 0x084, 0x08C, 0x088, 0x080 } },
    { ITEM_TYPE_100_BELLS, { 0x0A4, 0x0AC, 0x0A8, 0x0A0 } },
    { ITEM_TYPE_CANDY,     { 0x0A4, 0x0AC, 0x0A8, 0x0A0 } },
    { ITEM_TYPE_1K_BELLS,  { 0x0C4, 0x0CC, 0x0C8, 0x0C0 } },
    { ITEM_TYPE_TURNIP,    { 0x0C4, 0x0CC, 0x0C8, 0x0C0 } },
    { ITEM_TYPE_10K_BELLS, { 0x0E4, 0x0EC, 0x0E8, 0x0E0 } },
    { ITEM_TYPE_MUSHROOM,  { 0x0E4, 0x0EC, 0x0E8, 0x0E0 } },
    { ITEM_TYPE_30K_BELLS, { 0x104, 0x10C, 0x108, 0x100 } },
};

/* Original address: 0x020340E4 */
u8 gBuriedItemGeneratorIndices[0x120] = {
    0x19, 0x18, 0x17, 0x17, 0x17, 0x16, 0x16, 0x09, 0x16, 0x16, 0x16, 0x0D, 0x16, 0x16,
    0x0C, 0x0C, 0x24, 0x19, 0x18, 0x17, 0x17, 0x17, 0x17, 0x17, 0x16, 0x16, 0x16, 0x0D, 0x16, 0x16,
    0x0C, 0x0C, 0x1F, 0x1F, 0x1E, 0x1E, 0x1E, 0x1E, 0x1E, 0x09, 0x1E, 0x1E, 0x1E, 0x0D, 0x1E, 0x1E,
    0x0C, 0x0C, 0x1F, 0x1F, 0x1F, 0x1F, 0x1F, 0x1F, 0x1E, 0x1E, 0x1E, 0x1E, 0x1E, 0x0D, 0x1E, 0x1E,
    0x0C, 0x0C, 0x1B, 0x1B, 0x1A, 0x1A, 0x1A, 0x1A, 0x1A, 0x09, 0x1A, 0x1A, 0x1A, 0x0D, 0x1A, 0x1A,
    0x0C, 0x0C, 0x1B, 0x1B, 0x1B, 0x1B, 0x1B, 0x1B, 0x1A, 0x1A, 0x1A, 0x1A, 0x1A, 0x0D, 0x1A, 0x1A,
    0x0C, 0x0C, 0x1D, 0x1D, 0x1C, 0x1C, 0x1C, 0x1C, 0x1C, 0x09, 0x1C, 0x1C, 0x1C, 0x0D, 0x1C, 0x1C,
    0x0C, 0x0C, 0x1D, 0x1D, 0x1D, 0x1D, 0x1D, 0x1D, 0x1C, 0x1C, 0x1C, 0x1C, 0x1C, 0x0D, 0x1C, 0x1C,
    0x0C, 0x0C, 0x21, 0x21, 0x21, 0x21, 0x21, 0x21, 0x21, 0x09, 0x21, 0x21, 0x21, 0x0D, 0x21, 0x21,
    0x0C, 0x0C, 0x21, 0x21, 0x21, 0x21, 0x21, 0x21, 0x21, 0x21, 0x21, 0x21, 0x21, 0x0D, 0x21, 0x21,
    0x0C, 0x0C, 0x0D, 0x0D, 0x0D, 0x0D, 0x0D, 0x0D, 0x0D, 0x0D, 0x25, 0x25, 0x0D, 0x0D, 0x25, 0x25,
    0x0C, 0x0C, 0x07, 0x06, 0x05, 0x04, 0x00, 0x01, 0x02, 0x03, 0x25, 0x25, 0x0D, 0x0D, 0x25, 0x25,
    0x0C, 0x0C, 0x1F, 0x1F, 0x1E, 0x22, 0x1E, 0x1E, 0x22, 0x22, 0x1E, 0x1E, 0x1E, 0x0D, 0x1E, 0x1E,
    0x0C, 0x0C, 0x17, 0x17, 0x17, 0x1F, 0x17, 0x1F, 0x1F, 0x1F, 0x1E, 0x1E, 0x1E, 0x0D, 0x1E, 0x1E,
    0x0C, 0x0C, 0x18, 0x17, 0x16, 0x1F, 0x16, 0x1A, 0x1C, 0x1E, 0x16, 0x1A, 0x1C, 0x0D, 0x16, 0x1E,
    0x0C, 0x0C, 0x19, 0x18, 0x17, 0x21, 0x17, 0x17, 0x17, 0x1F, 0x16, 0x1A, 0x1C, 0x0D, 0x16, 0x1E,
    0x0C, 0x0C, 0x24, 0x19, 0x18, 0x17, 0x17, 0x17, 0x16, 0x1F, 0x16, 0x1A, 0x1C, 0x0D, 0x16, 0x1E,
    0x0C, 0x0C, 0x24, 0x24, 0x18, 0x17, 0x18, 0x17, 0x1B, 0x1D, 0x16, 0x1A, 0x1C, 0x0D, 0x16, 0x1E,
    0x0C, 0x0C,
};

/* Original address: 0x02034204 */
Item_TypeEntry_c Item_TypeEntries[ITEM_TYPE_COUNT] = {
    { Item_IsFossil, EMPTY_NO },
    { Item_IsFurniture, EMPTY_NO },
    { Item_IsGyroid, EMPTY_NO },
    { Item_IsApple, ITM_FOOD_APPLE },
    { Item_IsOrange, ITM_FOOD_ORANGE },
    { Item_IsPeach, ITM_FOOD_PEACH },
    { Item_IsPear, ITM_FOOD_PEAR },
    { Item_IsCherry, ITM_FOOD_CHERRY },
    { Item_IsTurnip, EMPTY_NO },
    { Item_IsMushroom, ITM_FOOD_MUSHROOM },
    { Item_IsCandy, ITM_FOOD_CANDY },
    { Item_Is100Bells, ITM_MONEY_100 },
    { Item_IsSeedlingDiaryTicketGrabBag, EMPTY_NO },
    { Item_IsSignboard, ITM_SIGNBOARD },
    { Item_IsShirt, EMPTY_NO },
    { Item_IsTrash, EMPTY_NO },
    { Item_IsPitfall, ITM_PITFALL },
    { Item_IsConchSeaShellIcon, EMPTY_NO },
    { Item_IsLionsPawShellIcon, EMPTY_NO },
    { Item_IsCoral, EMPTY_NO },
    { Item_IsPurpleCosmos, FLOWER_COSMOS1 },
    { Item_IsBlueCosmos, FLOWER_COSMOS2 },
    { Item_IsYellowCosmos, FLOWER_COSMOS0 },
    { Item_IsRedTulips, FLOWER_TULIP0 },
    { Item_IsWhiteTulips, FLOWER_TULIP1 },
    { Item_IsYellowTulips, FLOWER_TULIP2 },
    { Item_IsWhitePansies, FLOWER_PANSIES0 },
    { Item_IsPurplePansies, FLOWER_PANSIES1 },
    { Item_IsYellowPansies, FLOWER_PANSIES2 },
    { Item_IsFlowerLeaves, EMPTY_NO },
    { Item_IsCoconut, ITM_FOOD_COCONUT },
    { Item_IsCabana, EMPTY_NO },
    { Item_IsIslanderHouse, EMPTY_NO },
    { Item_IsSapling, EMPTY_NO },
    { Item_IsSmallTree, EMPTY_NO },
    { Item_IsMediumTree, EMPTY_NO },
    { Item_IsLargeTree, EMPTY_NO },
    { Item_IsFullyGrownTree, EMPTY_NO },
    { Item_IsDeadSapling, EMPTY_NO },
    { Item_IsFruitAppleTree, EMPTY_NO },
    { Item_IsFruitOrangeTree, EMPTY_NO },
    { Item_IsFruitPeachTree, EMPTY_NO },
    { Item_IsPearFruitTree, EMPTY_NO },
    { Item_IsFruitCherryTree, EMPTY_NO },
    { Item_IsSmallStump, EMPTY_NO },
    { Item_IsMediumStump, EMPTY_NO },
    { Item_IsLargeStump, EMPTY_NO },
    { Item_IsFullyGrownStump, EMPTY_NO },
    { Item_IsPalmSapling, EMPTY_NO },
    { Item_IsSmallPalmTree, EMPTY_NO },
    { Item_IsMediumPalmTree, EMPTY_NO },
    { Item_IsLargePalmTree, EMPTY_NO },
    { Item_IsPalmTree, EMPTY_NO },
    { Item_IsDeadPalmSapling, EMPTY_NO },
    { Item_IsFruitPalmTree, EMPTY_NO },
    { Item_IsSmallPalmStump, EMPTY_NO },
    { Item_IsMediumPalmStump, EMPTY_NO },
    { Item_IsLargePalmStump, EMPTY_NO },
    { Item_IsFullyGrownPalmStump, EMPTY_NO },
    { Item_IsIslandFlag, EMPTY_NO },
    { Item_IsHole, EMPTY_NO },
    { Item_IsBuriedPitfall, EMPTY_NO },
    { Item_IsCedarSapling, EMPTY_NO },
    { Item_IsDeadCedarSapling, EMPTY_NO },
    { Item_IsWeed, EMPTY_NO },
    { Item_IsRock, EMPTY_NO },
    { Item_Is1KBells, ITM_MONEY_1000 },
    { Item_Is10KBells, ITM_MONEY_10000 },
    { Item_Is30KBells, ITM_MONEY_30000 },
    { Item_IsNet, ITM_NET },
    { Item_IsGoldenNet, ITM_GOLDEN_NET },
    { Item_IsAxe, ITM_AXE },
    { Item_IsGoldenAxe, ITM_GOLDEN_AXE },
    { Item_IsShovel, ITM_SHOVEL },
    { Item_IsGoldenShovel, ITM_GOLDEN_SHOVEL },
    { Item_IsFishingRod, ITM_ROD },
    { Item_IsGoldenRod, ITM_GOLDEN_ROD },
    { Item_IsUmbrella, EMPTY_NO },
    { Item_IsPaint, EMPTY_NO },
    { Item_IsBalloon, EMPTY_NO },
    { Item_IsPinwheel, EMPTY_NO },
    { Item_IsHandFan, EMPTY_NO },
    { Item_IsCarpet, EMPTY_NO },
    { Item_IsWallpaper, EMPTY_NO },
    { Item_IsAirCheck, EMPTY_NO },
    { Item_IsNES, EMPTY_NO },
    { Item_IsFlowerBag, EMPTY_NO },
    { Item_IsReserved, EMPTY_NO },
};

/* Original address: 0x020344C4 */
mActor_name_t gc_rsv_island_item_table[] = {
    RSV_ISLAND_FTR_COMMON,
    RSV_ISLAND_FTR_RARE,
    RSV_ISLAND_FTR_EVENT,
    RSV_ISLAND_FTR_ISLAND,
    RSV_ISLAND_FAMICOM,
    RSV_ISLAND_FOSSIL,
    RSV_ISLAND_MINIDISK,
    RSV_ISLAND_HANIWA,
    RSV_ISLAND_UMBRELLA,
    RSV_ISLAND_CARPET_COMMON,
    RSV_ISLAND_CARPET_RARE,
    RSV_ISLAND_WALL_COMMON,
    RSV_ISLAND_WALL_RARE,
    RSV_ISLAND_CLOTH_COMMON,
    RSV_ISLAND_CLOTH_RARE,
    RSV_ISLAND_HOLE,
    RSV_ISLAND_FLOWER_BAG,
    RSV_ISLAND_TRASH,
};

/* Original address: 0x020344E8 */
void (*sFallingFruitUpdateProcs[4])(void) = {
    sub_02024C00,
    sub_02024C04,
    FallingFruit_BeginFall,
    FallingFruit_UpdateFall,
};

/* Original address: 0x020344F8 */
u8 sFallingFruitProfiles[552] = {
    0x00, 0x40, 0x00, 0x80, 0xE1, 0xFF, 0xFF, 0xFF, 0xF0, 0xFF, 0xFF, 0xFF, 0x42, 0x02, 0x7C, 0x42,
    0x07, 0x28, 0x04, 0x00, 0x1E, 0x00, 0x00, 0x00, 0x00, 0x00, 0x00, 0x40, 0xE0, 0xFF, 0xFF, 0xFF,
    0xF3, 0xFF, 0xFF, 0xFF, 0xC8, 0x00, 0x7C, 0x42, 0x07, 0x28, 0x04, 0x00, 0x1E, 0x00, 0x00, 0x00,
    0x00, 0x00, 0x00, 0x40, 0xDF, 0xFF, 0xFF, 0xFF, 0xFD, 0xFF, 0xFF, 0xFF, 0xC8, 0x00, 0x7C, 0x42,
    0x07, 0x28, 0x04, 0x01, 0x1E, 0x00, 0x00, 0x00, 0x00, 0x00, 0x00, 0x80, 0xCF, 0xFF, 0xFF, 0xFF,
    0xF0, 0xFF, 0xFF, 0xFF, 0xD8, 0x00, 0x04, 0x42, 0x00, 0x28, 0x04, 0x00, 0x03, 0x00, 0x00, 0x00,
    0x00, 0x00, 0x00, 0x40, 0xDE, 0xFF, 0xFF, 0xFF, 0xEE, 0xFF, 0xFF, 0xFF, 0x80, 0x00, 0x04, 0x42,
    0x00, 0x28, 0x04, 0x00, 0x03, 0x00, 0x00, 0x00, 0x00, 0x00, 0x00, 0x40, 0xDE, 0xFF, 0xFF, 0xFF,
    0x02, 0x00, 0x00, 0x00, 0x80, 0x00, 0x04, 0x42, 0x00, 0x28, 0x04, 0x00, 0x03, 0x00, 0x00, 0x00,
    0x00, 0x00, 0x00, 0x40, 0xD0, 0xFF, 0xFF, 0xFF, 0xF8, 0xFF, 0xFF, 0xFF, 0x80, 0x00, 0x04, 0x42,
    0x00, 0x28, 0x04, 0x00, 0x03, 0x00, 0x00, 0x00, 0x00, 0x00, 0x00, 0x80, 0xCF, 0xFF, 0xFF, 0xFF,
    0xF0, 0xFF, 0xFF, 0xFF, 0xDC, 0x00, 0x08, 0x62, 0x04, 0x28, 0x06, 0x00, 0x04, 0x00, 0x00, 0x00,
    0x00, 0x00, 0x00, 0x40, 0xDE, 0xFF, 0xFF, 0xFF, 0xEE, 0xFF, 0xFF, 0xFF, 0x82, 0x00, 0x08, 0x62,
    0x04, 0x28, 0x06, 0x00, 0x04, 0x00, 0x00, 0x00, 0x00, 0x00, 0x00, 0x40, 0xDE, 0xFF, 0xFF, 0xFF,
    0x02, 0x00, 0x00, 0x00, 0x82, 0x00, 0x08, 0x62, 0x04, 0x28, 0x06, 0x00, 0x04, 0x00, 0x00, 0x00,
    0x00, 0x00, 0x00, 0x40, 0xD0, 0xFF, 0xFF, 0xFF, 0xF8, 0xFF, 0xFF, 0xFF, 0x82, 0x00, 0x08, 0x62,
    0x04, 0x28, 0x06, 0x00, 0x04, 0x00, 0x00, 0x00, 0x00, 0x00, 0x00, 0x80, 0xCF, 0xFF, 0xFF, 0xFF,
    0xF0, 0xFF, 0xFF, 0xFF, 0x5A, 0x01, 0x0C, 0x42, 0x03, 0x28, 0x04, 0x00, 0x05, 0x00, 0x00, 0x00,
    0x00, 0x00, 0x00, 0x40, 0xDE, 0xFF, 0xFF, 0xFF, 0xEE, 0xFF, 0xFF, 0xFF, 0x84, 0x00, 0x0C, 0x42,
    0x03, 0x28, 0x04, 0x00, 0x05, 0x00, 0x00, 0x00, 0x00, 0x00, 0x00, 0x40, 0xDE, 0xFF, 0xFF, 0xFF,
    0x02, 0x00, 0x00, 0x00, 0x84, 0x00, 0x0C, 0x42, 0x03, 0x28, 0x04, 0x00, 0x05, 0x00, 0x00, 0x00,
    0x00, 0x00, 0x00, 0x40, 0xD0, 0xFF, 0xFF, 0xFF, 0xF8, 0xFF, 0xFF, 0xFF, 0x84, 0x00, 0x0C, 0x42,
    0x03, 0x28, 0x04, 0x00, 0x05, 0x00, 0x00, 0x00, 0x00, 0x00, 0x00, 0x80, 0xCF, 0xFF, 0xFF, 0xFF,
    0xF0, 0xFF, 0xFF, 0xFF, 0x80, 0x02, 0x10, 0x42, 0x02, 0x28, 0x04, 0x00, 0x06, 0x00, 0x00, 0x00,
    0x00, 0x00, 0x00, 0x40, 0xDE, 0xFF, 0xFF, 0xFF, 0xEE, 0xFF, 0xFF, 0xFF, 0x86, 0x00, 0x10, 0x42,
    0x02, 0x28, 0x04, 0x00, 0x06, 0x00, 0x00, 0x00, 0x00, 0x00, 0x00, 0x40, 0xDE, 0xFF, 0xFF, 0xFF,
    0x02, 0x00, 0x00, 0x00, 0x86, 0x00, 0x10, 0x42, 0x02, 0x28, 0x04, 0x00, 0x06, 0x00, 0x00, 0x00,
    0x00, 0x00, 0x00, 0x40, 0xD0, 0xFF, 0xFF, 0xFF, 0xF8, 0xFF, 0xFF, 0xFF, 0x86, 0x00, 0x10, 0x42,
    0x02, 0x28, 0x04, 0x00, 0x06, 0x00, 0x00, 0x00, 0x00, 0x00, 0x00, 0x80, 0xCF, 0xFF, 0xFF, 0xFF,
    0xF0, 0xFF, 0xFF, 0xFF, 0x00, 0x03, 0x14, 0x42, 0x01, 0x28, 0x04, 0x00, 0x07, 0x00, 0x00, 0x00,
    0x00, 0x00, 0x00, 0x40, 0xDE, 0xFF, 0xFF, 0xFF, 0xEE, 0xFF, 0xFF, 0xFF, 0x88, 0x00, 0x14, 0x42,
    0x01, 0x28, 0x04, 0x00, 0x07, 0x00, 0x00, 0x00, 0x00, 0x00, 0x00, 0x40, 0xDE, 0xFF, 0xFF, 0xFF,
    0x02, 0x00, 0x00, 0x00, 0x88, 0x00, 0x14, 0x42, 0x01, 0x28, 0x04, 0x00, 0x07, 0x00, 0x00, 0x00,
    0x00, 0x00, 0x00, 0x40, 0xD0, 0xFF, 0xFF, 0xFF, 0xF8, 0xFF, 0xFF, 0xFF, 0x88, 0x00, 0x14, 0x42,
    0x01, 0x28, 0x04, 0x00, 0x07, 0x00, 0x00, 0x00,
};

/* Original address: 0x02034720 */
u8 sData_02034720[192] = {
    0xE9, 0x00, 0xFD, 0x01, 0x59, 0x73, 0x00, 0x00, 0x00, 0x00, 0x00, 0x00, 0x00, 0x00, 0xFF, 0xFF,
    0xE8, 0x00, 0xFD, 0x01, 0x59, 0x73, 0x00, 0x00, 0x00, 0x00, 0x00, 0x00, 0x00, 0x00, 0xFF, 0xFF,
    0xEA, 0x00, 0xFC, 0x01, 0x5A, 0x73, 0x00, 0x00, 0x00, 0x00, 0x00, 0x00, 0x00, 0x00, 0xFF, 0xFF,
    0xE9, 0x00, 0xFC, 0x01, 0x5A, 0x73, 0x00, 0x00, 0x00, 0x00, 0x00, 0x00, 0x00, 0x00, 0xFF, 0xFF,
    0xE8, 0x00, 0xFC, 0x01, 0x5A, 0x73, 0x00, 0x00, 0x00, 0x00, 0x00, 0x00, 0x00, 0x00, 0xFF, 0xFF,
    0xEC, 0x00, 0xF5, 0x01, 0x5B, 0x73, 0x00, 0x00, 0x00, 0x00, 0x00, 0x00, 0x00, 0x00, 0xFF, 0xFF,
    0xEC, 0x00, 0xF5, 0x01, 0x5B, 0x73, 0x00, 0x00, 0x00, 0x00, 0x00, 0x00, 0x00, 0x00, 0xFF, 0xFF,
    0xEB, 0x00, 0xFC, 0x01, 0x5C, 0x73, 0x00, 0x00, 0x00, 0x00, 0x00, 0x00, 0x00, 0x00, 0xFF, 0xFF,
    0xEA, 0x00, 0xFB, 0x01, 0x5C, 0x73, 0x00, 0x00, 0x00, 0x00, 0x00, 0x00, 0x00, 0x00, 0xFF, 0xFF,
    0xE9, 0x00, 0xFB, 0x01, 0x5C, 0x73, 0x00, 0x00, 0x00, 0x00, 0x00, 0x00, 0x00, 0x00, 0xFF, 0xFF,
    0xE8, 0x00, 0xFC, 0x01, 0x5C, 0x73, 0x00, 0x00, 0x00, 0x00, 0x00, 0x00, 0x00, 0x00, 0xFF, 0xFF,
    0xE3, 0x00, 0xEC, 0x41, 0xD6, 0x72, 0x00, 0x00, 0x00, 0x00, 0x00, 0x00, 0x00, 0x00, 0xFF, 0xFF,
};

/* Original address: 0x020347E0 */
void (*sEntityUpdateProcs[11])(void) = {
    Entity_UpdateLifetime,
    Entity_BeginToppleEffect,
    Entity_UpdateToppleEffect,
    Entity_BeginLeafEffect,
    Entity_UpdateLeafEffect,
    Entity_BeginReactionEffect,
    Entity_UpdateReactionEffect,
    Entity_BeginItemDrop,
    Entity_UpdateItemDrop,
    Entity_BeginFloatingItem,
    Entity_UpdateFloatingItem,
};

/* Original address: 0x0203480C */
u8 sData_0203480C[1048] = {
    0xF8, 0x00, 0xFE, 0x11, 0xC6, 0x01, 0x00, 0x00, 0xFA, 0x00, 0xF9, 0x01, 0xC6, 0x01, 0x00, 0x00,
    0x00, 0x00, 0xF7, 0x21, 0xE6, 0x01, 0x00, 0x00, 0x03, 0x00, 0xFC, 0x31, 0xC6, 0x01, 0x00, 0x00,
    0xFE, 0x00, 0x00, 0x30, 0xE6, 0x01, 0x00, 0x00, 0x00, 0x00, 0x00, 0x00, 0x00, 0x00, 0xFF, 0xFF,
    0x04, 0x00, 0xFE, 0x31, 0xC6, 0x01, 0x00, 0x00, 0xF8, 0x00, 0xF7, 0x01, 0xC6, 0x01, 0x00, 0x00,
    0xF5, 0x00, 0xFF, 0x11, 0xC6, 0x01, 0x00, 0x00, 0x01, 0x00, 0xF4, 0x21, 0xE6, 0x01, 0x00, 0x00,
    0xFF, 0x00, 0x03, 0x30, 0xE6, 0x01, 0x00, 0x00, 0x00, 0x00, 0x00, 0x00, 0x00, 0x00, 0xFF, 0xFF,
    0x05, 0x00, 0x00, 0x30, 0xE6, 0x01, 0x00, 0x00, 0x00, 0x00, 0x06, 0x30, 0xE6, 0x01, 0x00, 0x00,
    0x01, 0x00, 0xF1, 0x21, 0xE6, 0x01, 0x00, 0x00, 0xF6, 0x00, 0xF5, 0x01, 0xC6, 0x01, 0x00, 0x00,
    0xF2, 0x00, 0x00, 0x10, 0xC6, 0x01, 0x00, 0x00, 0x00, 0x00, 0x00, 0x00, 0x00, 0x00, 0xFF, 0xFF,
    0x05, 0x00, 0x01, 0x10, 0xE6, 0x01, 0x00, 0x00, 0x00, 0x00, 0xEF, 0x01, 0xE6, 0x01, 0x00, 0x00,
    0xF4, 0x00, 0xF4, 0x01, 0xC6, 0x01, 0x00, 0x00, 0xEF, 0x00, 0x00, 0x10, 0xC6, 0x01, 0x00, 0x00,
    0x00, 0x00, 0x08, 0x10, 0xE6, 0x01, 0x00, 0x00, 0x00, 0x00, 0x00, 0x00, 0x00, 0x00, 0xFF, 0xFF,
    0xF2, 0x00, 0xF3, 0x01, 0xC6, 0x01, 0x00, 0x00, 0xFF, 0x00, 0xEE, 0x01, 0xE6, 0x01, 0x00, 0x00,
    0xED, 0x00, 0x00, 0x10, 0xC6, 0x01, 0x00, 0x00, 0x04, 0x00, 0x02, 0x10, 0xC6, 0x01, 0x00, 0x00,
    0xFF, 0x00, 0x0A, 0x10, 0xE6, 0x01, 0x00, 0x00, 0x00, 0x00, 0x00, 0x00, 0x00, 0x00, 0xFF, 0xFF,
    0xFE, 0x00, 0x0B, 0x10, 0xC6, 0x01, 0x00, 0x00, 0xFE, 0x00, 0xED, 0x01, 0xC6, 0x01, 0x00, 0x00,
    0xF1, 0x00, 0xF3, 0x01, 0xC6, 0x01, 0x00, 0x00, 0xEC, 0x00, 0x00, 0x00, 0xC6, 0x01, 0x00, 0x00,
    0x03, 0x00, 0x03, 0x10, 0xC6, 0x01, 0x00, 0x00, 0x00, 0x00, 0x00, 0x00, 0x00, 0x00, 0xFF, 0xFF,
    0xFD, 0x00, 0xED, 0x01, 0xC6, 0x01, 0x00, 0x00, 0xFD, 0x00, 0x0C, 0x10, 0xC6, 0x01, 0x00, 0x00,
    0xEB, 0x00, 0x00, 0x00, 0xC6, 0x01, 0x00, 0x00, 0xF0, 0x00, 0xF2, 0x01, 0xC6, 0x01, 0x00, 0x00,
    0x02, 0x00, 0x04, 0x00, 0xC6, 0x01, 0x00, 0x00, 0x00, 0x00, 0x00, 0x00, 0x00, 0x00, 0xFF, 0xFF,
    0xEF, 0x00, 0xF3, 0x01, 0xC6, 0x01, 0x00, 0x00, 0xEB, 0x00, 0xFF, 0x01, 0xC6, 0x01, 0x00, 0x00,
    0xFD, 0x00, 0xED, 0x01, 0xC6, 0x01, 0x00, 0x00, 0xFC, 0x00, 0x0D, 0x00, 0xC6, 0x01, 0x00, 0x00,
    0x02, 0x00, 0x03, 0x00, 0xE6, 0x01, 0x00, 0x00, 0x00, 0x00, 0x00, 0x00, 0x00, 0x00, 0xFF, 0xFF,
    0xFC, 0x00, 0xFC, 0x01, 0xC6, 0x01, 0x00, 0x00, 0x00, 0x00, 0x00, 0x00, 0x00, 0x00, 0xFF, 0xFF,
    0xFE, 0x00, 0xFD, 0x01, 0xC6, 0x01, 0x00, 0x00, 0x00, 0x00, 0x00, 0x00, 0x00, 0x00, 0xFF, 0xFF,
    0xFF, 0x00, 0xFF, 0x01, 0xC6, 0x01, 0x00, 0x00, 0x00, 0x00, 0x00, 0x00, 0x00, 0x00, 0xFF, 0xFF,
    0x00, 0x00, 0x01, 0x00, 0xE6, 0x01, 0x00, 0x00, 0x00, 0x00, 0x00, 0x00, 0x00, 0x00, 0xFF, 0xFF,
    0x00, 0x00, 0x02, 0x10, 0xE6, 0x01, 0x00, 0x00, 0x00, 0x00, 0x00, 0x00, 0x00, 0x00, 0xFF, 0xFF,
    0x01, 0x00, 0x01, 0x10, 0xC6, 0x01, 0x00, 0x00, 0x00, 0x00, 0x00, 0x00, 0x00, 0x00, 0xFF, 0xFF,
    0x02, 0x00, 0xFF, 0x11, 0xC6, 0x01, 0x00, 0x00, 0x00, 0x00, 0x00, 0x00, 0x00, 0x00, 0xFF, 0xFF,
    0x03, 0x00, 0xFC, 0x11, 0xE6, 0x01, 0x00, 0x00, 0x00, 0x00, 0x00, 0x00, 0x00, 0x00, 0xFF, 0xFF,
    0x04, 0x00, 0xF8, 0x11, 0xE6, 0x01, 0x00, 0x00, 0x00, 0x00, 0x00, 0x00, 0x00, 0x00, 0xFF, 0xFF,
    0x04, 0x00, 0xF6, 0x01, 0xE6, 0x01, 0x00, 0x00, 0x00, 0x00, 0x00, 0x00, 0x00, 0x00, 0xFF, 0xFF,
    0x04, 0x00, 0xF5, 0x01, 0xE6, 0x01, 0x00, 0x00, 0x00, 0x00, 0x00, 0x00, 0x00, 0x00, 0xFF, 0xFF,
    0x05, 0x00, 0xF5, 0x01, 0xC6, 0x01, 0x00, 0x00, 0x00, 0x00, 0x00, 0x00, 0x00, 0x00, 0xFF, 0xFF,
    0x06, 0x00, 0xF6, 0x01, 0xC6, 0x01, 0x00, 0x00, 0x00, 0x00, 0x00, 0x00, 0x00, 0x00, 0xFF, 0xFF,
    0x08, 0x00, 0xF8, 0x01, 0xC6, 0x01, 0x00, 0x00, 0x00, 0x00, 0x00, 0x00, 0x00, 0x00, 0xFF, 0xFF,
    0x0A, 0x00, 0xFB, 0x01, 0xE6, 0x01, 0x00, 0x00, 0x00, 0x00, 0x00, 0x00, 0x00, 0x00, 0xFF, 0xFF,
    0x0B, 0x00, 0xFF, 0x01, 0xE6, 0x01, 0x00, 0x00, 0x00, 0x00, 0x00, 0x00, 0x00, 0x00, 0xFF, 0xFF,
    0x0C, 0x00, 0x04, 0x00, 0xE6, 0x01, 0x00, 0x00, 0x00, 0x00, 0x00, 0x00, 0x00, 0x00, 0xFF, 0xFF,
    0x0C, 0x00, 0x07, 0x00, 0xE6, 0x01, 0x00, 0x00, 0x00, 0x00, 0x00, 0x00, 0x00, 0x00, 0xFF, 0xFF,
    0x0C, 0x00, 0x09, 0x10, 0xE6, 0x01, 0x00, 0x00, 0x00, 0x00, 0x00, 0x00, 0x00, 0x00, 0xFF, 0xFF,
    0x0B, 0x00, 0x0A, 0x10, 0xE6, 0x01, 0x00, 0x00, 0x00, 0x00, 0x00, 0x00, 0x00, 0x00, 0xFF, 0xFF,
    0x0C, 0x48, 0x03, 0x02, 0x02, 0x00, 0x00, 0x00, 0x3C, 0x48, 0x03, 0x02, 0x02, 0x00, 0x00, 0x00,
    0x6C, 0x48, 0x03, 0x02, 0x02, 0x00, 0x00, 0x00, 0x9C, 0x48, 0x03, 0x02, 0x02, 0x00, 0x00, 0x00,
    0xCC, 0x48, 0x03, 0x02, 0x02, 0x00, 0x00, 0x00, 0xFC, 0x48, 0x03, 0x02, 0x02, 0x00, 0x00, 0x00,
    0x2C, 0x49, 0x03, 0x02, 0x02, 0x00, 0x00, 0x00, 0x5C, 0x49, 0x03, 0x02, 0x02, 0x00, 0x00, 0x00,
    0x8C, 0x49, 0x03, 0x02, 0x02, 0x00, 0x00, 0x00, 0x9C, 0x49, 0x03, 0x02, 0x02, 0x00, 0x00, 0x00,
    0xAC, 0x49, 0x03, 0x02, 0x02, 0x00, 0x00, 0x00, 0xBC, 0x49, 0x03, 0x02, 0x03, 0x00, 0x00, 0x00,
    0xCC, 0x49, 0x03, 0x02, 0x05, 0x00, 0x00, 0x00, 0xDC, 0x49, 0x03, 0x02, 0x02, 0x00, 0x00, 0x00,
    0xEC, 0x49, 0x03, 0x02, 0x02, 0x00, 0x00, 0x00, 0xFC, 0x49, 0x03, 0x02, 0x02, 0x00, 0x00, 0x00,
    0x0C, 0x4A, 0x03, 0x02, 0x02, 0x00, 0x00, 0x00, 0x1C, 0x4A, 0x03, 0x02, 0x03, 0x00, 0x00, 0x00,
    0x2C, 0x4A, 0x03, 0x02, 0x05, 0x00, 0x00, 0x00, 0x3C, 0x4A, 0x03, 0x02, 0x02, 0x00, 0x00, 0x00,
    0x4C, 0x4A, 0x03, 0x02, 0x02, 0x00, 0x00, 0x00, 0x5C, 0x4A, 0x03, 0x02, 0x02, 0x00, 0x00, 0x00,
    0x6C, 0x4A, 0x03, 0x02, 0x02, 0x00, 0x00, 0x00, 0x7C, 0x4A, 0x03, 0x02, 0x02, 0x00, 0x00, 0x00,
    0x8C, 0x4A, 0x03, 0x02, 0x02, 0x00, 0x00, 0x00, 0x9C, 0x4A, 0x03, 0x02, 0x02, 0x00, 0x00, 0x00,
    0xAC, 0x4A, 0x03, 0x02, 0x02, 0x00, 0x00, 0x00, 0xBC, 0x4A, 0x03, 0x02, 0x02, 0x00, 0x00, 0x00,
    0x20, 0x47, 0x03, 0x02, 0x02, 0x00, 0x00, 0x00, 0x30, 0x47, 0x03, 0x02, 0x02, 0x00, 0x00, 0x00,
    0x20, 0x47, 0x03, 0x02, 0x04, 0x00, 0x00, 0x00, 0x30, 0x47, 0x03, 0x02, 0x16, 0x00, 0x00, 0x00,
    0x40, 0x47, 0x03, 0x02, 0x02, 0x00, 0x00, 0x00, 0x50, 0x47, 0x03, 0x02, 0x02, 0x00, 0x00, 0x00,
    0x60, 0x47, 0x03, 0x02, 0x18, 0x00, 0x00, 0x00, 0x70, 0x47, 0x03, 0x02, 0x02, 0x00, 0x00, 0x00,
    0x80, 0x47, 0x03, 0x02, 0x1C, 0x00, 0x00, 0x00, 0x90, 0x47, 0x03, 0x02, 0x02, 0x00, 0x00, 0x00,
    0xA0, 0x47, 0x03, 0x02, 0x02, 0x00, 0x00, 0x00, 0xB0, 0x47, 0x03, 0x02, 0x04, 0x00, 0x00, 0x00,
    0xC0, 0x47, 0x03, 0x02, 0x18, 0x00, 0x00, 0x00, 0xD0, 0x47, 0x03, 0x02, 0x14, 0x00, 0x00, 0x00,
    0xFF, 0xFF, 0x00, 0x00, 0xFF, 0xFF, 0xFF, 0x00,
};

/* Original address: 0x02034C24 */
u8 sEntityToppleFrames[32] = {
    0xCC, 0x4A, 0x03, 0x02, 0xD4, 0x4A, 0x03, 0x02, 0xDC, 0x4A, 0x03, 0x02, 0xE4, 0x4A, 0x03, 0x02,
    0xEC, 0x4A, 0x03, 0x02, 0xF4, 0x4A, 0x03, 0x02, 0xFC, 0x4A, 0x03, 0x02, 0x04, 0x4B, 0x03, 0x02,
};

/* Original address: 0x02034C44 */
u8 sEntityLeafFrames[80] = {
    0x0C, 0x4B, 0x03, 0x02, 0x14, 0x4B, 0x03, 0x02, 0x1C, 0x4B, 0x03, 0x02, 0x24, 0x4B, 0x03, 0x02,
    0x2C, 0x4B, 0x03, 0x02, 0x34, 0x4B, 0x03, 0x02, 0x3C, 0x4B, 0x03, 0x02, 0x44, 0x4B, 0x03, 0x02,
    0x4C, 0x4B, 0x03, 0x02, 0x54, 0x4B, 0x03, 0x02, 0x5C, 0x4B, 0x03, 0x02, 0x64, 0x4B, 0x03, 0x02,
    0x6C, 0x4B, 0x03, 0x02, 0x74, 0x4B, 0x03, 0x02, 0x7C, 0x4B, 0x03, 0x02, 0x84, 0x4B, 0x03, 0x02,
    0x8C, 0x4B, 0x03, 0x02, 0x94, 0x4B, 0x03, 0x02, 0x9C, 0x4B, 0x03, 0x02, 0xA4, 0x4B, 0x03, 0x02,
};

/* Original address: 0x02034C94 */
u8 sData_02034C94[76] = {
    0xAC, 0x4B, 0x03, 0x02, 0xB4, 0x4B, 0x03, 0x02, 0xBC, 0x4B, 0x03, 0x02, 0xC4, 0x4B, 0x03, 0x02,
    0x1C, 0x4C, 0x03, 0x02, 0xCC, 0x4B, 0x03, 0x02, 0xD4, 0x4B, 0x03, 0x02, 0xDC, 0x4B, 0x03, 0x02,
    0x1C, 0x4C, 0x03, 0x02, 0xE4, 0x4B, 0x03, 0x02, 0xEC, 0x4B, 0x03, 0x02, 0x1C, 0x4C, 0x03, 0x02,
    0xF4, 0x4B, 0x03, 0x02, 0xFC, 0x4B, 0x03, 0x02, 0x04, 0x4C, 0x03, 0x02, 0x0C, 0x4C, 0x03, 0x02,
    0x1C, 0x4C, 0x03, 0x02, 0x14, 0x4C, 0x03, 0x02, 0x1C, 0x4C, 0x03, 0x02,
};

/* Original address: 0x02034CE0 */
u8 sEntityReactionAnimations[20] = {
    0x94, 0x4C, 0x03, 0x02, 0xA8, 0x4C, 0x03, 0x02, 0xB8, 0x4C, 0x03, 0x02, 0xC4, 0x4C, 0x03, 0x02,
    0xD8, 0x4C, 0x03, 0x02,
};

/* Original address: 0x02034CF4 */
ItemGeneratorDef gItemGeneratorDefs[38] = {
    { ITM_FOOD_APPLE,      ITEM_TYPE_APPLE, 0 },
    { ITM_FOOD_ORANGE,     ITEM_TYPE_ORANGE, 0 },
    { ITM_FOOD_PEACH,      ITEM_TYPE_PEACH, 0 },
    { ITM_FOOD_PEAR,       ITEM_TYPE_PEAR, 0 },
    { ITM_FOOD_CHERRY,     ITEM_TYPE_CHERRY, 0 },
    { ITM_FOOD_COCONUT,    ITEM_TYPE_COCONUT, 0 },
    { ITM_FOOD_MUSHROOM,   ITEM_TYPE_MUSHROOM, 0 },
    { ITM_FOOD_CANDY,      ITEM_TYPE_CANDY, 0 },
    { ITM_MONEY_100,       ITEM_TYPE_100_BELLS, 0 },
    { ITM_MONEY_1000,      ITEM_TYPE_1K_BELLS, 0 },
    { ITM_MONEY_10000,     ITEM_TYPE_10K_BELLS, 0 },
    { ITM_MONEY_30000,     ITEM_TYPE_30K_BELLS, 0 },
    { ITM_PITFALL,         ITEM_TYPE_PITFALL, 0 },
    { FLOWER_COSMOS1,      ITEM_TYPE_FLOWER_BAG, 0 },
    { FLOWER_COSMOS2,      ITEM_TYPE_FLOWER_BAG, 0 },
    { FLOWER_COSMOS0,      ITEM_TYPE_FLOWER_BAG, 0 },
    { FLOWER_TULIP0,       ITEM_TYPE_FLOWER_BAG, 0 },
    { FLOWER_TULIP1,       ITEM_TYPE_FLOWER_BAG, 0 },
    { FLOWER_TULIP2,       ITEM_TYPE_FLOWER_BAG, 0 },
    { FLOWER_PANSIES0,     ITEM_TYPE_FLOWER_BAG, 0 },
    { FLOWER_PANSIES1,     ITEM_TYPE_FLOWER_BAG, 0 },
    { FLOWER_PANSIES2,     ITEM_TYPE_FLOWER_BAG, 0 },
    { 0x0000,              ITEM_TYPE_FURNITURE, 1 },
    { 0x0001,              ITEM_TYPE_FURNITURE, 1 },
    { 0x0002,              ITEM_TYPE_FURNITURE, 1 },
    { 0x0003,              ITEM_TYPE_FURNITURE, 1 },
    { 0x0009,              ITEM_TYPE_CARPET, 1 },
    { 0x000A,              ITEM_TYPE_CARPET, 1 },
    { 0x000B,              ITEM_TYPE_WALLPAPER, 1 },
    { 0x000C,              ITEM_TYPE_WALLPAPER, 1 },
    { 0x000D,              ITEM_TYPE_SHIRT, 1 },
    { 0x000E,              ITEM_TYPE_SHIRT, 1 },
    { 0x0005,              ITEM_TYPE_FOSSIL, 1 },
    { 0x0007,              ITEM_TYPE_GYROID, 1 },
    { 0x0008,              ITEM_TYPE_UMBRELLA, 1 },
    { 0x0006,              ITEM_TYPE_AIR_CHECK, 1 },
    { 0x0004,              ITEM_TYPE_NES, 1 },
    { 0x0011,              ITEM_TYPE_TRASH, 1 },
};

/* Original address: 0x02034D8C */
OAMData sPlayerHandOamData[8][2] = {
    { ISLANDER_OAM(0x00F6, 0x41FE, 0x72DA, 0), ISLANDER_OAM(0, 0, 0, 0xFFFF) },
    { ISLANDER_OAM(0x00F6, 0x41FE, 0x72DC, 0), ISLANDER_OAM(0, 0, 0, 0xFFFF) },
    { ISLANDER_OAM(0x00F6, 0x41FE, 0x72DE, 0), ISLANDER_OAM(0, 0, 0, 0xFFFF) },
    { ISLANDER_OAM(0x00F6, 0x41FB, 0x731C, 0), ISLANDER_OAM(0, 0, 0, 0xFFFF) },
    { ISLANDER_OAM(0x00F6, 0x41F9, 0x731C, 0), ISLANDER_OAM(0, 0, 0, 0xFFFF) },
    { ISLANDER_OAM(0x00F5, 0x41F8, 0x731E, 0), ISLANDER_OAM(0, 0, 0, 0xFFFF) },
    { ISLANDER_OAM(0x00F4, 0x41F8, 0x731E, 0), ISLANDER_OAM(0, 0, 0, 0xFFFF) },
    { ISLANDER_OAM(0x00F4, 0x41F8, 0x731A, 0), ISLANDER_OAM(0, 0, 0, 0xFFFF) },
};

/* Original address: 0x02034E0C */
void (*sPlayerHandUpdateProcs[6])(void) = {
    PlayerHand_ResetToIdle,
    PlayerHand_UpdateIdle,
    PlayerHand_BeginCarrying,
    PlayerHand_UpdateCarrying,
    PlayerHand_BeginPlacing,
    PlayerHand_UpdatePlacing,
};

/* Original address: 0x02034E24 */
AnimFrameData sPlayerHandAnimFrames[11] = {
    { sPlayerHandOamData[0], 2, 0, 0 },
    { sPlayerHandOamData[1], 2, 0, 0 },
    { sPlayerHandOamData[2], 4, 0, 0 },
    { sPlayerHandOamData[2], 1, 0, 0 },
    { sPlayerHandOamData[3], 1, 0, 0 },
    { sPlayerHandOamData[4], 1, 0, 0 },
    { sPlayerHandOamData[5], 1, 0, 0 },
    { sPlayerHandOamData[6], 1, 0, 0 },
    { sPlayerHandOamData[6], 60, 0, 0 },
    { sPlayerHandOamData[7], 20, 0, 0 },
    { (OAMData *)0x0000FFFF, 0xFFFF, -1, 0 },
};

/* Original address: 0x02034E7C */
AnimFrameData* sPlayerHandIdleAnimation[8] = {
    &sPlayerHandAnimFrames[2], &sPlayerHandAnimFrames[0],
    &sPlayerHandAnimFrames[1], &sPlayerHandAnimFrames[2],
    &sPlayerHandAnimFrames[0], &sPlayerHandAnimFrames[1],
    &sPlayerHandAnimFrames[2], &sPlayerHandAnimFrames[10],
};

/* Original address: 0x02034E9C */
AnimFrameData* sPlayerHandCarryingAnimation[6] = {
    &sPlayerHandAnimFrames[3], &sPlayerHandAnimFrames[4],
    &sPlayerHandAnimFrames[5], &sPlayerHandAnimFrames[6],
    &sPlayerHandAnimFrames[7], &sPlayerHandAnimFrames[10],
};

/* Original address: 0x02034EB4 */
AnimFrameData* sPlayerHandPlacingAnimation[5] = {
    &sPlayerHandAnimFrames[7], &sPlayerHandAnimFrames[5],
    &sPlayerHandAnimFrames[4], &sPlayerHandAnimFrames[3],
    &sPlayerHandAnimFrames[10],
};

/* Original address: 0x02034EC8 */
AnimFrameData* sPlayerHandBlockedAnimation[3] = {
    &sPlayerHandAnimFrames[9], &sPlayerHandAnimFrames[8],
    &sPlayerHandAnimFrames[10],
};

/* Original address: 0x02034ED4 */
AnimFrameData** sPlayerHandAnimations[4] = {
    sPlayerHandIdleAnimation,
    sPlayerHandCarryingAnimation,
    sPlayerHandPlacingAnimation,
    sPlayerHandBlockedAnimation,
};

/* Original address: 0x02034EE4 */
u16 time_of_day_palettes[24 * 4] = {
    0x24E8, 0x0000, 0x3DEF, 0x1084, // 00:00
    0x24E8, 0x0000, 0x3DEF, 0x1084, // 01:00
    0x24E8, 0x0000, 0x3DEF, 0x1084, // 02:00
    0x24E8, 0x18A2, 0x4631, 0x2926, // 03:00
    0x24E8, 0x2505, 0x4E73, 0x3589, // 04:00
    0x24E8, 0x3148, 0x56B5, 0x41CC, // 05:00
    0x24E8, 0x3DAB, 0x6318, 0x4E2F, // 06:00
    0x24E8, 0x3DAC, 0x6B5A, 0x4E30, // 07:00
    0x24E8, 0x3DCD, 0x739C, 0x4E51, // 08:00
    0x24E8, 0x3DEF, 0x7FFF, 0x4E73, // 09:00
    0x24E8, 0x3DEF, 0x7FFF, 0x4E73, // 10:00
    0x24E8, 0x3DEF, 0x7FFF, 0x4E73, // 11:00
    0x24E8, 0x3DEF, 0x7FFF, 0x4E73, // 12:00
    0x24E8, 0x35EF, 0x7BDE, 0x4673, // 13:00
    0x24E8, 0x2DF0, 0x77BD, 0x3E74, // 14:00
    0x24E8, 0x2A11, 0x739C, 0x3A75, // 15:00
    0x24E8, 0x1530, 0x6B5A, 0x2594, // 16:00
    0x24E8, 0x000F, 0x6318, 0x1093, // 17:00
    0x24E8, 0x000A, 0x56B5, 0x108E, // 18:00
    0x4FFF, 0x0005, 0x4E73, 0x1089, // 19:00
    0x4FFF, 0x0000, 0x4631, 0x1084, // 20:00
    0x4FFF, 0x0000, 0x3DEF, 0x1084, // 21:00
    0x4FFF, 0x0000, 0x3DEF, 0x1084, // 22:00
    0x4FFF, 0x0000, 0x3DEF, 0x1084, // 23:00
};

/* Original address: 0x02034FA4 */
u8 gMsgTextData[2002] = {
    0x44, 0x6F, 0x20, 0x6E, 0x6F, 0x74, 0x20, 0x74,
    0x75, 0x72, 0x6E, 0x20, 0x74, 0x68, 0x65, 0x20,
    0x70, 0x6F, 0x77, 0x65, 0x72, 0x20, 0x6F, 0x66,
    0x66, 0x2E, 0xCD, 0x54, 0x6F, 0x20, 0x71, 0x75,
    0x69, 0x74, 0x20, 0x77, 0x69, 0x74, 0x68, 0x6F,
    0x75, 0x74, 0x20, 0x6C, 0x6F, 0x73, 0x69, 0x6E,
    0x67, 0x20, 0x79, 0x6F, 0x75, 0x72, 0xCD, 0x64,
    0x65, 0x73, 0x69, 0x67, 0x6E, 0x20, 0x64, 0x61,
    0x74, 0x61, 0x2C, 0x20, 0x70, 0x72, 0x65, 0x73,
    0x73, 0x20, 0x7F, 0x66, 0x0A, 0x06, 0x53, 0x45,
    0x4C, 0x45, 0x43, 0x54, 0xCD, 0x61, 0x6E, 0x64,
    0x20, 0x63, 0x68, 0x6F, 0x6F, 0x73, 0x65, 0x20,
    0x7F, 0x66, 0x0B, 0x0A, 0x53, 0x6C, 0x65, 0x65,
    0x70, 0x20, 0x4D, 0x6F, 0x64, 0x65, 0x2E, 0xCD,
    0x7F, 0x00, 0x54, 0x6F, 0x20, 0x73, 0x61, 0x76,
    0x65, 0x20, 0x79, 0x6F, 0x75, 0x72, 0x20, 0x63,
    0x6F, 0x6D, 0x70, 0x6C, 0x65, 0x74, 0x65, 0x64,
    0xCD, 0x64, 0x65, 0x73, 0x69, 0x67, 0x6E, 0x2C,
    0x20, 0x63, 0x6F, 0x6E, 0x6E, 0x65, 0x63, 0x74,
    0x20, 0x74, 0x6F, 0x20, 0x74, 0x68, 0x65, 0xCD,
    0x4E, 0x69, 0x6E, 0x74, 0x65, 0x6E, 0x64, 0x6F,
    0x20, 0x47, 0x61, 0x6D, 0x65, 0x43, 0x75, 0x62,
    0x65, 0x20, 0x61, 0x6E, 0x64, 0xCD, 0x67, 0x65,
    0x74, 0x20, 0x69, 0x74, 0x20, 0x74, 0x68, 0x65,
    0x20, 0x74, 0x61, 0x69, 0x6C, 0x6F, 0x72, 0x20,
    0x73, 0x68, 0x6F, 0x70, 0x2E, 0xCD, 0x7F, 0x04,
    0x7F, 0x02, 0x57, 0x68, 0x65, 0x72, 0x65, 0x20,
    0x77, 0x6F, 0x75, 0x6C, 0x64, 0x20, 0x79, 0x6F,
    0x75, 0x20, 0x6C, 0x69, 0x6B, 0x65, 0xCD, 0x74,
    0x6F, 0x20, 0x73, 0x61, 0x76, 0x65, 0x20, 0x79,
    0x6F, 0x75, 0x72, 0x20, 0x64, 0x65, 0x73, 0x69,
    0x67, 0x6E, 0x3F, 0xCD, 0x7F, 0x00, 0xCD, 0x45,
    0x6E, 0x74, 0x65, 0x72, 0x20, 0x61, 0x20, 0x6E,
    0x61, 0x6D, 0x65, 0x20, 0x66, 0x6F, 0x72, 0xCD,
    0x74, 0x68, 0x69, 0x73, 0x20, 0x64, 0x65, 0x73,
    0x69, 0x67, 0x6E, 0x2E, 0xCD, 0x7F, 0x00, 0x7F,
    0x68, 0x7F, 0x65, 0x0D, 0x54, 0x72, 0x61, 0x6E,
    0x73, 0x6D, 0x69, 0x74, 0x74, 0x69, 0x6E, 0x67,
    0x20, 0x64, 0x61, 0x74, 0x61, 0x2E, 0x2E, 0x2E,
    0xCD, 0x7F, 0x68, 0x7F, 0x65, 0x0D, 0x44, 0x6F,
    0x20, 0x6E, 0x6F, 0x74, 0x20, 0x72, 0x65, 0x6D,
    0x6F, 0x76, 0x65, 0x20, 0x74, 0x68, 0x65, 0x20,
    0x63, 0x61, 0x62, 0x6C, 0x65, 0x21, 0xCD, 0x7F,
    0x68, 0x7F, 0x65, 0x0D, 0x44, 0x6F, 0x20, 0x6E,
    0x6F, 0x74, 0x20, 0x74, 0x75, 0x72, 0x6E, 0x20,
    0x74, 0x68, 0x65, 0x20, 0x70, 0x6F, 0x77, 0x65,
    0x72, 0x20, 0x4F, 0x46, 0x46, 0x21, 0xCD, 0x7F,
    0x00, 0x7F, 0x69, 0x7F, 0x68, 0x7F, 0x67, 0x0D,
    0x54, 0x72, 0x61, 0x64, 0x65, 0x20, 0x69, 0x73,
    0x6C, 0x61, 0x6E, 0x64, 0x73, 0x3F, 0xCD, 0xCD,
    0x7F, 0x67, 0x28, 0x7F, 0x6D, 0x03, 0x59, 0x65,
    0x73, 0x7F, 0x67, 0x1B, 0x7F, 0x6E, 0x02, 0x4E,
    0x6F, 0x7F, 0x6B, 0x7F, 0x70, 0x02, 0x7F, 0x0F,
    0x00, 0x05, 0xCD, 0x7F, 0x01, 0x55, 0x73, 0x65,
    0x20, 0x74, 0x68, 0x65, 0x20, 0x7F, 0x66, 0x09,
    0x10, 0x47, 0x61, 0x6D, 0x65, 0x20, 0x42, 0x6F,
    0x79, 0x20, 0x41, 0x64, 0x76, 0x61, 0x6E, 0x63,
    0x65, 0xCD, 0x7F, 0x65, 0x09, 0x47, 0x61, 0x6D,
    0x65, 0x20, 0x4C, 0x69, 0x6E, 0x6B, 0x20, 0x63,
    0x61, 0x62, 0x6C, 0x65, 0xCD, 0x74, 0x6F, 0x20,
    0x63, 0x6F, 0x6E, 0x6E, 0x65, 0x63, 0x74, 0x20,
    0x79, 0x6F, 0x75, 0x72, 0x20, 0x7F, 0x66, 0x09,
    0x08, 0x47, 0x61, 0x6D, 0x65, 0x20, 0x42, 0x6F,
    0x79, 0xCD, 0x7F, 0x66, 0x09, 0x07, 0x41, 0x64,
    0x76, 0x61, 0x6E, 0x63, 0x65, 0x20, 0x73, 0x79,
    0x73, 0x74, 0x65, 0x6D, 0x73, 0x2E, 0x7F, 0x04,
    0x7F, 0x0E, 0x00, 0x06, 0xCD, 0x7F, 0x01, 0xCD,
    0x50, 0x72, 0x65, 0x73, 0x73, 0x20, 0x74, 0x68,
    0x65, 0x20, 0x7F, 0x66, 0x0E, 0x08, 0x41, 0x20,
    0x42, 0x75, 0x74, 0x74, 0x6F, 0x6E, 0xCD, 0x77,
    0x68, 0x65, 0x6E, 0x20, 0x79, 0x6F, 0x75, 0x27,
    0x72, 0x65, 0x20, 0x72, 0x65, 0x61, 0x64, 0x79,
    0x2E, 0x7F, 0x04, 0xCD, 0x7F, 0x01, 0x7F, 0x65,
    0x0D, 0x54, 0x72, 0x61, 0x64, 0x69, 0x6E, 0x67,
    0x20, 0x69, 0x73, 0x6C, 0x61, 0x6E, 0x64, 0x20,
    0x64, 0x61, 0x74, 0x61, 0x2E, 0x2E, 0x2E, 0xCD,
    0x7F, 0x65, 0x0D, 0x44, 0x6F, 0x20, 0x6E, 0x6F,
    0x74, 0x20, 0x64, 0x69, 0x73, 0x63, 0x6F, 0x6E,
    0x6E, 0x65, 0x63, 0x74, 0x20, 0x74, 0x68, 0x65,
    0xCD, 0x7F, 0x65, 0x0D, 0x63, 0x61, 0x62, 0x6C,
    0x65, 0x21, 0x20, 0x44, 0x6F, 0x20, 0x6E, 0x6F,
    0x74, 0x20, 0x74, 0x75, 0x72, 0x6E, 0x20, 0x79,
    0x6F, 0x75, 0x72, 0xCD, 0x7F, 0x65, 0x0D, 0x7F,
    0x66, 0x09, 0x10, 0x47, 0x61, 0x6D, 0x65, 0x20,
    0x42, 0x6F, 0x79, 0x20, 0x41, 0x64, 0x76, 0x61,
    0x6E, 0x63, 0x65, 0x20, 0x6F, 0x66, 0x66, 0x21,
    0xCD, 0x7F, 0x01, 0x54, 0x68, 0x65, 0x20, 0x73,
    0x79, 0x73, 0x74, 0x65, 0x6D, 0x73, 0x20, 0x61,
    0x72, 0x65, 0x20, 0x6E, 0x6F, 0x74, 0xCD, 0x63,
    0x6F, 0x6E, 0x6E, 0x65, 0x63, 0x74, 0x65, 0x64,
    0x20, 0x70, 0x72, 0x6F, 0x70, 0x65, 0x72, 0x6C,
    0x79, 0x2E, 0x20, 0x50, 0x6C, 0x65, 0x61, 0x73,
    0x65, 0xCD, 0x63, 0x68, 0x65, 0x63, 0x6B, 0x20,
    0x74, 0x68, 0x65, 0x20, 0x63, 0x6F, 0x6E, 0x6E,
    0x65, 0x63, 0x74, 0x69, 0x6F, 0x6E, 0x73, 0x20,
    0x61, 0x6E, 0x64, 0xCD, 0x74, 0x72, 0x79, 0x20,
    0x61, 0x67, 0x61, 0x69, 0x6E, 0x2E, 0x7F, 0x04,
    0xCD, 0x7F, 0x01, 0x7F, 0x68, 0x54, 0x68, 0x61,
    0x6E, 0x6B, 0x20, 0x79, 0x6F, 0x75, 0x20, 0x66,
    0x6F, 0x72, 0x20, 0x77, 0x61, 0x69, 0x74, 0x69,
    0x6E, 0x67, 0x2E, 0xCD, 0x7F, 0x68, 0xCD, 0x7F,
    0x68, 0x54, 0x68, 0x65, 0x20, 0x74, 0x72, 0x61,
    0x64, 0x65, 0x20, 0x69, 0x73, 0x20, 0x63, 0x6F,
    0x6D, 0x70, 0x6C, 0x65, 0x74, 0x65, 0x2E, 0xCD,
    0x7F, 0x00, 0x54, 0x68, 0x65, 0x20, 0x74, 0x72,
    0x61, 0x64, 0x65, 0x20, 0x77, 0x61, 0x73, 0x20,
    0x63, 0x61, 0x6E, 0x63, 0x65, 0x6C, 0x65, 0x64,
    0x2E, 0xCD, 0x50, 0x6C, 0x65, 0x61, 0x73, 0x65,
    0x20, 0x73, 0x74, 0x61, 0x72, 0x74, 0x20, 0x74,
    0x68, 0x65, 0x20, 0x74, 0x72, 0x61, 0x64, 0x65,
    0xCD, 0x61, 0x67, 0x61, 0x69, 0x6E, 0x20, 0x66,
    0x72, 0x6F, 0x6D, 0x20, 0x74, 0x68, 0x65, 0x20,
    0x62, 0x65, 0x67, 0x69, 0x6E, 0x6E, 0x69, 0x6E,
    0x67, 0x2E, 0x7F, 0x04, 0xCD, 0x7F, 0x01, 0x7F,
    0x65, 0x0D, 0x54, 0x72, 0x61, 0x6E, 0x73, 0x6D,
    0x69, 0x74, 0x74, 0x69, 0x6E, 0x67, 0x20, 0x64,
    0x61, 0x74, 0x61, 0x2E, 0x2E, 0x2E, 0xCD, 0x7F,
    0x65, 0x0D, 0x44, 0x6F, 0x20, 0x6E, 0x6F, 0x74,
    0x20, 0x64, 0x69, 0x73, 0x63, 0x6F, 0x6E, 0x6E,
    0x65, 0x63, 0x74, 0x20, 0x74, 0x68, 0x65, 0xCD,
    0x7F, 0x65, 0x0D, 0x63, 0x61, 0x62, 0x6C, 0x65,
    0x21, 0x20, 0x44, 0x6F, 0x20, 0x6E, 0x6F, 0x74,
    0x20, 0x74, 0x75, 0x72, 0x6E, 0x20, 0x79, 0x6F,
    0x75, 0x72, 0xCD, 0x7F, 0x65, 0x0D, 0x7F, 0x66,
    0x09, 0x10, 0x47, 0x61, 0x6D, 0x65, 0x20, 0x42,
    0x6F, 0x79, 0x20, 0x41, 0x64, 0x76, 0x61, 0x6E,
    0x63, 0x65, 0x20, 0x6F, 0x66, 0x66, 0x21, 0xCD,
    0x7F, 0x01, 0x41, 0x6E, 0x20, 0x65, 0x72, 0x72,
    0x6F, 0x72, 0x20, 0x68, 0x61, 0x73, 0x20, 0x6F,
    0x63, 0x63, 0x75, 0x72, 0x72, 0x65, 0x64, 0x2E,
    0xCD, 0x50, 0x6C, 0x65, 0x61, 0x73, 0x65, 0x20,
    0x63, 0x68, 0x65, 0x63, 0x6B, 0x20, 0x74, 0x68,
    0x65, 0xCD, 0x63, 0x61, 0x62, 0x6C, 0x65, 0x20,
    0x63, 0x6F, 0x6E, 0x6E, 0x65, 0x63, 0x74, 0x69,
    0x6F, 0x6E, 0x73, 0x2E, 0x7F, 0x04, 0xCD, 0x7F,
    0x01, 0xCD, 0x7F, 0x68, 0x54, 0x72, 0x61, 0x6E,
    0x73, 0x6D, 0x69, 0x73, 0x73, 0x69, 0x6F, 0x6E,
    0x20, 0x63, 0x6F, 0x6D, 0x70, 0x6C, 0x65, 0x74,
    0x65, 0x2E, 0xCD, 0x7F, 0x00, 0xCD, 0x44, 0x61,
    0x74, 0x61, 0x20, 0x74, 0x72, 0x61, 0x6E, 0x73,
    0x6D, 0x69, 0x73, 0x73, 0x69, 0x6F, 0x6E, 0xCD,
    0x63, 0x61, 0x6E, 0x63, 0x65, 0x6C, 0x65, 0x64,
    0x2E, 0x7F, 0x04, 0xCD, 0x7F, 0x01, 0xCD, 0x7F,
    0x68, 0x7F, 0x65, 0x0D, 0x50, 0x6C, 0x65, 0x61,
    0x73, 0x65, 0x20, 0x77, 0x61, 0x69, 0x74, 0x20,
    0x61, 0x20, 0x6D, 0x6F, 0x6D, 0x65, 0x6E, 0x74,
    0x2E, 0x2E, 0x2E, 0xCD, 0xCD, 0x7F, 0x01, 0xCD,
    0x54, 0x68, 0x65, 0x20, 0x6F, 0x74, 0x68, 0x65,
    0x72, 0x20, 0x73, 0x79, 0x73, 0x74, 0x65, 0x6D,
    0x20, 0x69, 0x73, 0xCD, 0x6E, 0x6F, 0x74, 0x20,
    0x72, 0x65, 0x73, 0x70, 0x6F, 0x6E, 0x64, 0x69,
    0x6E, 0x67, 0x2E, 0x7F, 0x04, 0xCD, 0x7F, 0x01,
    0x7F, 0x69, 0x7F, 0x68, 0x44, 0x6F, 0x20, 0x79,
    0x6F, 0x75, 0x20, 0x77, 0x61, 0x6E, 0x74, 0x20,
    0x74, 0x6F, 0x20, 0x74, 0x72, 0x79, 0x20, 0x61,
    0x67, 0x61, 0x69, 0x6E, 0x3F, 0xCD, 0x7F, 0x68,
    0xCD, 0x7F, 0x68, 0x7F, 0x67, 0x28, 0x7F, 0x6D,
    0x03, 0x59, 0x65, 0x73, 0x7F, 0x67, 0x1B, 0x7F,
    0x6E, 0x02, 0x4E, 0x6F, 0x7F, 0x6B, 0x7F, 0x70,
    0x02, 0x7F, 0x0F, 0x00, 0x05, 0xCD, 0x7F, 0x01,
    0x50, 0x6C, 0x65, 0x61, 0x73, 0x65, 0x20, 0x72,
    0x65, 0x6D, 0x6F, 0x76, 0x65, 0x20, 0x74, 0x68,
    0x65, 0xCD, 0x7F, 0x66, 0x09, 0x15, 0x47, 0x61,
    0x6D, 0x65, 0x20, 0x42, 0x6F, 0x79, 0x20, 0x41,
    0x64, 0x76, 0x61, 0x6E, 0x63, 0x65, 0x20, 0x47,
    0x61, 0x6D, 0x65, 0xCD, 0x7F, 0x66, 0x09, 0x0A,
    0x4C, 0x69, 0x6E, 0x6B, 0x20, 0x63, 0x61, 0x62,
    0x6C, 0x65, 0x2E, 0xCD, 0x7F, 0x00, 0xCD, 0x7F,
    0x68, 0x54, 0x72, 0x61, 0x6E, 0x73, 0x6D, 0x69,
    0x73, 0x73, 0x69, 0x6F, 0x6E, 0x20, 0x63, 0x6F,
    0x6D, 0x70, 0x6C, 0x65, 0x74, 0x65, 0x2E, 0xCD,
    0x7F, 0x00, 0xCD, 0x44, 0x61, 0x74, 0x61, 0x20,
    0x74, 0x72, 0x61, 0x6E, 0x73, 0x6D, 0x69, 0x73,
    0x73, 0x69, 0x6F, 0x6E, 0xCD, 0x63, 0x61, 0x6E,
    0x63, 0x65, 0x6C, 0x65, 0x64, 0x2E, 0xCD, 0x7F,
    0x00, 0x7F, 0x69, 0x7F, 0x68, 0x45, 0x6E, 0x61,
    0x62, 0x6C, 0x65, 0x20, 0x7F, 0x66, 0x0B, 0x0A,
    0x53, 0x6C, 0x65, 0x65, 0x70, 0x20, 0x4D, 0x6F,
    0x64, 0x65, 0x3F, 0xCD, 0xCD, 0x7F, 0x67, 0x28,
    0x7F, 0x6D, 0x03, 0x59, 0x65, 0x73, 0x7F, 0x67,
    0x1B, 0x7F, 0x6E, 0x02, 0x4E, 0x6F, 0x7F, 0x6B,
    0x7F, 0x70, 0x02, 0x7F, 0x0F, 0x00, 0x16, 0xCD,
    0x7F, 0x01, 0x54, 0x6F, 0x20, 0x64, 0x69, 0x73,
    0x61, 0x62, 0x6C, 0x65, 0x20, 0x7F, 0x66, 0x0B,
    0x0A, 0x53, 0x6C, 0x65, 0x65, 0x70, 0x20, 0x4D,
    0x6F, 0x64, 0x65, 0x2C, 0xCD, 0x70, 0x72, 0x65,
    0x73, 0x73, 0x20, 0x74, 0x68, 0x65, 0x20, 0x7F,
    0x66, 0x0A, 0x08, 0x4C, 0x20, 0x42, 0x75, 0x74,
    0x74, 0x6F, 0x6E, 0x20, 0x61, 0x6E, 0x64, 0xCD,
    0x7F, 0x66, 0x0A, 0x06, 0x53, 0x45, 0x4C, 0x45,
    0x43, 0x54, 0x20, 0x73, 0x69, 0x6D, 0x75, 0x6C,
    0x74, 0x61, 0x6E, 0x65, 0x6F, 0x75, 0x73, 0x6C,
    0x79, 0x2E, 0x7F, 0x04, 0xCD, 0x7F, 0x01, 0x7F,
    0x69, 0x7F, 0x68, 0x44, 0x69, 0x73, 0x61, 0x62,
    0x6C, 0x65, 0x20, 0x7F, 0x66, 0x0B, 0x0A, 0x53,
    0x6C, 0x65, 0x65, 0x70, 0x20, 0x4D, 0x6F, 0x64,
    0x65, 0x3F, 0xCD, 0xCD, 0x7F, 0x67, 0x28, 0x7F,
    0x6D, 0x03, 0x59, 0x65, 0x73, 0x7F, 0x67, 0x1B,
    0x7F, 0x6E, 0x02, 0x4E, 0x6F, 0x7F, 0x6B, 0x7F,
    0x70, 0x01, 0xCD, 0x7F, 0x01, 0x7F, 0x67, 0x28,
    0x7F, 0x66, 0x07, 0x03, 0x59, 0x65, 0x73, 0x7F,
    0x67, 0x1B, 0x7F, 0x66, 0x07, 0x02, 0x4E, 0x6F,
    0xCD, 0x7F, 0x00, 0x7F, 0x69, 0x7F, 0x66, 0x0E,
    0x0B, 0x49, 0x73, 0x20, 0x74, 0x68, 0x69, 0x73,
    0x20, 0x4F, 0x4B, 0x3F, 0xCD, 0x7F, 0x67, 0x21,
    0x7F, 0x6D, 0x03, 0x59, 0x65, 0x73, 0xCD, 0x7F,
    0x67, 0x21, 0x7F, 0x6E, 0x08, 0x52, 0x65, 0x64,
    0x65, 0x73, 0x69, 0x67, 0x6E, 0xCD, 0x7F, 0x67,
    0x21, 0x7F, 0x6F, 0x0C, 0x54, 0x68, 0x72, 0x6F,
    0x77, 0x20, 0x69, 0x74, 0x20, 0x6F, 0x75, 0x74,
    0x7F, 0x6C, 0x7F, 0x70, 0x02, 0x7F, 0x0F, 0x00,
    0x02, 0xCD, 0x7F, 0x00, 0x7F, 0x68, 0x59, 0x6F,
    0x75, 0x20, 0x63, 0x61, 0x6E, 0x27, 0x74, 0x20,
    0x75, 0x73, 0x65, 0x20, 0x74, 0x68, 0x65, 0x20,
    0x7F, 0x66, 0x09, 0x04, 0x47, 0x61, 0x6D, 0x65,
    0xCD, 0x7F, 0x68, 0x7F, 0x66, 0x09, 0x0B, 0x42,
    0x6F, 0x79, 0x20, 0x41, 0x64, 0x76, 0x61, 0x6E,
    0x63, 0x65, 0x20, 0x69, 0x73, 0x6C, 0x61, 0x6E,
    0x64, 0x20, 0x6F, 0x6E, 0x20, 0x74, 0x68, 0x65,
    0xCD, 0x7F, 0x68, 0x7F, 0x66, 0x09, 0x11, 0x4E,
    0x69, 0x6E, 0x74, 0x65, 0x6E, 0x64, 0x6F, 0x20,
    0x47, 0x61, 0x6D, 0x65, 0x43, 0x75, 0x62, 0x65,
    0x20, 0x69, 0x73, 0x6C, 0x61, 0x6E, 0x64, 0x2E,
    0x7F, 0x04, 0x7F, 0x0E, 0x00, 0x1B, 0xCD, 0x7F,
    0x01, 0x59, 0x6F, 0x75, 0x20, 0x6D, 0x61, 0x79,
    0x20, 0x74, 0x75, 0x72, 0x6E, 0x20, 0x74, 0x68,
    0x65, 0x20, 0x70, 0x6F, 0x77, 0x65, 0x72, 0xCD,
    0x6F, 0x66, 0x66, 0x2C, 0x20, 0x62, 0x75, 0x74,
    0x20, 0x62, 0x65, 0x20, 0x73, 0x75, 0x72, 0x65,
    0x20, 0x74, 0x6F, 0x20, 0x74, 0x75, 0x72, 0x6E,
    0xCD, 0x79, 0x6F, 0x75, 0x72, 0x20, 0x7F, 0x66,
    0x09, 0x04, 0x47, 0x61, 0x6D, 0x65, 0x20, 0x7F,
    0x66, 0x09, 0x0B, 0x42, 0x6F, 0x79, 0x20, 0x41,
    0x64, 0x76, 0x61, 0x6E, 0x63, 0x65, 0x20, 0x6F,
    0x6E, 0xCD, 0x77, 0x68, 0x65, 0x6E, 0x20, 0x79,
    0x6F, 0x75, 0x20, 0x77, 0x61, 0x6E, 0x74, 0x20,
    0x74, 0x6F, 0x20, 0x6C, 0x65, 0x61, 0x76, 0x65,
    0x2E, 0xCD, 0x7F, 0x00, 0xCD, 0x7F, 0x68, 0x7F,
    0x66, 0x0D, 0x15, 0x54, 0x72, 0x61, 0x6E, 0x73,
    0x6D, 0x69, 0x73, 0x73, 0x69, 0x6F, 0x6E, 0x20,
    0x63, 0x6F, 0x6D, 0x70, 0x6C, 0x65, 0x74, 0x65,
    0x2E, 0xCD, 0x7F, 0x00, 0x7F, 0x67, 0x21, 0x7F,
    0x66, 0x09, 0x03, 0x59, 0x65, 0x73, 0xCD, 0x7F,
    0x67, 0x21, 0x7F, 0x66, 0x09, 0x08, 0x52, 0x65,
    0x64, 0x65, 0x73, 0x69, 0x67, 0x6E, 0xCD, 0x7F,
    0x67, 0x21, 0x7F, 0x66, 0x09, 0x0C, 0x54, 0x68,
    0x72, 0x6F, 0x77, 0x20, 0x69, 0x74, 0x20, 0x6F,
    0x75, 0x74, 0xCD, 0x7F, 0x00, 0xCD, 0x7F, 0x68,
    0x7F, 0x66, 0x0D, 0x0B, 0x43, 0x68, 0x65, 0x63,
    0x6B, 0x69, 0x6E, 0x67, 0x2E, 0x2E, 0x2E, 0xCD,
    0x7F, 0x01
};

/* Original address: 0x02035776 */
u8 sData_02035776[2] __attribute__((section(".data"))) = { 0 };

/* Original address: 0x02035778 */
u32 sMsgOffsets[31] = {
    0x72000000,
    0xFE000000,
    0x1F010000,
    0x79010000,
    0xAD010000,
    0x17020000,
    0x46020000,
    0xB3020000,
    0x0B030000,
    0x42030000,
    0x8F030000,
    0xFA030000,
    0x39040000,
    0x55040000,
    0x76040000,
    0x97040000,
    0xC0040000,
    0x00050000,
    0x3E050000,
    0x5A050000,
    0x79050000,
    0xB2050000,
    0x07060000,
    0x3D060000,
    0x53060000,
    0x9C060000,
    0x01070000,
    0x6C070000,
    0x8C070000,
    0xBD070000,
    0xD2070000,
};

/* Original address: 0x020357F4 */
u16 sBgPalettes[16][16] = {
    {0x5105, 0x2ECB, 0x36C6, 0x4266, 0x3604, 0x471D, 0x42BA, 0x3E58, 0x39F5, 0x3192, 0x2D50, 0x7BBA, 0x6AD3, 0x5DEC, 0x323A, 0x29D7},
    {0x5105, 0x2ECB, 0x36C6, 0x4266, 0x3604, 0x2698, 0x2256, 0x2214, 0x29F2, 0x29B0, 0x6F59, 0x66D5, 0x5A71, 0x49CC, 0x0000, 0x0000},
    {0x5105, 0x2ECB, 0x36C6, 0x4266, 0x3604, 0x4F19, 0x42D7, 0x3A75, 0x3212, 0x2DF0, 0x7BBA, 0x7336, 0x6AD3, 0x664F, 0x5DEC, 0x5568},
    {0x5105, 0x2ECB, 0x36C6, 0x4266, 0x3604, 0x4F3C, 0x3A9A, 0x3237, 0x29F5, 0x2593, 0x252F, 0x4722, 0x47A4, 0x2AA2, 0x2326, 0x1BAA},
    {0x48C4, 0x2B94, 0x1EED, 0x3225, 0x7FDD, 0x766C, 0x4A1F, 0x0D3F, 0x003B, 0x0013, 0x02BF, 0x2537, 0x4B7F, 0x027B, 0x1555, 0x41AA},
    {0x513F, 0x2B94, 0x1EED, 0x3225, 0x7D97, 0x7BBF, 0x037F, 0x77DF, 0x4F1D, 0x3657, 0x02BF, 0x256F, 0x001F, 0x3E7B, 0x31F7, 0x212D},
    {0x7EAA, 0x2B94, 0x1EED, 0x3225, 0x037F, 0x24E8, 0x7EE8, 0x1BBF, 0x0F1F, 0x19B6, 0x0EBF, 0x1E3D, 0x192E, 0x41F0, 0x65A0, 0x6F7B},
    {0x0000, 0x4E73, 0x6319, 0x7FFF, 0x77BD, 0x737B, 0x216A, 0x6ED2, 0x7442, 0x7E85, 0x0360, 0x513F, 0x10BB, 0x01FC, 0x4667, 0x56B6},
    {0x0000, 0x24E8, 0x3DEF, 0x7FFF, 0x4E73, 0x2AD4, 0x2272, 0x19EF, 0x0D6B, 0x4698, 0x4F3C, 0x369B, 0x2DD6, 0x2192, 0x3568, 0x35F2},
    {0x0000, 0x24E8, 0x3DEF, 0x7FFF, 0x4E73, 0x4639, 0x39D6, 0x2D72, 0x21B0, 0x4AB7, 0x5B3B, 0x42FB, 0x3277, 0x2614, 0x3988, 0x3E12},
    {0x0000, 0x5CE3, 0x3DEF, 0x662B, 0x662B, 0x7735, 0x7FFF, 0x6739, 0x5EF7, 0x5294, 0x4631, 0x65AA, 0x6168, 0x6146, 0x5D04, 0x5CE3},
    {0x0D3F, 0x2BB7, 0x12EE, 0x3204, 0x7FFF, 0x7E6F, 0x5EBF, 0x0D3F, 0x003B, 0x0013, 0x037F, 0x421F, 0x4FBF, 0x02BB, 0x1555, 0x4D87},
    {0x5105, 0x2ECB, 0x36C6, 0x4266, 0x3604, 0x035D, 0x0E9D, 0x0D3D, 0x69C7, 0x69C7, 0x6A2C, 0x6A91, 0x6B17, 0x62D5, 0x5A93, 0x69C7},
    {0x5105, 0x2ECB, 0x36C6, 0x4266, 0x3604, 0x4639, 0x2D71, 0x331D, 0x32B9, 0x2615, 0x5B3B, 0x4275, 0x3A9A, 0x3216, 0x29D3, 0x5105},
    {0x5105, 0x2ECB, 0x36C6, 0x4266, 0x3604, 0x471D, 0x42BA, 0x3E58, 0x39F5, 0x2DC3, 0x2582, 0x6B38, 0x69C7, 0x6186, 0x5D66, 0x5525},
    {0x481F, 0x7FFF, 0x2EB9, 0x25D2, 0x2636, 0x1D6E, 0x1D2A, 0x42FB, 0x637D, 0x2614, 0x3B75, 0x3B9F, 0x333C, 0x2E92, 0x3F4C, 0x0000},
};

/* Original address: 0x020359F4 */
u8 sInitialObjPalette[512] = {
    0xED, 0x1E, 0x1D, 0x47, 0xBA, 0x42, 0x58, 0x3E, 0xF5, 0x39, 0x92, 0x31, 0x50, 0x2D, 0xA0, 0x39,
    0x20, 0x32, 0x80, 0x2A, 0xC2, 0x2A, 0x06, 0x23, 0x6A, 0x1B, 0xE0, 0x46, 0x22, 0x4B, 0x84, 0x4B,
    0x18, 0x63, 0xBF, 0x33, 0x3B, 0x2B, 0xB7, 0x22, 0x33, 0x22, 0x00, 0x00, 0x02, 0x56, 0xC1, 0x4D,
    0x60, 0x45, 0xFF, 0x7F, 0xD0, 0x42, 0xFC, 0x32, 0x3F, 0x3A, 0x9D, 0x25, 0x59, 0x1D, 0xE7, 0x45,
    0x8C, 0x31, 0xDD, 0x7F, 0x57, 0x6F, 0xB1, 0x5E, 0xCC, 0x45, 0xFD, 0x42, 0xD7, 0x29, 0x3F, 0x1D,
    0xF7, 0x18, 0xBA, 0x7B, 0x15, 0x73, 0x91, 0x6A, 0x0D, 0x62, 0x89, 0x59, 0xFF, 0x1F, 0x3F, 0x17,
    0x00, 0x00, 0xFD, 0x2A, 0x9B, 0x22, 0x19, 0x1E, 0xD5, 0x1D, 0x92, 0x19, 0xD4, 0x2A, 0x72, 0x22,
    0xEF, 0x19, 0x7E, 0x3B, 0x3D, 0x33, 0xDB, 0x2A, 0x78, 0x22, 0x15, 0x2A, 0x00, 0x00, 0x00, 0x00,
    0xC4, 0x48, 0x94, 0x2B, 0xED, 0x1E, 0x25, 0x32, 0xDD, 0x7F, 0x6C, 0x76, 0x1F, 0x4A, 0x3F, 0x0D,
    0x3B, 0x00, 0x13, 0x00, 0xBF, 0x02, 0x37, 0x25, 0x7F, 0x4B, 0x7B, 0x02, 0x55, 0x15, 0xAA, 0x41,
    0x3F, 0x51, 0x94, 0x2B, 0xED, 0x1E, 0x25, 0x32, 0x97, 0x7D, 0xBF, 0x7B, 0x7F, 0x03, 0xDF, 0x77,
    0x1D, 0x4F, 0x57, 0x36, 0xBF, 0x02, 0x6F, 0x25, 0x1F, 0x00, 0x7B, 0x3E, 0xF7, 0x31, 0x2D, 0x21,
    0xAA, 0x7E, 0x94, 0x2B, 0xED, 0x1E, 0x25, 0x32, 0x7F, 0x03, 0xE8, 0x24, 0xE8, 0x7E, 0xBF, 0x1B,
    0x1F, 0x0F, 0xB6, 0x19, 0xBF, 0x0E, 0x3D, 0x1E, 0x2E, 0x19, 0xF0, 0x41, 0xA0, 0x65, 0x7B, 0x6F,
    0x1F, 0x7C, 0xFF, 0x03, 0x3F, 0x03, 0xBF, 0x02, 0xFF, 0x7F, 0x1F, 0x00, 0x00, 0x7C, 0xFF, 0x5E,
    0x11, 0x00, 0xA0, 0x02, 0x74, 0x7F, 0xFF, 0x7F, 0x5A, 0x6B, 0xBD, 0x77, 0x6B, 0x2D, 0xB6, 0x56,
    0x00, 0x00, 0xDF, 0x67, 0x9F, 0x1F, 0x1E, 0x03, 0x7C, 0x02, 0x9F, 0x1D, 0x37, 0x19, 0x3F, 0x03,
    0xBF, 0x02, 0xBA, 0x7B, 0x15, 0x73, 0x91, 0x6A, 0x6C, 0x35, 0xE8, 0x24, 0x6C, 0x35, 0xE8, 0x24,
    0x00, 0x00, 0x00, 0x00, 0x00, 0x00, 0x00, 0x00, 0x00, 0x00, 0x00, 0x00, 0x00, 0x00, 0x00, 0x00,
    0x00, 0x00, 0x00, 0x00, 0x00, 0x00, 0x00, 0x00, 0x00, 0x00, 0x00, 0x00, 0x00, 0x00, 0x00, 0x00,
    0x00, 0x00, 0x00, 0x00, 0x00, 0x00, 0x00, 0x00, 0x00, 0x00, 0x00, 0x00, 0x00, 0x00, 0x00, 0x00,
    0x00, 0x00, 0x00, 0x00, 0x00, 0x00, 0x00, 0x00, 0x00, 0x00, 0x00, 0x00, 0x00, 0x00, 0x00, 0x00,
    0x8C, 0x31, 0x1D, 0x47, 0xBA, 0x42, 0x58, 0x3E, 0xF5, 0x39, 0x92, 0x31, 0x50, 0x2D, 0xA0, 0x39,
    0x20, 0x32, 0xA0, 0x2A, 0xE2, 0x2A, 0x46, 0x23, 0xAA, 0x1B, 0xE0, 0x42, 0x42, 0x47, 0xA4, 0x47,
    0x00, 0x00, 0x00, 0x00, 0x00, 0x00, 0x00, 0x00, 0x00, 0x00, 0x00, 0x00, 0x00, 0x00, 0x00, 0x00,
    0x00, 0x00, 0x00, 0x00, 0x00, 0x00, 0x00, 0x00, 0x00, 0x00, 0x00, 0x00, 0x00, 0x00, 0x00, 0x00,
    0xDE, 0x7B, 0x80, 0x16, 0x01, 0x11, 0x81, 0x19, 0xC3, 0x15, 0xDE, 0x1F, 0xBA, 0x6B, 0x0F, 0x43,
    0x87, 0x15, 0x0C, 0x1A, 0x43, 0x11, 0x16, 0x1F, 0x86, 0x1A, 0x25, 0x1A, 0x70, 0x1A, 0x00, 0x00,
    0x00, 0x00, 0x1F, 0x00, 0x19, 0x00, 0x60, 0x7D, 0xA0, 0x7C, 0xFF, 0x03, 0xBF, 0x4F, 0xBF, 0x02,
    0x1F, 0x00, 0x39, 0x67, 0xF7, 0x5E, 0x94, 0x52, 0x31, 0x46, 0x60, 0x64, 0xA0, 0x7C, 0xFF, 0x7F,
    0x00, 0x00, 0x19, 0x00, 0x13, 0x00, 0xA0, 0x7C, 0x60, 0x64, 0xEC, 0x03, 0xBF, 0x4F, 0xBF, 0x02,
    0xFE, 0x36, 0x1F, 0x7C, 0x15, 0x54, 0xFF, 0x7F, 0x1F, 0x00, 0xE0, 0x01, 0x40, 0x03, 0x59, 0x6B,
};

/* Original address: 0x02035BF4 */
u8 sSoundBank[28] = {
    0xD4, 0x68, 0x03, 0x02, 0x54, 0x64, 0x03, 0x02, 0x38, 0x93, 0x03, 0x02, 0x30, 0x61, 0x03, 0x02,
    0xBC, 0x68, 0x03, 0x02, 0xC4, 0x68, 0x03, 0x02, 0x28, 0x61, 0x03, 0x02,
};

/* Original address: 0x02035C10 */
u8 sSoundEffectTable[172] = {
    0x00, 0x00, 0x00, 0x00, 0x01, 0x00, 0x00, 0x00, 0x02, 0x00, 0x00, 0x00, 0x03, 0x00, 0x00, 0x00,
    0x04, 0x00, 0x00, 0x00, 0x05, 0x00, 0x00, 0x00, 0x06, 0x00, 0x00, 0x00, 0x07, 0x00, 0x00, 0x00,
    0x08, 0x00, 0x00, 0x00, 0x09, 0x00, 0x00, 0x00, 0x0A, 0x00, 0x00, 0x00, 0x0B, 0x00, 0x00, 0x00,
    0x0C, 0x00, 0x00, 0x00, 0x0D, 0x00, 0x00, 0x00, 0x0E, 0x00, 0x00, 0x00, 0x0F, 0x00, 0x00, 0x00,
    0x10, 0x00, 0x00, 0x00, 0x11, 0x00, 0x00, 0x00, 0x12, 0x00, 0x00, 0x00, 0x13, 0x00, 0x00, 0x00,
    0x14, 0x00, 0x00, 0x00, 0x15, 0x00, 0x00, 0x00, 0x16, 0x00, 0x00, 0x00, 0x17, 0x00, 0x00, 0x00,
    0x18, 0x00, 0x00, 0x00, 0x19, 0x00, 0x00, 0x00, 0x1A, 0x00, 0x00, 0x00, 0x1B, 0x00, 0x00, 0x00,
    0x1C, 0x00, 0x00, 0x00, 0x1D, 0x00, 0x00, 0x00, 0x1E, 0x00, 0x00, 0x00, 0x1F, 0x00, 0x00, 0x00,
    0x20, 0x00, 0x00, 0x00, 0x21, 0x00, 0x00, 0x00, 0x22, 0x00, 0x00, 0x00, 0x23, 0x00, 0x00, 0x00,
    0x24, 0x00, 0x00, 0x00, 0x25, 0x00, 0x00, 0x00, 0x26, 0x00, 0x00, 0x00, 0x28, 0x00, 0x00, 0x00,
    0x29, 0x00, 0x00, 0x00, 0x2A, 0x00, 0x00, 0x00, 0x15, 0x00, 0x00, 0x00,
};

/* Original address: 0x02035CBC */
u8 sMusicTable[4] = {
    0x00, 0x00, 0x01, 0x00,
};

/* Original address: 0x02035CC0 */
u8 sData_02035CC0[4] __attribute__((section(".data"))) = { 0 };

/* Original address: 0x02035CC4 */
u8 sPsgWaveVolume[5] = {
    0x00, 0x60, 0x40, 0x80, 0x20,
};

/* Original address: 0x02035CC9 */
u8 sData_02035CC9[3] __attribute__((section(".data"))) = { 0 };

/* Original address: 0x02035CCC */
u8 sSoundInstrumentChannelTypes[5] = {
    0x00, 0x01, 0x02, 0x03, 0x04,
};

/* Original address: 0x02035CD1 */
u8 sData_02035CD1[3] __attribute__((section(".data"))) = { 0 };

/* Original address: 0x02035CD4 */
u8 sSoundKeySampleEnvelope[12] = {
    0x01, 0x00, 0xFF, 0x7F, 0xFF, 0x7F, 0xFF, 0x7F, 0xFF, 0xFF, 0x00, 0x00,
};

/* Original address: 0x02035CE0 */
u8 sPsgPitchTable[240] = {
    0x00, 0x00, 0x00, 0x00, 0x00, 0x00, 0x00, 0x00, 0x00, 0x00, 0x00, 0x00, 0x00, 0x00, 0x00, 0x00,
    0x00, 0x00, 0x00, 0x00, 0x00, 0x00, 0x00, 0x00, 0x00, 0x00, 0x00, 0x00, 0x00, 0x00, 0x00, 0x00,
    0x00, 0x00, 0x00, 0x00, 0x00, 0x00, 0x00, 0x00, 0x00, 0x00, 0x00, 0x00, 0x00, 0x00, 0x00, 0x00,
    0x2C, 0x00, 0x9D, 0x00, 0x07, 0x01, 0x6B, 0x01, 0xC9, 0x01, 0x23, 0x02, 0x77, 0x02, 0xC7, 0x02,
    0x12, 0x03, 0x58, 0x03, 0x9B, 0x03, 0xDA, 0x03, 0x16, 0x04, 0x4E, 0x04, 0x83, 0x04, 0xB5, 0x04,
    0xE5, 0x04, 0x11, 0x05, 0x3B, 0x05, 0x63, 0x05, 0x89, 0x05, 0xAC, 0x05, 0xCE, 0x05, 0xED, 0x05,
    0x0B, 0x06, 0x27, 0x06, 0x42, 0x06, 0x5B, 0x06, 0x72, 0x06, 0x89, 0x06, 0x9E, 0x06, 0xB2, 0x06,
    0xC4, 0x06, 0xD6, 0x06, 0xE7, 0x06, 0xF7, 0x06, 0x06, 0x07, 0x14, 0x07, 0x21, 0x07, 0x2D, 0x07,
    0x39, 0x07, 0x44, 0x07, 0x4F, 0x07, 0x59, 0x07, 0x62, 0x07, 0x6B, 0x07, 0x73, 0x07, 0x7B, 0x07,
    0x83, 0x07, 0x8A, 0x07, 0x90, 0x07, 0x97, 0x07, 0x9D, 0x07, 0xA2, 0x07, 0xA7, 0x07, 0xAC, 0x07,
    0xB1, 0x07, 0xB6, 0x07, 0xBA, 0x07, 0xBE, 0x07, 0xC1, 0x07, 0xC5, 0x07, 0xC8, 0x07, 0xCB, 0x07,
    0xCE, 0x07, 0xD1, 0x07, 0xD4, 0x07, 0xD6, 0x07, 0xD9, 0x07, 0xDB, 0x07, 0xDD, 0x07, 0xDF, 0x07,
    0xE1, 0x07, 0xE2, 0x07, 0xE4, 0x07, 0xE6, 0x07, 0xE7, 0x07, 0xE9, 0x07, 0xEA, 0x07, 0xEB, 0x07,
    0xEC, 0x07, 0xED, 0x07, 0xEE, 0x07, 0xEF, 0x07, 0xF0, 0x07, 0xF1, 0x07, 0xF2, 0x07, 0xF3, 0x07,
    0xF4, 0x07, 0xF4, 0x07, 0xF5, 0x07, 0xF6, 0x07, 0xF6, 0x07, 0xF7, 0x07, 0xF7, 0x07, 0xF8, 0x07,
};

/* Original address: 0x02035DD0 */
u8 sNoisePitchTable[120] = {
    0xD4, 0xC7, 0xC6, 0xC5, 0xC4, 0xB7, 0xB6, 0xB5, 0xB4, 0xA7, 0xA6, 0xA5, 0xA4, 0x97, 0x96, 0x95,
    0x94, 0x87, 0x86, 0x85, 0x84, 0x77, 0x76, 0x75, 0x74, 0x67, 0x66, 0x65, 0x64, 0x57, 0x56, 0x55,
    0x54, 0x47, 0x46, 0x45, 0x44, 0x37, 0x36, 0x35, 0x34, 0x27, 0x26, 0x25, 0x24, 0x17, 0x16, 0x15,
    0x14, 0x07, 0x06, 0x05, 0x04, 0x03, 0x02, 0x01, 0x00, 0x00, 0x00, 0x00, 0x00, 0x00, 0x00, 0x00,
    0x00, 0x00, 0x00, 0x00, 0x00, 0x00, 0x00, 0x00, 0x00, 0x00, 0x00, 0x00, 0x00, 0x00, 0x00, 0x00,
    0x00, 0x00, 0x00, 0x00, 0x00, 0x00, 0x00, 0x00, 0x00, 0x00, 0x00, 0x00, 0x00, 0x00, 0x00, 0x00,
    0x00, 0x00, 0x00, 0x00, 0x00, 0x00, 0x00, 0x00, 0x00, 0x00, 0x00, 0x00, 0x00, 0x00, 0x00, 0x00,
    0x00, 0x00, 0x00, 0x00, 0x00, 0x00, 0x00, 0x00,
};

/* Original address: 0x02035E48 */
u8 sPcmPitchTable[480] = {
    0x00, 0x08, 0x00, 0x00, 0x79, 0x08, 0x00, 0x00, 0xFA, 0x08, 0x00, 0x00, 0x83, 0x09, 0x00, 0x00,
    0x14, 0x0A, 0x00, 0x00, 0xAD, 0x0A, 0x00, 0x00, 0x50, 0x0B, 0x00, 0x00, 0xFC, 0x0B, 0x00, 0x00,
    0xB2, 0x0C, 0x00, 0x00, 0x74, 0x0D, 0x00, 0x00, 0x41, 0x0E, 0x00, 0x00, 0x1A, 0x0F, 0x00, 0x00,
    0x00, 0x10, 0x00, 0x00, 0xF3, 0x10, 0x00, 0x00, 0xF5, 0x11, 0x00, 0x00, 0x06, 0x13, 0x00, 0x00,
    0x28, 0x14, 0x00, 0x00, 0x5B, 0x15, 0x00, 0x00, 0xA0, 0x16, 0x00, 0x00, 0xF9, 0x17, 0x00, 0x00,
    0x65, 0x19, 0x00, 0x00, 0xE8, 0x1A, 0x00, 0x00, 0x82, 0x1C, 0x00, 0x00, 0x34, 0x1E, 0x00, 0x00,
    0x00, 0x20, 0x00, 0x00, 0xE7, 0x21, 0x00, 0x00, 0xEB, 0x23, 0x00, 0x00, 0x0D, 0x26, 0x00, 0x00,
    0x51, 0x28, 0x00, 0x00, 0xB7, 0x2A, 0x00, 0x00, 0x41, 0x2D, 0x00, 0x00, 0xF2, 0x2F, 0x00, 0x00,
    0xCB, 0x32, 0x00, 0x00, 0xD1, 0x35, 0x00, 0x00, 0x04, 0x39, 0x00, 0x00, 0x68, 0x3C, 0x00, 0x00,
    0x00, 0x40, 0x00, 0x00, 0xCE, 0x43, 0x00, 0x00, 0xD6, 0x47, 0x00, 0x00, 0x1B, 0x4C, 0x00, 0x00,
    0xA2, 0x50, 0x00, 0x00, 0x6E, 0x55, 0x00, 0x00, 0x82, 0x5A, 0x00, 0x00, 0xE4, 0x5F, 0x00, 0x00,
    0x97, 0x65, 0x00, 0x00, 0xA2, 0x6B, 0x00, 0x00, 0x08, 0x72, 0x00, 0x00, 0xD0, 0x78, 0x00, 0x00,
    0x00, 0x80, 0x00, 0x00, 0x9C, 0x87, 0x00, 0x00, 0xAC, 0x8F, 0x00, 0x00, 0x37, 0x98, 0x00, 0x00,
    0x45, 0xA1, 0x00, 0x00, 0xDC, 0xAA, 0x00, 0x00, 0x04, 0xB5, 0x00, 0x00, 0xC8, 0xBF, 0x00, 0x00,
    0x2F, 0xCB, 0x00, 0x00, 0x44, 0xD7, 0x00, 0x00, 0x11, 0xE4, 0x00, 0x00, 0xA1, 0xF1, 0x00, 0x00,
    0x00, 0x00, 0x01, 0x00, 0x38, 0x0F, 0x01, 0x00, 0x59, 0x1F, 0x01, 0x00, 0x6F, 0x30, 0x01, 0x00,
    0x8A, 0x42, 0x01, 0x00, 0xB8, 0x55, 0x01, 0x00, 0x09, 0x6A, 0x01, 0x00, 0x91, 0x7F, 0x01, 0x00,
    0x5F, 0x96, 0x01, 0x00, 0x89, 0xAE, 0x01, 0x00, 0x23, 0xC8, 0x01, 0x00, 0x43, 0xE3, 0x01, 0x00,
    0x00, 0x00, 0x02, 0x00, 0x71, 0x1E, 0x02, 0x00, 0xB3, 0x3E, 0x02, 0x00, 0xDF, 0x60, 0x02, 0x00,
    0x14, 0x85, 0x02, 0x00, 0x70, 0xAB, 0x02, 0x00, 0x13, 0xD4, 0x02, 0x00, 0x22, 0xFF, 0x02, 0x00,
    0xBF, 0x2C, 0x03, 0x00, 0x13, 0x5D, 0x03, 0x00, 0x47, 0x90, 0x03, 0x00, 0x86, 0xC6, 0x03, 0x00,
    0x00, 0x00, 0x04, 0x00, 0xE3, 0x3C, 0x04, 0x00, 0x66, 0x7D, 0x04, 0x00, 0xBF, 0xC1, 0x04, 0x00,
    0x28, 0x0A, 0x05, 0x00, 0xE0, 0x56, 0x05, 0x00, 0x27, 0xA8, 0x05, 0x00, 0x44, 0xFE, 0x05, 0x00,
    0x7F, 0x59, 0x06, 0x00, 0x27, 0xBA, 0x06, 0x00, 0x8F, 0x20, 0x07, 0x00, 0x0D, 0x8D, 0x07, 0x00,
    0x00, 0x00, 0x08, 0x00, 0xC7, 0x79, 0x08, 0x00, 0xCD, 0xFA, 0x08, 0x00, 0x7F, 0x83, 0x09, 0x00,
    0x51, 0x14, 0x0A, 0x00, 0xC0, 0xAD, 0x0A, 0x00, 0x4F, 0x50, 0x0B, 0x00, 0x88, 0xFC, 0x0B, 0x00,
    0xFF, 0xB2, 0x0C, 0x00, 0x4F, 0x74, 0x0D, 0x00, 0x1F, 0x41, 0x0E, 0x00, 0x1B, 0x1A, 0x0F, 0x00,
    0x00, 0x00, 0x10, 0x00, 0x8F, 0xF3, 0x10, 0x00, 0x9A, 0xF5, 0x11, 0x00, 0xFE, 0x06, 0x13, 0x00,
    0xA2, 0x28, 0x14, 0x00, 0x81, 0x5B, 0x15, 0x00, 0x9E, 0xA0, 0x16, 0x00, 0x10, 0xF9, 0x17, 0x00,
    0xFE, 0x65, 0x19, 0x00, 0x9F, 0xE8, 0x1A, 0x00, 0x3E, 0x82, 0x1C, 0x00, 0x37, 0x34, 0x1E, 0x00,
};

/* Original address: 0x02036028 */
u8 sSoundVibratoWave[256] = {
    0x00, 0x03, 0x06, 0x09, 0x0C, 0x0F, 0x12, 0x15, 0x18, 0x1C, 0x1F, 0x22, 0x25, 0x28, 0x2B, 0x2E,
    0x30, 0x33, 0x36, 0x39, 0x3C, 0x3F, 0x41, 0x44, 0x47, 0x49, 0x4C, 0x4E, 0x51, 0x53, 0x55, 0x58,
    0x5A, 0x5C, 0x5E, 0x60, 0x62, 0x64, 0x66, 0x68, 0x6A, 0x6C, 0x6D, 0x6F, 0x70, 0x72, 0x73, 0x75,
    0x76, 0x77, 0x78, 0x79, 0x7A, 0x7B, 0x7C, 0x7C, 0x7D, 0x7E, 0x7E, 0x7F, 0x7F, 0x7F, 0x7F, 0x7F,
    0x7F, 0x7F, 0x7F, 0x7F, 0x7F, 0x7F, 0x7E, 0x7E, 0x7D, 0x7C, 0x7C, 0x7B, 0x7A, 0x79, 0x78, 0x77,
    0x76, 0x75, 0x73, 0x72, 0x70, 0x6F, 0x6D, 0x6C, 0x6A, 0x68, 0x66, 0x64, 0x62, 0x60, 0x5E, 0x5C,
    0x5A, 0x58, 0x55, 0x53, 0x51, 0x4E, 0x4C, 0x49, 0x47, 0x44, 0x41, 0x3F, 0x3C, 0x39, 0x36, 0x33,
    0x30, 0x2E, 0x2B, 0x28, 0x25, 0x22, 0x1F, 0x1C, 0x18, 0x15, 0x12, 0x0F, 0x0C, 0x09, 0x06, 0x03,
    0x00, 0xFD, 0xFA, 0xF7, 0xF4, 0xF1, 0xEE, 0xEB, 0xE8, 0xE4, 0xE1, 0xDE, 0xDB, 0xD8, 0xD5, 0xD2,
    0xD0, 0xCD, 0xCA, 0xC7, 0xC4, 0xC1, 0xBF, 0xBC, 0xB9, 0xB7, 0xB4, 0xB2, 0xAF, 0xAD, 0xAB, 0xA8,
    0xA6, 0xA4, 0xA2, 0xA0, 0x9E, 0x9C, 0x9A, 0x98, 0x96, 0x94, 0x93, 0x91, 0x90, 0x8E, 0x8D, 0x8B,
    0x8A, 0x89, 0x88, 0x87, 0x86, 0x85, 0x84, 0x84, 0x83, 0x82, 0x82, 0x81, 0x81, 0x81, 0x81, 0x81,
    0x81, 0x81, 0x81, 0x81, 0x81, 0x81, 0x82, 0x82, 0x83, 0x84, 0x84, 0x85, 0x86, 0x87, 0x88, 0x89,
    0x8A, 0x8B, 0x8D, 0x8E, 0x90, 0x91, 0x93, 0x94, 0x96, 0x98, 0x9A, 0x9C, 0x9E, 0xA0, 0xA2, 0xA4,
    0xA6, 0xA8, 0xAB, 0xAD, 0xAF, 0xB2, 0xB4, 0xB7, 0xB9, 0xBC, 0xBF, 0xC1, 0xC4, 0xC7, 0xCA, 0xCD,
    0xCF, 0xD2, 0xD5, 0xD8, 0xDB, 0xDE, 0xE1, 0xE4, 0xE8, 0xEB, 0xEE, 0xF1, 0xF4, 0xF7, 0xFA, 0xFD,
};

/* Original address: 0x02036128 */
u8 sData_02036128[15356] = {
    0x04, 0x00, 0x00, 0x00, 0x00, 0x00, 0x00, 0x00, 0x04, 0x00, 0x00, 0x00, 0xC9, 0x01, 0xCF, 0x01,
    0xD5, 0x01, 0xE0, 0x01, 0xE9, 0x01, 0xF2, 0x01, 0xFB, 0x01, 0x0F, 0x02, 0x18, 0x02, 0x21, 0x02,
    0x46, 0x02, 0x56, 0x02, 0x5F, 0x02, 0xB5, 0x02, 0xDC, 0x02, 0xE2, 0x02, 0xF9, 0x02, 0xEA, 0x02,
    0xBE, 0x01, 0xA9, 0x01, 0x76, 0x01, 0x88, 0x01, 0x7F, 0x01, 0x6D, 0x01, 0x58, 0x01, 0x3F, 0x01,
    0x76, 0x01, 0x2C, 0x01, 0x35, 0x01, 0xE0, 0x01, 0xE9, 0x01, 0x1A, 0x01, 0x23, 0x01, 0xF9, 0x00,
    0x08, 0x01, 0x02, 0x01, 0xE8, 0x00, 0xDF, 0x00, 0xD5, 0x00, 0x58, 0x00, 0xA3, 0x00, 0xB9, 0x00,
    0x62, 0x00, 0x59, 0x00, 0xFF, 0xC2, 0x26, 0xD0, 0x15, 0xFF, 0x97, 0x03, 0x23, 0xFF, 0xC2, 0x25,
    0x8B, 0x0B, 0x46, 0x90, 0x0B, 0x46, 0x94, 0x0B, 0x46, 0x97, 0x0B, 0x46, 0x9C, 0x0B, 0x46, 0xA0,
    0x0B, 0x46, 0xA3, 0x0B, 0x46, 0xA8, 0x0B, 0x41, 0xAC, 0x0B, 0x41, 0x94, 0x0B, 0x41, 0x9C, 0x0B,
    0x41, 0xA3, 0x0B, 0x3C, 0xAC, 0x0B, 0x37, 0x94, 0x0B, 0x37, 0x9C, 0x0B, 0x37, 0xA3, 0x0B, 0x37,
    0xAC, 0x0B, 0x32, 0x94, 0x0B, 0x32, 0x9C, 0x0B, 0x32, 0xA3, 0x0B, 0x32, 0xF0, 0x94, 0x00, 0xF8,
    0x01, 0xB0, 0x00, 0xC2, 0x02, 0xA8, 0x05, 0x4B, 0xA8, 0x19, 0x64, 0xFF, 0xC2, 0x02, 0xAC, 0x05,
    0x4B, 0xAC, 0x19, 0x64, 0xFF, 0xF8, 0x01, 0xC9, 0x00, 0xC2, 0x24, 0x7F, 0x08, 0x7F, 0x7E, 0x08,
    0x7F, 0x7D, 0x1E, 0x7F, 0xFF, 0xC2, 0x24, 0x78, 0x08, 0x7F, 0x77, 0x08, 0x7F, 0x76, 0x1E, 0x7F,
    0xFF, 0xC2, 0x23, 0xC5, 0x8B, 0x83, 0xE8, 0x3C, 0xF0, 0xD8, 0x00, 0xC2, 0x22, 0x9B, 0x08, 0x32,
    0x97, 0x10, 0x32, 0xFF, 0xC2, 0x21, 0xD0, 0x2B, 0xFF, 0x73, 0x04, 0x37, 0xC1, 0x0B, 0xD0, 0x2B,
    0xFF, 0x73, 0x04, 0x37, 0xFF, 0xC2, 0x16, 0xD0, 0x18, 0xFF, 0x7D, 0x06, 0x32, 0xFF, 0xC2, 0x09,
    0x9C, 0x02, 0x7F, 0xFF, 0xC2, 0x16, 0xD0, 0x24, 0xFF, 0x73, 0x07, 0x37, 0xD0, 0x24, 0xFF, 0x73,
    0x07, 0x32, 0x73, 0x07, 0x37, 0xFF, 0xC2, 0x1E, 0xD0, 0x40, 0xFF, 0x92, 0x09, 0x28, 0xFF, 0xC2,
    0x1E, 0xD0, 0x2F, 0xFF, 0xA0, 0x09, 0x28, 0xFF, 0xC2, 0x1D, 0xD0, 0x2B, 0xFF, 0xA3, 0x02, 0x41,
    0xFF, 0xC2, 0x02, 0x9B, 0x03, 0x28, 0x30, 0x40, 0x43, 0x47, 0xFF, 0xC2, 0x1C, 0xD0, 0x30, 0xFF,
    0x70, 0x05, 0x23, 0xC1, 0x0A, 0xD0, 0x37, 0xFF, 0x70, 0x05, 0x23, 0xC1, 0x0A, 0xD0, 0x28, 0xFF,
    0x70, 0x05, 0x23, 0xFF, 0xC2, 0x16, 0xD0, 0x24, 0xFF, 0x73, 0x03, 0x50, 0xD0, 0x1F, 0xFF, 0x73,
    0x03, 0x4B, 0xD0, 0x21, 0xFF, 0x75, 0x03, 0x50, 0xFF, 0xC2, 0x1B, 0xD0, 0x43, 0xFF, 0x8B, 0x0F,
    0x3C, 0xFF, 0xC2, 0x19, 0xD0, 0x43, 0xFF, 0x88, 0x04, 0x46, 0xFF, 0xC2, 0x1A, 0xD0, 0x28, 0xFF,
    0xA3, 0x04, 0x46, 0xFF, 0xC2, 0x18, 0xD0, 0x24, 0xFF, 0x73, 0x02, 0x32, 0xD0, 0x28, 0xFF, 0x83,
    0x02, 0x32, 0xC2, 0x16, 0xD0, 0x47, 0xFF, 0x84, 0x03, 0x37, 0xD0, 0x29, 0xFF, 0x84, 0x02, 0x32,
    0xC1, 0x01, 0xF0, 0x88, 0x01, 0xC2, 0x20, 0xD0, 0x24, 0xFF, 0x73, 0x03, 0x32, 0xD0, 0x1F, 0xFF,
    0x73, 0x03, 0x32, 0xD0, 0x21, 0xFF, 0x73, 0x1E, 0x32, 0xFF, 0xC2, 0x17, 0x77, 0x04, 0x7F, 0xC1,
    0x02, 0x77, 0x11, 0x7F, 0xFF, 0xC2, 0x09, 0x84, 0x19, 0x7F, 0xFF, 0xC2, 0x0A, 0x84, 0x2C, 0x7F,
    0xFF, 0xC2, 0x05, 0x90, 0x01, 0x50, 0xC1, 0x01, 0x92, 0x02, 0x50, 0xFF, 0xC2, 0x02, 0xD0, 0x18,
    0xFF, 0x90, 0x04, 0x50, 0xFF, 0xC2, 0x02, 0xD0, 0x2B, 0xFF, 0x73, 0x04, 0x50, 0xFF, 0xC2, 0x0E,
    0xA0, 0x07, 0x28, 0x9C, 0x3C, 0x28, 0xFF, 0xE4, 0xF0, 0xC2, 0x0D, 0x90, 0x0A, 0x32, 0x92, 0x0A,
    0x32, 0x94, 0x0A, 0x32, 0x96, 0x0A, 0x32, 0x98, 0x14, 0x32, 0xFF, 0xC2, 0x04, 0x9B, 0x05, 0x3C,
    0x9B, 0x14, 0x3C, 0xFF, 0xC2, 0x10, 0xD0, 0x24, 0xFF, 0xA0, 0x0C, 0x32, 0xFF, 0xC2, 0x0F, 0xC5,
    0xD4, 0x18, 0xFF, 0x75, 0x06, 0x41, 0x7B, 0x0C, 0x41, 0x78, 0x06, 0x41, 0x7E, 0x0C, 0x41, 0x7B,
    0x06, 0x41, 0x81, 0x0C, 0x41, 0x7C, 0x06, 0x41, 0x84, 0x0C, 0x41, 0x81, 0x06, 0x41, 0x87, 0x0C,
    0x41, 0xFF, 0xF8, 0x01, 0x50, 0x02, 0xC2, 0x11, 0x78, 0x2D, 0x64, 0xFF, 0xC2, 0x12, 0x77, 0x2D,
    0x64, 0xFF, 0xC2, 0x13, 0xD0, 0x45, 0xFF, 0x90, 0x03, 0x50, 0xFF, 0xE4, 0xF0, 0xC2, 0x14, 0xD0,
    0x23, 0xC8, 0x8B, 0x0B, 0x46, 0xD0, 0x17, 0xC8, 0x89, 0x0B, 0x46, 0xD0, 0x23, 0xC8, 0x87, 0x0B,
    0x46, 0xD0, 0x23, 0xC8, 0x85, 0x0B, 0x46, 0xC2, 0x15, 0xC5, 0xD0, 0x1F, 0xFF, 0x83, 0x07, 0x46,
    0xD0, 0x23, 0xFF, 0x7F, 0x07, 0x46, 0xD0, 0x1F, 0xFF, 0x83, 0x07, 0x46, 0xD0, 0x23, 0xFF, 0x7F,
    0x07, 0x46, 0xD0, 0x1F, 0xFF, 0x83, 0x07, 0x46, 0xD0, 0x23, 0xFF, 0x7F, 0x07, 0x46, 0xD0, 0x1F,
    0xFF, 0x83, 0x07, 0x46, 0xD0, 0x23, 0xFF, 0x7F, 0x07, 0x46, 0xD0, 0x1F, 0xFF, 0x83, 0x07, 0x46,
    0xFF, 0xC2, 0x02, 0xD0, 0x2D, 0xFF, 0x8B, 0x08, 0x28, 0xD0, 0x2B, 0xFF, 0x90, 0x08, 0x32, 0xD0,
    0x30, 0xFF, 0x83, 0x08, 0x28, 0xD0, 0x23, 0xFF, 0x8D, 0x08, 0x32, 0xD0, 0x2D, 0xFF, 0x7F, 0x0C,
    0x28, 0xD0, 0x1F, 0xFF, 0x8B, 0x0C, 0x1E, 0xFF, 0xC2, 0x0C, 0x78, 0x1E, 0x7F, 0xFF, 0xC2, 0x01,
    0x94, 0x02, 0x28, 0x3C, 0x40, 0xFF, 0xC2, 0x01, 0xC5, 0x8D, 0x03, 0x3C, 0x2B, 0xC6, 0x28, 0x26,
    0xC5, 0x24, 0x23, 0xC6, 0xFF, 0xE4, 0xDC, 0xF8, 0x01, 0x06, 0x03, 0xC2, 0x02, 0x97, 0x0C, 0x32,
    0x3B, 0xFF, 0xC2, 0x03, 0xC1, 0x06, 0x9C, 0x0C, 0x32, 0xA0, 0x1E, 0x32, 0xFF, 0x00, 0x00, 0x00,
    0x00, 0x00, 0x00, 0x00, 0x00, 0x00, 0x00, 0x00, 0x00, 0x00, 0x00, 0x00, 0x08, 0x00, 0x00, 0x00,
    0x68, 0x03, 0x00, 0x00, 0xDC, 0x01, 0xE4, 0x01, 0xEC, 0x01, 0xF8, 0x01, 0x00, 0x02, 0x0C, 0x02,
    0x14, 0x02, 0x1C, 0x02, 0x28, 0x02, 0x30, 0x02, 0x38, 0x02, 0x40, 0x02, 0x48, 0x02, 0x50, 0x02,
    0x5C, 0x02, 0x68, 0x02, 0x74, 0x02, 0x80, 0x02, 0x8C, 0x02, 0x94, 0x02, 0x9C, 0x02, 0xA8, 0x02,
    0xB4, 0x02, 0xBC, 0x02, 0xC8, 0x02, 0xD0, 0x02, 0xD8, 0x02, 0xE0, 0x02, 0xEC, 0x02, 0xF4, 0x02,
    0x00, 0x03, 0x0C, 0x03, 0x14, 0x03, 0x1C, 0x03, 0x24, 0x03, 0x30, 0x03, 0x38, 0x03, 0x44, 0x03,
    0x50, 0x03, 0x01, 0x00, 0xFF, 0x7F, 0xFF, 0xFF, 0x00, 0x00, 0x01, 0x00, 0xFF, 0x7F, 0x0A, 0x00,
    0x50, 0x2D, 0xFF, 0xFF, 0x00, 0x00, 0x01, 0x00, 0xFF, 0x7F, 0x32, 0x00, 0xB8, 0x0B, 0xFF, 0xFF,
    0x00, 0x00, 0x01, 0x00, 0xFF, 0x7F, 0x1E, 0x00, 0x00, 0x00, 0xFF, 0xFF, 0x00, 0x00, 0x01, 0x00,
    0xA0, 0x0F, 0x01, 0x00, 0x40, 0x1F, 0x01, 0x00, 0x80, 0x3E, 0x01, 0x00, 0xFF, 0x7F, 0x03, 0x00,
    0xFF, 0x7F, 0x02, 0x00, 0x80, 0x3E, 0x02, 0x00, 0x40, 0x1F, 0x02, 0x00, 0xA0, 0x0F, 0x02, 0x00,
    0xD0, 0x07, 0x02, 0x00, 0xE8, 0x03, 0x02, 0x00, 0x00, 0x00, 0xFF, 0xFF, 0x00, 0x00, 0x01, 0x00,
    0xFF, 0x7F, 0x01, 0x00, 0x00, 0x00, 0xFF, 0xFF, 0x00, 0x00, 0x01, 0x00, 0xFF, 0x7F, 0x06, 0x00,
    0x00, 0x00, 0xFF, 0xFF, 0x00, 0x00, 0x01, 0x00, 0xFF, 0x7F, 0x05, 0x00, 0x50, 0x2D, 0xFF, 0xFF,
    0x00, 0x00, 0x03, 0x00, 0xFF, 0x7F, 0x64, 0x00, 0xFF, 0x7F, 0xFF, 0xFF, 0x00, 0x00, 0x01, 0x00,
    0xFF, 0x7F, 0x0A, 0x00, 0x00, 0x00, 0xFF, 0xFF, 0x00, 0x00, 0x01, 0x00, 0xFF, 0x7F, 0x0A, 0x00,
    0x00, 0x00, 0xFF, 0xFF, 0x00, 0x00, 0x04, 0x00, 0xFF, 0x7F, 0x28, 0x00, 0xB8, 0x0B, 0xFF, 0xFF,
    0x00, 0x00, 0x02, 0x00, 0xFF, 0x7F, 0x14, 0x00, 0xE8, 0x03, 0xFF, 0xFF, 0x00, 0x00, 0x01, 0x00,
    0xFF, 0x7F, 0x1E, 0x00, 0x00, 0x00, 0xFF, 0xFF, 0x00, 0x00, 0x01, 0x00, 0xFF, 0x7F, 0x02, 0x00,
    0x90, 0x65, 0xFF, 0xFF, 0x00, 0x00, 0x01, 0x00, 0xFF, 0x7F, 0x14, 0x00, 0xE8, 0x03, 0xFF, 0xFF,
    0x00, 0x00, 0x01, 0x00, 0xFF, 0x7F, 0x3C, 0x00, 0xA8, 0x16, 0xFF, 0xFF, 0x00, 0x00, 0x04, 0x00,
    0xFF, 0x7F, 0x1E, 0x00, 0x00, 0x7D, 0xFF, 0xFF, 0x00, 0x00, 0xC8, 0x00, 0xFF, 0x7F, 0xFF, 0xFF,
    0x00, 0x00, 0x1E, 0x00, 0xFF, 0x7F, 0x6E, 0x00, 0xF8, 0x43, 0xFF, 0xFF, 0x00, 0x00, 0x03, 0x00,
    0xFF, 0x7F, 0x1E, 0x00, 0x00, 0x7D, 0xFF, 0xFF, 0x00, 0x00, 0x01, 0x00, 0xFF, 0x7F, 0x05, 0x00,
    0x10, 0x27, 0x05, 0x00, 0x88, 0x13, 0xFF, 0xFF, 0x00, 0x00, 0x0A, 0x00, 0xFF, 0x7F, 0x6E, 0x00,
    0xA8, 0x16, 0xFF, 0xFF, 0x00, 0x00, 0x03, 0x00, 0xFF, 0x7F, 0x03, 0x00, 0x00, 0x00, 0xFF, 0xFF,
    0x00, 0x00, 0x01, 0x00, 0xFF, 0x7F, 0xFF, 0x7F, 0xFF, 0x7F, 0xFF, 0xFF, 0x00, 0x00, 0x03, 0x00,
    0xFF, 0x7F, 0x04, 0x00, 0x10, 0x27, 0xFF, 0xFF, 0x00, 0x00, 0x07, 0x00, 0xFF, 0x7F, 0x0A, 0x00,
    0x00, 0x00, 0xFF, 0xFF, 0x00, 0x00, 0x00, 0x00, 0x14, 0x8B, 0xCC, 0xCC, 0xCC, 0xCC, 0xCC, 0xCC,
    0xB8, 0x41, 0x14, 0x8B, 0xCC, 0xCC, 0x85, 0x42, 0x00, 0x11, 0x23, 0x56, 0x89, 0xAC, 0xDE, 0xEF,
    0xFF, 0xEE, 0xDC, 0xA9, 0x86, 0x53, 0x21, 0x10, 0x04, 0x00, 0x01, 0x01, 0x01, 0x02, 0x00, 0x00,
    0x02, 0x00, 0x00, 0x00, 0x56, 0x00, 0x00, 0x24, 0x02, 0x00, 0x02, 0x00, 0x4E, 0x00, 0x00, 0x24,
    0x01, 0x00, 0x02, 0x00, 0x56, 0x00, 0x00, 0x24, 0x08, 0x00, 0x00, 0x00, 0x02, 0x00, 0x02, 0x00,
    0x56, 0x00, 0x00, 0x24, 0x01, 0x00, 0x01, 0x00, 0x56, 0x00, 0x00, 0x24, 0x08, 0x00, 0x00, 0x00,
    0x02, 0x00, 0x00, 0x00, 0x56, 0x00, 0x00, 0x24, 0x02, 0x00, 0x02, 0x00, 0x7A, 0x00, 0x00, 0x24,
    0x01, 0x00, 0x02, 0x00, 0xC2, 0x00, 0x0A, 0x24, 0x08, 0x00, 0x00, 0x00, 0x02, 0x00, 0x02, 0x00,
    0xC2, 0x00, 0x0A, 0x24, 0x00, 0x00, 0x00, 0x00, 0x4E, 0x00, 0x00, 0x24, 0x00, 0x00, 0x01, 0x00,
    0x4E, 0x00, 0x00, 0x24, 0x02, 0x01, 0xD4, 0x01, 0xE6, 0x00, 0x00, 0x24, 0x00, 0x00, 0x01, 0x00,
    0x62, 0x00, 0x00, 0x24, 0x01, 0x00, 0x02, 0x00, 0x0A, 0x01, 0x0A, 0x24, 0x08, 0x00, 0x00, 0x00,
    0x01, 0x00, 0x02, 0x00, 0x2E, 0x01, 0x0A, 0x24, 0x08, 0x00, 0x00, 0x00, 0x01, 0x00, 0x02, 0x00,
    0x4E, 0x01, 0x0A, 0x24, 0x08, 0x00, 0x00, 0x00, 0x01, 0x00, 0x02, 0x00, 0x76, 0x01, 0x0A, 0x24,
    0x08, 0x00, 0x00, 0x00, 0x01, 0x00, 0x00, 0x00, 0x6E, 0x00, 0x0A, 0x24, 0x08, 0x00, 0x00, 0x00,
    0x02, 0x00, 0x00, 0x00, 0x6E, 0x00, 0x0A, 0x24, 0x03, 0x00, 0xB4, 0x01, 0xAA, 0x00, 0x00, 0x24,
    0x01, 0x00, 0x02, 0x00, 0xCE, 0x00, 0x0A, 0x24, 0x08, 0x00, 0x00, 0x00, 0x01, 0x00, 0x02, 0x00,
    0xF2, 0x00, 0x0A, 0x24, 0x08, 0x00, 0x00, 0x00, 0x04, 0x00, 0x00, 0x00, 0x3A, 0x01, 0x0A, 0x24,
    0x01, 0x00, 0x00, 0x00, 0x16, 0x01, 0x00, 0x24, 0x08, 0x00, 0x00, 0x00, 0x04, 0x00, 0x00, 0x00,
    0x5A, 0x01, 0x0A, 0x24, 0x04, 0x00, 0x00, 0x00, 0x82, 0x01, 0x0A, 0x24, 0x04, 0x00, 0x00, 0x00,
    0x9A, 0x01, 0x0A, 0x24, 0x01, 0x00, 0x02, 0x00, 0xA6, 0x01, 0x0A, 0x24, 0x08, 0x00, 0x00, 0x00,
    0x04, 0x00, 0x01, 0x00, 0xB6, 0x00, 0x0A, 0x24, 0x01, 0x00, 0x00, 0x00, 0x56, 0x00, 0x00, 0x24,
    0x08, 0x00, 0x00, 0x00, 0x01, 0x00, 0x02, 0x00, 0xDA, 0x00, 0x00, 0x24, 0x08, 0x00, 0x00, 0x00,
    0x04, 0x00, 0x00, 0x00, 0x56, 0x00, 0x0A, 0x24, 0x04, 0x00, 0x00, 0x00, 0xFE, 0x00, 0x0A, 0x24,
    0x04, 0x00, 0x00, 0x00, 0x4E, 0x00, 0x00, 0x24, 0x01, 0x00, 0x01, 0x00, 0x22, 0x01, 0x00, 0x24,
    0x08, 0x00, 0x00, 0x00, 0x00, 0x00, 0x02, 0x00, 0x46, 0x01, 0x63, 0x24, 0x01, 0x00, 0x00, 0x00,
    0x22, 0x01, 0x00, 0x24, 0x08, 0x00, 0x00, 0x00, 0x01, 0x00, 0x02, 0x00, 0x66, 0x01, 0x00, 0x24,
    0x08, 0x00, 0x00, 0x00, 0x02, 0x00, 0x02, 0x00, 0x8E, 0x01, 0x00, 0x24, 0x00, 0x00, 0x00, 0x00,
    0x00, 0x00, 0x00, 0x00, 0x8C, 0x00, 0x98, 0x00, 0xA0, 0x00, 0xAC, 0x00, 0xB4, 0x00, 0xC0, 0x00,
    0xC8, 0x00, 0xD0, 0x00, 0xD8, 0x00, 0xE4, 0x00, 0xEC, 0x00, 0xF4, 0x00, 0x01, 0x00, 0xFF, 0x7F,
    0xE8, 0x03, 0xFF, 0x7F, 0xFF, 0xFF, 0x00, 0x00, 0x01, 0x00, 0xBC, 0x7F, 0x02, 0x00, 0x00, 0x00,
    0xFF, 0xFF, 0x00, 0x00, 0x08, 0x00, 0xFF, 0x7F, 0x3C, 0x00, 0xFF, 0x7F, 0x78, 0x00, 0x00, 0x00,
    0xFF, 0xFF, 0x00, 0x00, 0x03, 0x00, 0xFF, 0x7F, 0x64, 0x00, 0xFF, 0x7F, 0x64, 0x00, 0x00, 0x00,
    0xFF, 0xFF, 0x00, 0x00, 0x01, 0x00, 0xFF, 0x7F, 0x02, 0x00, 0x00, 0x00, 0xFF, 0xFF, 0x00, 0x00,
    0x01, 0x23, 0x45, 0x67, 0x89, 0xAB, 0xCD, 0xEF, 0x00, 0x00, 0x00, 0x00, 0x44, 0x44, 0x44, 0x44,
    0x01, 0x23, 0x45, 0x67, 0x89, 0xAB, 0xCD, 0xEF, 0xFE, 0xDC, 0xBA, 0x98, 0x76, 0x54, 0x32, 0x10,
    0x01, 0x23, 0x45, 0x67, 0x89, 0xAB, 0xCD, 0xEF, 0x99, 0x88, 0x77, 0x66, 0x55, 0x43, 0x21, 0x00,
    0x01, 0x10, 0x02, 0x00, 0x30, 0x00, 0x50, 0x30, 0x08, 0x00, 0x00, 0x00, 0x02, 0x10, 0x02, 0x00,
    0x18, 0x00, 0x23, 0x30, 0x01, 0x10, 0x01, 0x00, 0x18, 0x00, 0x14, 0x30, 0x08, 0x00, 0x00, 0x00,
    0x02, 0x10, 0x01, 0x00, 0x18, 0x00, 0x14, 0x30, 0x01, 0x10, 0x00, 0x00, 0x18, 0x00, 0x00, 0x30,
    0x08, 0x00, 0x00, 0x00, 0x02, 0x10, 0x00, 0x00, 0x18, 0x00, 0x00, 0x30, 0x03, 0x10, 0x7C, 0x00,
    0x18, 0x00, 0x0A, 0x24, 0x04, 0x10, 0x00, 0x00, 0x50, 0x00, 0x00, 0x30, 0x01, 0x10, 0x02, 0x00,
    0x40, 0x00, 0x23, 0x30, 0x08, 0x00, 0x00, 0x00, 0x02, 0x10, 0x02, 0x00, 0x40, 0x00, 0x23, 0x30,
    0x03, 0x10, 0x5C, 0x00, 0x24, 0x00, 0x0A, 0x30, 0x02, 0x10, 0x00, 0x00, 0x18, 0x00, 0x32, 0x30,
    0x00, 0x00, 0x00, 0x00, 0x00, 0x00, 0x00, 0x00, 0x00, 0x00, 0x00, 0x00, 0x08, 0x00, 0x00, 0x00,
    0x0A, 0x00, 0x00, 0x00, 0x01, 0x00, 0x01, 0x00, 0x00, 0x00, 0x00, 0x00, 0x04, 0x00, 0x00, 0x00,
    0x0C, 0x00, 0x00, 0x00, 0x3C, 0x08, 0x00, 0x00, 0xFC, 0x12, 0x00, 0x00, 0x1C, 0x08, 0x00, 0x00,
    0x40, 0x1F, 0x00, 0x00, 0x00, 0x00, 0x00, 0x00, 0x00, 0x00, 0x00, 0x00, 0x07, 0xF6, 0xF4, 0x12,
    0x00, 0x15, 0x01, 0xF7, 0xEB, 0xFB, 0x0B, 0x13, 0xED, 0x01, 0x17, 0x15, 0x1A, 0x24, 0xF7, 0xF9,
    0x01, 0xE6, 0xFB, 0xF4, 0xD8, 0x08, 0x0F, 0xF9, 0x24, 0x09, 0xF4, 0x04, 0x03, 0x11, 0x04, 0x0B,
    0xF6, 0xE5, 0xF7, 0x08, 0x05, 0x19, 0x24, 0x19, 0x1E, 0xF0, 0xE2, 0x1C, 0xFD, 0xEC, 0xF3, 0xE9,
    0x07, 0x14, 0xF0, 0xF7, 0x22, 0xFF, 0xE4, 0x02, 0xF9, 0x04, 0xF2, 0xDA, 0xEC, 0xFC, 0xF8, 0x01,
    0x02, 0xF1, 0xDF, 0xE4, 0xEF, 0xF7, 0xF9, 0xFC, 0x0A, 0x1A, 0x0B, 0xF0, 0x06, 0x01, 0xFB, 0x1E,
    0x12, 0xFC, 0xF3, 0xF1, 0xF8, 0xFB, 0x09, 0x02, 0x0C, 0x12, 0xFF, 0xEE, 0x01, 0x0B, 0x03, 0x08,
    0x22, 0x18, 0x0D, 0xFA, 0xF0, 0x11, 0x08, 0xFA, 0xF8, 0x04, 0x03, 0x01, 0x05, 0xFD, 0x19, 0xED,
    0x0A, 0xF4, 0x22, 0xF8, 0x08, 0x0B, 0x0A, 0xE4, 0x03, 0x29, 0x1F, 0xF7, 0xF2, 0xDE, 0x11, 0x1D,
    0x07, 0xFE, 0x06, 0xE7, 0x06, 0x28, 0xF6, 0x0C, 0xDD, 0xFA, 0x0D, 0x1B, 0x10, 0x07, 0xF7, 0x03,
    0xEF, 0x0F, 0x05, 0xD6, 0x16, 0xF9, 0x00, 0xF5, 0xEF, 0x0D, 0x27, 0xFD, 0x01, 0xFC, 0xF8, 0x12,
    0xFD, 0xFC, 0xE2, 0xED, 0xF7, 0x2F, 0x20, 0xE0, 0x02, 0xF2, 0x0B, 0x0F, 0xF8, 0xFD, 0xF7, 0xFA,
    0x03, 0xFB, 0x1A, 0xEB, 0x26, 0xCD, 0x01, 0xE9, 0x2C, 0x13, 0xCE, 0xEA, 0x72, 0xCE, 0xCD, 0x09,
    0x2D, 0xF7, 0xCC, 0x22, 0xE5, 0xEE, 0x51, 0xE6, 0xD3, 0x44, 0xE1, 0xE1, 0x3D, 0x6E, 0x8C, 0xF5,
    0x1D, 0x2C, 0x03, 0xD8, 0xFB, 0x1C, 0xF5, 0xF3, 0xF8, 0x20, 0x08, 0xED, 0x36, 0xCA, 0xFE, 0x27,
    0xE6, 0x06, 0xE7, 0x1A, 0x17, 0xFA, 0xF4, 0x20, 0xEC, 0x0B, 0xF1, 0x09, 0xDA, 0x18, 0x14, 0xFE,
    0xFA, 0xE4, 0x1A, 0x2C, 0xF4, 0xC8, 0x13, 0xFA, 0x1E, 0x07, 0xE8, 0x10, 0x29, 0xAE, 0x10, 0x51,
    0xB8, 0xF6, 0x17, 0xB9, 0x3E, 0xFE, 0x1A, 0xC1, 0x19, 0xDA, 0x04, 0x01, 0x32, 0xF1, 0x01, 0xF5,
    0x5E, 0xD9, 0xC8, 0x29, 0x1E, 0xD7, 0x11, 0x13, 0xDC, 0x11, 0x23, 0xED, 0xE2, 0x1B, 0x18, 0xBA,
    0x24, 0xD6, 0x54, 0xD5, 0x09, 0x0C, 0xD9, 0x31, 0x34, 0xB3, 0x1D, 0x1F, 0xBD, 0x1B, 0x1A, 0x1B,
    0xE1, 0xCA, 0xED, 0x31, 0x30, 0xDD, 0xE3, 0x0B, 0xE6, 0x4B, 0xFD, 0xD4, 0x19, 0xE7, 0x13, 0x03,
    0x35, 0xFF, 0xBA, 0x1B, 0x21, 0xD9, 0x34, 0xE8, 0xD4, 0x1D, 0x16, 0xD4, 0xF5, 0x16, 0x0E, 0xF6,
    0xFA, 0x00, 0x17, 0xEC, 0x20, 0xF9, 0xF7, 0x01, 0x21, 0xC7, 0x4F, 0xFE, 0xD8, 0xED, 0x00, 0x24,
    0x04, 0xF1, 0xE6, 0x06, 0x18, 0xF2, 0xFC, 0x08, 0xFC, 0x17, 0x07, 0xE6, 0x07, 0x10, 0xF9, 0xFE,
    0x14, 0x05, 0xE6, 0xE9, 0x1E, 0x15, 0xF6, 0xE0, 0x1D, 0x05, 0xEF, 0xF7, 0x07, 0x0D, 0x02, 0xF8,
    0x03, 0x01, 0x0E, 0x12, 0xED, 0xED, 0x0F, 0x02, 0x20, 0xF4, 0xF4, 0xF3, 0x08, 0x0A, 0x00, 0x03,
    0x04, 0xF4, 0x08, 0xF7, 0x0C, 0xFF, 0xF2, 0x19, 0xF6, 0x08, 0xFF, 0xFA, 0x1D, 0xEE, 0xF5, 0x15,
    0x00, 0x0C, 0x01, 0xE9, 0x0D, 0xF4, 0x03, 0x11, 0xFC, 0xFD, 0x10, 0xF3, 0x04, 0x0C, 0x01, 0x09,
    0xFE, 0xF3, 0x13, 0x17, 0xEC, 0xFE, 0xF7, 0x15, 0xFC, 0xF9, 0x09, 0x0D, 0xF7, 0xF2, 0x0D, 0x0C,
    0x09, 0xE6, 0x08, 0x04, 0xFD, 0x11, 0x0C, 0xFC, 0xF6, 0x11, 0xF4, 0x02, 0xF5, 0x0C, 0x06, 0x08,
    0xFB, 0x02, 0x08, 0xE8, 0x09, 0x0E, 0x0A, 0xF5, 0xF8, 0xFE, 0x2A, 0xDE, 0x00, 0x16, 0xF8, 0xFD,
    0xF4, 0x11, 0x15, 0xE2, 0x0D, 0x01, 0x02, 0x07, 0x00, 0x08, 0x04, 0xE9, 0x17, 0xFC, 0x0A, 0xF5,
    0x0F, 0x03, 0xE7, 0x04, 0x11, 0x13, 0xF6, 0xEF, 0x0D, 0xFA, 0x09, 0x03, 0x01, 0x07, 0x01, 0xF6,
    0x0B, 0xFE, 0x16, 0xF9, 0xF2, 0x11, 0xF8, 0xFD, 0x06, 0x0E, 0x09, 0xF3, 0xF8, 0xFF, 0x0E, 0x04,
    0xFA, 0x00, 0x0C, 0xFC, 0x06, 0xEB, 0x1F, 0x00, 0xE9, 0x09, 0x12, 0xFC, 0x0C, 0xF4, 0xFF, 0x08,
    0xFA, 0x0C, 0x03, 0xF4, 0x11, 0xFC, 0xF6, 0x0E, 0x03, 0x01, 0x08, 0xF3, 0x11, 0x03, 0xE4, 0x14,
    0x09, 0x01, 0x02, 0xFE, 0x05, 0xFE, 0xE5, 0x07, 0x23, 0xF6, 0xFD, 0x02, 0x00, 0xFF, 0xF5, 0x0D,
    0x21, 0xE7, 0xF5, 0x15, 0x02, 0xFB, 0xFF, 0x0B, 0x0C, 0xD9, 0x05, 0x2E, 0xFB, 0xE8, 0xFF, 0x0D,
    0x0C, 0xEE, 0x05, 0x0E, 0x03, 0xE8, 0x11, 0x12, 0x06, 0xFA, 0xF4, 0x02, 0x0B, 0xF4, 0x0F, 0x02,
    0xFC, 0x06, 0x02, 0xF9, 0x09, 0xF5, 0x08, 0x00, 0x06, 0x0F, 0xFE, 0xED, 0x05, 0x0D, 0x0A, 0x01,
    0xFC, 0x00, 0x0D, 0xF0, 0xFE, 0x1B, 0x01, 0xF5, 0xFC, 0xFD, 0x19, 0xF5, 0xFC, 0x16, 0xED, 0xF6,
    0x14, 0x08, 0x09, 0xE9, 0xFB, 0x11, 0xFC, 0x04, 0x0A, 0x03, 0xFC, 0xEF, 0x06, 0x18, 0x02, 0xEE,
    0x06, 0x06, 0xFC, 0x00, 0xFF, 0x0D, 0x06, 0xE7, 0x0E, 0x0C, 0xFB, 0xF7, 0x03, 0x02, 0x11, 0xF4,
    0x06, 0x03, 0x01, 0x09, 0x02, 0xF6, 0x0A, 0x01, 0xF6, 0x07, 0x09, 0x02, 0x08, 0xEF, 0xFC, 0x0D,
    0x00, 0x0A, 0x06, 0xF4, 0x00, 0x02, 0x08, 0x0E, 0xFC, 0xF4, 0x08, 0x05, 0x03, 0x04, 0x00, 0xFA,
    0xF7, 0xFD, 0x1D, 0x0C, 0xF6, 0xF9, 0xFA, 0x03, 0x07, 0x02, 0x18, 0xFD, 0xEB, 0x04, 0x09, 0x08,
    0xFF, 0xF4, 0x08, 0x0B, 0xFE, 0xFC, 0x08, 0x09, 0x03, 0xEF, 0x03, 0x15, 0x02, 0xF1, 0xFB, 0x0A,
    0x13, 0xFA, 0xEF, 0x0A, 0x07, 0xF3, 0x09, 0x04, 0x06, 0xFA, 0xF9, 0x0F, 0x09, 0xF5, 0xFC, 0x09,
    0x08, 0xFF, 0x07, 0x08, 0x01, 0xEC, 0xF4, 0x1C, 0x0B, 0xF7, 0x01, 0xFF, 0xFD, 0xFA, 0x03, 0x1A,
    0xFD, 0xE8, 0x07, 0x07, 0x05, 0x03, 0xFB, 0x0C, 0xFD, 0xF3, 0x0B, 0x04, 0x03, 0x00, 0xF6, 0x04,
    0x14, 0x03, 0xFA, 0xF7, 0xF6, 0x0D, 0x07, 0xF8, 0x0C, 0x08, 0xFF, 0xF8, 0xF3, 0x12, 0x0C, 0xE6,
    0x06, 0x15, 0x05, 0xF9, 0xFA, 0x0C, 0x08, 0xEE, 0x0A, 0x16, 0xF4, 0xF5, 0x06, 0x0E, 0x09, 0xF7,
    0xFD, 0x0E, 0xF4, 0xF8, 0x14, 0x06, 0xF6, 0xFA, 0xFD, 0x16, 0x01, 0xF7, 0x0D, 0x03, 0xF3, 0xFF,
    0x08, 0x11, 0x01, 0xED, 0x0B, 0x0E, 0xF7, 0x02, 0xFD, 0x04, 0x06, 0xF3, 0x04, 0x0E, 0xFF, 0xFD,
    0xF7, 0xFF, 0x15, 0x05, 0xF6, 0x00, 0x05, 0x04, 0xFD, 0xF8, 0x12, 0x0D, 0xF0, 0x03, 0x08, 0xFE,
    0xFF, 0xF3, 0x0C, 0x15, 0xEE, 0xFE, 0x04, 0xFD, 0x07, 0xFA, 0x02, 0x10, 0xF3, 0xFD, 0x0A, 0x03,
    0x02, 0x01, 0xFF, 0x06, 0xFE, 0xFD, 0x0C, 0x03, 0xF7, 0x09, 0x05, 0x02, 0x02, 0xFB, 0x05, 0x00,
    0xF5, 0x0B, 0x06, 0x08, 0x05, 0xF0, 0xFE, 0x0C, 0xFF, 0x00, 0xFF, 0x09, 0x05, 0xF3, 0xFE, 0x16,
    0x04, 0xF7, 0xFF, 0x06, 0x04, 0xF9, 0xFA, 0x10, 0x0C, 0xF8, 0xFB, 0x02, 0x03, 0x02, 0xF6, 0x09,
    0x0F, 0xF9, 0xFE, 0x02, 0x03, 0x05, 0xFA, 0x04, 0x0C, 0x00, 0x04, 0x06, 0xF8, 0xFF, 0x00, 0x01,
    0x07, 0x01, 0x04, 0x05, 0xF8, 0xFD, 0x03, 0x03, 0x05, 0x04, 0xF9, 0x02, 0x03, 0x05, 0x07, 0xFF,
    0x00, 0x0B, 0xF5, 0xF9, 0x09, 0x06, 0x02, 0xFE, 0x00, 0x0D, 0xFB, 0xF3, 0x0D, 0x0A, 0xF9, 0xF4,
    0x07, 0x14, 0xFD, 0xF0, 0x08, 0x11, 0xF8, 0xF0, 0x08, 0x15, 0xFF, 0xF2, 0x03, 0x0D, 0xFD, 0xFB,
    0x09, 0x03, 0xFA, 0x02, 0x03, 0x0A, 0xFE, 0xFC, 0x06, 0xF9, 0xFF, 0x07, 0x03, 0x08, 0xFA, 0xF8,
    0x08, 0x05, 0xFC, 0x07, 0x05, 0xFF, 0xFD, 0xFF, 0x05, 0x00, 0xFE, 0x0A, 0x06, 0xF9, 0x06, 0x00,
    0xFC, 0x07, 0x00, 0x01, 0x00, 0xF7, 0x11, 0x00, 0xF5, 0x0A, 0x07, 0x02, 0xF5, 0xFA, 0x14, 0x09,
    0xED, 0xFE, 0x10, 0x08, 0xFA, 0xFD, 0x03, 0x08, 0xF2, 0xFA, 0x12, 0x05, 0xFD, 0xFC, 0xF9, 0x0B,
    0x01, 0xFD, 0x0C, 0xFC, 0xF9, 0x02, 0x00, 0x0A, 0x07, 0x00, 0x02, 0xFE, 0xFF, 0x03, 0xFD, 0xFF,
    0x09, 0x00, 0x02, 0x08, 0xFC, 0xFE, 0xFB, 0xFE, 0x0A, 0xFE, 0x04, 0x08, 0xF6, 0xFD, 0x08, 0x02,
    0x02, 0xFB, 0xFE, 0x10, 0x02, 0xF4, 0x08, 0x05, 0x00, 0xFF, 0xFD, 0x0B, 0x08, 0xED, 0xFD, 0x0C,
    0x09, 0x06, 0xF8, 0xFE, 0x01, 0xF8, 0x03, 0x0B, 0x06, 0x02, 0xF8, 0xFE, 0x07, 0x07, 0x00, 0xFF,
    0xFD, 0x05, 0x08, 0xFC, 0x06, 0x05, 0xF4, 0xFE, 0x04, 0x0C, 0x05, 0xF3, 0x01, 0x09, 0xFA, 0x01,
    0x05, 0xFF, 0x00, 0xFC, 0x07, 0x0C, 0x00, 0xFB, 0x03, 0x00, 0xFE, 0x02, 0x07, 0x05, 0xF9, 0xF9,
    0x13, 0x08, 0xF2, 0xFA, 0x08, 0x08, 0xFD, 0xFC, 0x0B, 0x00, 0xF5, 0x02, 0x0C, 0x06, 0x00, 0xF8,
    0xFE, 0x06, 0x03, 0x05, 0x02, 0xFC, 0x00, 0x02, 0x00, 0x0A, 0x05, 0xFD, 0xFC, 0xFA, 0x06, 0x09,
    0xFB, 0xFE, 0x02, 0x03, 0x01, 0x00, 0x08, 0x05, 0xF4, 0xF6, 0x0E, 0x0D, 0x00, 0xFC, 0x00, 0x05,
    0x00, 0x01, 0x0A, 0xFE, 0xFA, 0x01, 0x07, 0x02, 0x00, 0xFF, 0x09, 0xFC, 0xFA, 0x08, 0x05, 0xFA,
    0xFE, 0x05, 0x0F, 0x03, 0xF7, 0xFC, 0x08, 0xFB, 0x01, 0x0A, 0x08, 0x03, 0xF5, 0xFE, 0x0D, 0x00,
    0xFD, 0xFE, 0x01, 0x05, 0x04, 0xFF, 0x04, 0x02, 0xFE, 0x00, 0x03, 0x07, 0x03, 0xF6, 0xFB, 0x08,
    0x09, 0x06, 0x00, 0x00, 0x03, 0xF6, 0xFC, 0x0B, 0x07, 0x00, 0xFF, 0xFF, 0x08, 0xFE, 0xFF, 0x02,
    0xFF, 0xFF, 0x05, 0x00, 0x04, 0xFF, 0x00, 0x02, 0x05, 0x00, 0x04, 0xFE, 0x03, 0x00, 0x01, 0x06,
    0x05, 0xFA, 0x02, 0x02, 0x04, 0x02, 0x00, 0x00, 0x05, 0xFF, 0x01, 0x00, 0x04, 0x04, 0xFA, 0xFE,
    0x0D, 0x07, 0xFC, 0xFB, 0x04, 0x05, 0x00, 0xFD, 0x0B, 0x05, 0xF7, 0xFD, 0x07, 0x09, 0xFF, 0xF9,
    0x04, 0x05, 0xFC, 0x01, 0x07, 0x03, 0xFE, 0xFB, 0x05, 0x03, 0xFF, 0x02, 0x07, 0x02, 0xFF, 0x00,
    0x06, 0xFF, 0xFE, 0x02, 0x09, 0xFD, 0xFF, 0x06, 0x04, 0xFC, 0xFE, 0x01, 0x09, 0xFA, 0x00, 0x06,
    0x04, 0x01, 0x00, 0xFF, 0x06, 0xFE, 0x03, 0x02, 0xFD, 0x00, 0x07, 0x02, 0x02, 0xFF, 0x04, 0x00,
    0xFC, 0x00, 0x0D, 0x05, 0xF9, 0x00, 0x05, 0xFF, 0xFC, 0x02, 0x0E, 0x03, 0xFA, 0x00, 0x06, 0x02,
    0xFA, 0xFF, 0x0A, 0x04, 0xFC, 0x01, 0x0B, 0x02, 0xFF, 0xFF, 0x02, 0x03, 0xFE, 0x00, 0x05, 0xFD,
    0x03, 0x04, 0x04, 0x02, 0x01, 0xFC, 0x03, 0xFB, 0x03, 0x08, 0x07, 0x01, 0xFF, 0xFF, 0x04, 0x01,
    0x00, 0x02, 0x06, 0xFF, 0x00, 0xFF, 0x04, 0x04, 0xFD, 0x01, 0x04, 0x02, 0x02, 0xFC, 0x04, 0x05,
    0x00, 0x03, 0x02, 0x01, 0x01, 0xFD, 0x02, 0x07, 0x04, 0xFE, 0x03, 0x04, 0x02, 0x00, 0xFF, 0xFF,
    0x04, 0x00, 0x05, 0x03, 0x00, 0x03, 0xFF, 0xFD, 0x04, 0x03, 0x02, 0xFC, 0x00, 0x04, 0x07, 0x03,
    0x04, 0x02, 0x00, 0xFD, 0x04, 0x01, 0x08, 0xFF, 0xFE, 0x01, 0x02, 0x03, 0x08, 0xFF, 0xFE, 0xFD,
    0x03, 0x06, 0xFF, 0xFF, 0x06, 0xFE, 0x01, 0x06, 0x06, 0x02, 0xFC, 0xFC, 0x09, 0x02, 0xFF, 0x05,
    0x03, 0x00, 0x02, 0x00, 0x07, 0x02, 0xFA, 0xFF, 0x05, 0x02, 0x04, 0x00, 0x02, 0x02, 0x00, 0x04,
    0x04, 0xFB, 0x03, 0x05, 0x03, 0x04, 0x02, 0x01, 0xFF, 0xFB, 0x05, 0x09, 0x02, 0xFF, 0xFF, 0xFD,
    0x05, 0x03, 0x03, 0x05, 0xFB, 0xFD, 0x08, 0x00, 0x06, 0x02, 0xFF, 0x02, 0xFD, 0x02, 0x0B, 0xFE,
    0xFA, 0x05, 0x06, 0x03, 0x04, 0xFF, 0x02, 0xFC, 0xFB, 0x0B, 0x08, 0xFE, 0x01, 0xFC, 0x04, 0x04,
    0xFA, 0x08, 0x04, 0xFE, 0x06, 0x01, 0x04, 0x01, 0xFB, 0x03, 0x05, 0x01, 0x07, 0x01, 0xFD, 0x01,
    0x04, 0x03, 0x06, 0xFD, 0xFD, 0x05, 0xFF, 0x05, 0x06, 0xFC, 0x05, 0xFD, 0x00, 0x06, 0x00, 0x00,
    0x01, 0xFC, 0x08, 0x07, 0x02, 0x01, 0xFF, 0xFD, 0x04, 0x03, 0x03, 0x05, 0xFB, 0xFB, 0x08, 0x04,
    0x04, 0x02, 0xFB, 0x04, 0xFE, 0x00, 0x08, 0x01, 0x01, 0x00, 0xFD, 0x08, 0x04, 0xFD, 0x01, 0x00,
    0x00, 0x05, 0x02, 0x01, 0x02, 0xFE, 0x03, 0x05, 0xFE, 0x04, 0xFF, 0xFB, 0x05, 0x01, 0x02, 0x04,
    0xFD, 0x03, 0x04, 0xFE, 0x07, 0x02, 0xFD, 0x03, 0x02, 0x04, 0x07, 0xFF, 0x01, 0x01, 0xFE, 0x05,
    0x05, 0xFD, 0x01, 0x00, 0x01, 0x08, 0xFF, 0x01, 0x03, 0xFA, 0x01, 0x06, 0x05, 0x05, 0xFD, 0xFF,
    0x05, 0x02, 0x02, 0x05, 0x00, 0xFF, 0x01, 0x02, 0x06, 0x03, 0xFD, 0x03, 0x01, 0xFD, 0x04, 0x00,
    0x00, 0x03, 0x00, 0x05, 0x05, 0xFF, 0x03, 0xFF, 0xFD, 0x05, 0x03, 0x03, 0x03, 0x00, 0x04, 0x04,
    0xFD, 0x02, 0x03, 0xFE, 0x04, 0x02, 0xFF, 0x04, 0xFE, 0xFF, 0x08, 0x00, 0x03, 0x03, 0xFD, 0x00,
    0x01, 0x04, 0x07, 0xFF, 0xFF, 0x02, 0xFF, 0x03, 0x06, 0x02, 0x01, 0x01, 0xFF, 0x03, 0x01, 0xFF,
    0x03, 0x00, 0x00, 0x07, 0x00, 0x04, 0x02, 0xFB, 0x03, 0x03, 0x01, 0x07, 0x00, 0x01, 0x03, 0x00,
    0x03, 0x04, 0xFF, 0x04, 0x02, 0xFC, 0x03, 0x05, 0xFF, 0x04, 0x00, 0x02, 0x05, 0xFB, 0x03, 0x05,
    0xFD, 0x04, 0x03, 0xFE, 0x03, 0xFF, 0x02, 0x07, 0xFF, 0x01, 0x05, 0x00, 0x02, 0x02, 0x00, 0x04,
    0x00, 0x00, 0x05, 0x00, 0x00, 0x05, 0xFE, 0x02, 0x01, 0xFF, 0x06, 0x01, 0xFC, 0x06, 0x00, 0x01,
    0x05, 0x00, 0x02, 0x04, 0xFE, 0x04, 0x03, 0xFF, 0x04, 0x02, 0xFD, 0x05, 0x01, 0x03, 0x03, 0xFD,
    0x03, 0x02, 0xFB, 0x03, 0x02, 0x01, 0x05, 0xFE, 0x03, 0x05, 0xFE, 0x04, 0x04, 0xFF, 0x01, 0x01,
    0x00, 0x06, 0x01, 0x00, 0x06, 0xFE, 0x00, 0x03, 0xFC, 0x02, 0x02, 0xFE, 0x06, 0x02, 0x01, 0x06,
    0xFC, 0x01, 0x04, 0xFF, 0x04, 0x03, 0xFE, 0x06, 0x02, 0xFE, 0x04, 0x02, 0x00, 0x03, 0xFF, 0x04,
    0x00, 0xFE, 0x04, 0x02, 0xFF, 0x06, 0xFE, 0xFE, 0x03, 0x00, 0x04, 0x06, 0xFF, 0x03, 0x00, 0xFE,
    0x05, 0x02, 0x01, 0x05, 0xFF, 0x01, 0x05, 0x01, 0x02, 0x01, 0xFD, 0x01, 0x03, 0x01, 0x04, 0xFF,
    0x00, 0x02, 0x01, 0x04, 0x04, 0xFD, 0x02, 0x01, 0x01, 0x05, 0x00, 0x03, 0x02, 0xFF, 0x00, 0x05,
    0x01, 0x02, 0x00, 0x01, 0x03, 0x01, 0xFF, 0x04, 0xFF, 0x01, 0x04, 0x02, 0x00, 0x00, 0xFD, 0x04,
    0x01, 0x01, 0x04, 0x00, 0x00, 0x04, 0x02, 0x04, 0x02, 0xFF, 0x01, 0x03, 0x01, 0x04, 0x01, 0xFF,
    0x02, 0x00, 0x02, 0x04, 0xFF, 0x01, 0x01, 0xFE, 0x03, 0x04, 0x02, 0x01, 0xFF, 0x02, 0x05, 0x01,
    0x02, 0x03, 0xFF, 0xFF, 0x03, 0x04, 0x03, 0xFF, 0xFF, 0x05, 0x01, 0x00, 0x02, 0x01, 0x00, 0x00,
    0xFF, 0x05, 0x02, 0xFF, 0x03, 0x04, 0x01, 0x02, 0xFF, 0x02, 0x01, 0x00, 0x03, 0x06, 0x00, 0x01,
    0x00, 0x02, 0x02, 0x00, 0x01, 0x04, 0xFF, 0x01, 0x03, 0x01, 0x03, 0x00, 0xFE, 0x03, 0x02, 0x03,
    0x03, 0xFF, 0x02, 0x02, 0x01, 0x04, 0x03, 0x00, 0x00, 0x00, 0x03, 0x05, 0x01, 0x01, 0x02, 0xFD,
    0x00, 0x02, 0x01, 0x04, 0x02, 0xFF, 0x04, 0x02, 0x01, 0x01, 0xFF, 0x02, 0x02, 0x00, 0x03, 0x02,
    0x01, 0x03, 0x02, 0x04, 0x02, 0xFF, 0x00, 0x03, 0x00, 0x02, 0x02, 0x01, 0x02, 0x01, 0x00, 0x04,
    0xFF, 0xFF, 0x01, 0x01, 0x03, 0x01, 0xFF, 0x02, 0x01, 0x00, 0x01, 0x01, 0x01, 0x00, 0xFF, 0x00,
    0x01, 0x00, 0x01, 0x01, 0x00, 0x00, 0x00, 0x00, 0x00, 0x00, 0x00, 0x00, 0xAC, 0x0A, 0x00, 0x00,
    0x70, 0x17, 0x00, 0x00, 0x00, 0x00, 0x00, 0x00, 0x00, 0x00, 0x00, 0x00, 0x00, 0x01, 0x00, 0xFC,
    0x01, 0x03, 0x08, 0xFA, 0xFB, 0x06, 0xFF, 0x00, 0xFF, 0x0A, 0xF9, 0xFE, 0xFF, 0x08, 0xF5, 0x00,
    0x08, 0xF2, 0xFB, 0x0D, 0x0B, 0xF0, 0xFE, 0x0C, 0x04, 0xFD, 0x0F, 0xFF, 0xF4, 0x04, 0x02, 0x00,
    0xF9, 0x00, 0xFD, 0xFB, 0x07, 0xFE, 0xFD, 0x09, 0x09, 0x00, 0xF4, 0x07, 0x08, 0xF7, 0xF5, 0x0C,
    0x09, 0xF6, 0xF9, 0x06, 0x0C, 0xEB, 0xFA, 0x05, 0xFD, 0xF9, 0x04, 0x11, 0x02, 0xF9, 0x02, 0x0D,
    0xFE, 0x02, 0x04, 0xFF, 0xF3, 0x08, 0x00, 0xF8, 0x00, 0x05, 0x03, 0xEE, 0x07, 0x0A, 0xF9, 0x07,
    0x08, 0x04, 0xFA, 0xFE, 0x07, 0xF7, 0xFB, 0x02, 0x0A, 0xFF, 0xF6, 0xFC, 0x10, 0xF7, 0xF4, 0x06,
    0x04, 0xF3, 0x07, 0x0F, 0x08, 0xFF, 0xE8, 0x0C, 0x05, 0x01, 0x03, 0xFB, 0xFB, 0x00, 0x15, 0xFA,
    0xF0, 0xFE, 0x0C, 0xF3, 0x01, 0x14, 0xFD, 0xFB, 0x09, 0x02, 0xFE, 0xF9, 0x08, 0xF7, 0xF7, 0xFD,
    0x15, 0x04, 0xF2, 0xF6, 0x13, 0x05, 0xEC, 0x05, 0xFE, 0xFD, 0xFB, 0x05, 0x03, 0x14, 0xEE, 0xF6,
    0x15, 0x08, 0x07, 0xF5, 0x01, 0xFA, 0x0C, 0x0C, 0xED, 0xF6, 0x06, 0x05, 0xF3, 0x05, 0x06, 0xF3,
    0x07, 0x05, 0x0C, 0xFA, 0xF5, 0x0D, 0x05, 0xF5, 0x02, 0x15, 0xFA, 0xEA, 0x01, 0x13, 0xF8, 0xF2,
    0x09, 0x00, 0xF7, 0xFE, 0x11, 0x0F, 0xFD, 0xE6, 0x0D, 0x11, 0xFC, 0xFA, 0xFD, 0x00, 0xFA, 0x17,
    0xFF, 0xEC, 0xFB, 0x0E, 0xFB, 0xF3, 0x11, 0xFE, 0xF7, 0x07, 0x04, 0x0A, 0xF3, 0xFF, 0x07, 0xFC,
    0xFA, 0x0F, 0x0E, 0xED, 0xF2, 0x0B, 0x0B, 0xF0, 0xF8, 0x0B, 0xF9, 0xF3, 0x07, 0x16, 0x0A, 0xEF,
    0xF1, 0x18, 0x06, 0xFC, 0xF8, 0xFF, 0xFB, 0x05, 0x18, 0xF4, 0xEE, 0x02, 0x10, 0xF0, 0xFD, 0x16,
    0xF7, 0xFE, 0x04, 0x07, 0x03, 0xF2, 0x07, 0xFC, 0xF9, 0x06, 0x1A, 0xFD, 0xE7, 0x04, 0x0E, 0xFE,
    0xEE, 0x00, 0x0D, 0xEB, 0xF2, 0x17, 0x18, 0xF5, 0xE9, 0x16, 0x0F, 0xF9, 0x0B, 0xF3, 0xEC, 0x07,
    0x1A, 0x02, 0xEE, 0xF8, 0x08, 0xFF, 0x05, 0x08, 0xF2, 0x01, 0x0C, 0xFE, 0xF9, 0xF7, 0x0D, 0xF3,
    0xF2, 0x11, 0x21, 0xFA, 0xEA, 0x07, 0x13, 0xF4, 0xEE, 0x10, 0xF9, 0xEC, 0x05, 0x1F, 0x03, 0xEF,
    0x01, 0x0C, 0xF8, 0x0C, 0x11, 0xE5, 0xE5, 0x1C, 0x13, 0xFA, 0xF3, 0x02, 0xFF, 0xF5, 0x10, 0xFE,
    0xF7, 0x04, 0x0A, 0xFB, 0xF3, 0x05, 0x06, 0xEA, 0xFF, 0x17, 0x17, 0xF2, 0xF6, 0x10, 0x0D, 0xE9,
    0xFB, 0x0E, 0xEE, 0xEE, 0x13, 0x19, 0xF3, 0xF5, 0x0B, 0x02, 0xF7, 0x1A, 0x0C, 0xD7, 0xF3, 0x26,
    0x09, 0xF7, 0xF5, 0x08, 0xF2, 0xFA, 0x12, 0xF7, 0xFD, 0x03, 0x0B, 0xF3, 0xF6, 0x10, 0xF8, 0xEB,
    0x0C, 0x16, 0x0A, 0xF2, 0x06, 0x14, 0x01, 0xE6, 0x0D, 0x02, 0xE6, 0xF5, 0x23, 0x00, 0xE6, 0x08,
    0x11, 0xEE, 0x00, 0x34, 0xFE, 0xCF, 0x0C, 0x20, 0xFE, 0xED, 0xFE, 0xFD, 0xED, 0x07, 0x09, 0xF5,
    0x06, 0x0C, 0x01, 0xEE, 0x01, 0x12, 0xEA, 0xED, 0x20, 0x14, 0xF7, 0x06, 0xFB, 0x0C, 0xE5, 0x02,
    0x14, 0xEA, 0xF5, 0x18, 0x16, 0xCE, 0x08, 0x1B, 0xF2, 0x06, 0x24, 0x11, 0xDE, 0xF6, 0x0E, 0x02,
    0xF9, 0xF9, 0xF1, 0xF7, 0x07, 0x03, 0xFF, 0x09, 0x12, 0x00, 0xEB, 0x05, 0x14, 0xEA, 0xE2, 0x14,
    0x18, 0xFC, 0xFC, 0x02, 0x08, 0xEB, 0xFE, 0x13, 0xF2, 0xFC, 0x11, 0x15, 0xDC, 0xF7, 0x1E, 0xF5,
    0x03, 0x1D, 0x15, 0xED, 0xEE, 0x06, 0x02, 0xFD, 0xFB, 0xEE, 0xF5, 0x09, 0x00, 0x01, 0x0C, 0x15,
    0x07, 0xE5, 0x04, 0x1B, 0xEE, 0xD8, 0x09, 0x17, 0x04, 0xF6, 0xFF, 0x0F, 0xE4, 0x08, 0x0D, 0xF3,
    0x0E, 0x1E, 0x01, 0xE5, 0x01, 0x0E, 0xF7, 0x05, 0x1D, 0xFB, 0x02, 0xFF, 0xF8, 0xF9, 0xFD, 0xF9,
    0xF7, 0x01, 0xFE, 0xEE, 0x16, 0x21, 0x12, 0xE3, 0xF6, 0x13, 0xFE, 0xE3, 0xED, 0x1E, 0xF3, 0xE5,
    0x01, 0x2D, 0xFB, 0xDD, 0x16, 0x13, 0x09, 0x01, 0x0D, 0x05, 0xF6, 0xFF, 0x1B, 0x04, 0xE2, 0x04,
    0x0F, 0xFE, 0xFD, 0x02, 0xF4, 0xF5, 0x0C, 0x07, 0xE4, 0x08, 0x10, 0xFB, 0x02, 0x0F, 0x12, 0xEB,
    0xE6, 0x12, 0xFF, 0xF4, 0xFC, 0xF2, 0x11, 0x04, 0x08, 0x04, 0x01, 0xFD, 0xFD, 0x0E, 0x13, 0xFE,
    0x06, 0x0C, 0xF4, 0xFA, 0x02, 0xF5, 0xF3, 0x03, 0x05, 0xEC, 0x07, 0x1F, 0x17, 0xEE, 0xEA, 0x15,
    0x03, 0xEA, 0xE1, 0x1A, 0x00, 0xDF, 0xF7, 0x29, 0x12, 0xD3, 0x0C, 0x19, 0x0C, 0x01, 0x0A, 0x0B,
    0xF8, 0xF9, 0x17, 0x14, 0xDF, 0xFA, 0x18, 0x02, 0xF8, 0x05, 0xF4, 0xE8, 0x02, 0x19, 0xE5, 0xED,
    0x1D, 0x0F, 0x0A, 0x02, 0x1D, 0xF0, 0xD2, 0x03, 0x1A, 0xF2, 0xE8, 0xE3, 0x1C, 0xF4, 0xF1, 0x2C,
    0x19, 0xEA, 0xEB, 0x2E, 0x09, 0xF1, 0x10, 0x26, 0xF9, 0xF2, 0x19, 0xF3, 0xDF, 0x0E, 0x17, 0xF0,
    0xEC, 0xFC, 0xFF, 0xF8, 0xF8, 0x16, 0x10, 0xF4, 0x0B, 0x03, 0xE3, 0x0A, 0x1C, 0xF1, 0xE8, 0xF5,
    0x19, 0xE9, 0xDC, 0x1D, 0x21, 0xD7, 0xE2, 0x27, 0x0D, 0x05, 0x03, 0x0D, 0xFE, 0x2C, 0x28, 0xE2,
    0xEE, 0x07, 0x0E, 0xE4, 0xF8, 0xFE, 0xF0, 0xFD, 0x01, 0x0A, 0xFC, 0x08, 0x13, 0xEA, 0xF8, 0x14,
    0x11, 0xDE, 0xF2, 0x04, 0x0B, 0xF9, 0x06, 0x05, 0xEB, 0x0C, 0x09, 0xE7, 0xEB, 0x26, 0x16, 0xEC,
    0x00, 0x2D, 0x06, 0xFA, 0x10, 0x0E, 0xFE, 0x0C, 0xF3, 0xDD, 0x03, 0xFB, 0x0D, 0xFD, 0xF1, 0x09,
    0xF3, 0xF8, 0x11, 0x10, 0xF9, 0xF3, 0x02, 0x17, 0xDE, 0x02, 0x13, 0xF4, 0xF8, 0x03, 0x04, 0xFE,
    0x1B, 0xF7, 0xFD, 0x00, 0x11, 0xFD, 0x01, 0xFE, 0x05, 0x18, 0x09, 0xDD, 0xF9, 0x0D, 0x07, 0xF2,
    0xFA, 0x10, 0x0E, 0xF9, 0xE2, 0x0C, 0x11, 0xF9, 0xD9, 0x0E, 0x0F, 0x02, 0xFA, 0x07, 0xFD, 0xEB,
    0x14, 0x0A, 0xEA, 0xF0, 0x1E, 0x14, 0xEC, 0x08, 0x21, 0xFE, 0x02, 0x15, 0x09, 0xFA, 0x08, 0xEB,
    0xE8, 0x05, 0xFA, 0x10, 0xF2, 0xF8, 0x06, 0xEF, 0xFE, 0x16, 0x0A, 0xF6, 0xF3, 0x0D, 0x0E, 0xD7,
    0x14, 0x08, 0xF5, 0xF8, 0x09, 0xFA, 0x09, 0x17, 0xF1, 0xFD, 0x04, 0x07, 0xF9, 0x0B, 0xFD, 0x08,
    0x26, 0x05, 0xCB, 0x0A, 0x16, 0x07, 0xE1, 0x01, 0x1E, 0x06, 0xE3, 0xEA, 0x1C, 0x02, 0xE6, 0xE1,
    0x33, 0x0A, 0xFC, 0xFD, 0x05, 0xF9, 0xEA, 0x25, 0x12, 0xFB, 0xD6, 0x13, 0x21, 0xF1, 0xF4, 0x03,
    0x02, 0x11, 0x16, 0xFF, 0xD8, 0xF5, 0x0D, 0x06, 0x06, 0xF7, 0x09, 0xEA, 0xF2, 0x0B, 0x24, 0xFB,
    0xE0, 0xFA, 0x20, 0xFE, 0xE9, 0x04, 0xF9, 0xF3, 0x0A, 0x21, 0x1A, 0xE8, 0xFB, 0x24, 0xFE, 0xEA,
    0xFB, 0x03, 0xEB, 0x10, 0x21, 0xF0, 0x02, 0xFC, 0xF9, 0xF9, 0x13, 0x07, 0xD3, 0xE0, 0x07, 0x0A,
    0xF6, 0x01, 0x0B, 0x1D, 0xF0, 0x00, 0x0B, 0xF0, 0xF9, 0x1B, 0x13, 0xD6, 0x0A, 0x16, 0x02, 0xFB,
    0x10, 0xFF, 0x0B, 0x12, 0xE8, 0xF5, 0x1C, 0xF7, 0xF5, 0xFE, 0x14, 0xF2, 0xEE, 0x09, 0x13, 0xEC,
    0xE2, 0x01, 0x00, 0xF0, 0xF1, 0x27, 0x0F, 0xEF, 0xF9, 0x1A, 0xF4, 0xE9, 0x0E, 0x19, 0x1C, 0x1F,
    0xF1, 0xEE, 0xF0, 0x03, 0x14, 0x08, 0x00, 0xF8, 0x01, 0xFA, 0x11, 0x00, 0xF7, 0xF3, 0xFA, 0xFA,
    0x04, 0x04, 0xED, 0xF2, 0x08, 0x15, 0xFB, 0x01, 0x06, 0x13, 0x24, 0x09, 0xE8, 0xF2, 0xFB, 0x14,
    0x11, 0x05, 0xF6, 0xF8, 0xFF, 0x06, 0x0B, 0x02, 0xF6, 0xF5, 0x00, 0xF3, 0x04, 0xFA, 0xEC, 0xF4,
    0x0F, 0x12, 0x00, 0x06, 0xFD, 0x16, 0x1D, 0xF6, 0xEA, 0xF6, 0x0F, 0x1B, 0x0C, 0xFE, 0xEF, 0xF0,
    0x08, 0x13, 0xF9, 0x02, 0xF0, 0x0D, 0xFA, 0xD1, 0x10, 0x1B, 0xF4, 0xE2, 0x1A, 0x0B, 0xE3, 0xF8,
    0x08, 0xF0, 0x05, 0x22, 0x01, 0xE2, 0x2E, 0x45, 0x12, 0xE2, 0x07, 0x12, 0xD9, 0xE9, 0x11, 0x0F,
    0xF0, 0x07, 0xF9, 0xE4, 0xE2, 0x15, 0x0F, 0xED, 0xF3, 0x15, 0x0E, 0xF2, 0x0B, 0x00, 0xFA, 0x0B,
    0xFF, 0xF1, 0x02, 0x01, 0xFB, 0xF7, 0x0B, 0x11, 0x00, 0x0F, 0x00, 0x15, 0x1A, 0xFA, 0xE8, 0xF1,
    0x04, 0x18, 0x0E, 0xF9, 0xF1, 0xF3, 0xFF, 0x13, 0xFE, 0xFF, 0xF5, 0x04, 0x0A, 0xD0, 0x00, 0x20,
    0x00, 0xDE, 0x0D, 0x18, 0xE7, 0xF0, 0x09, 0xF5, 0xFA, 0x20, 0x0E, 0xE0, 0x1A, 0x4E, 0x21, 0xE9,
    0xF7, 0x1E, 0xDC, 0xDF, 0x08, 0x16, 0xE7, 0xF8, 0x01, 0xE8, 0xD7, 0x0E, 0x19, 0xE5, 0xE5, 0x19,
    0x22, 0xF1, 0x02, 0x01, 0xF4, 0x1B, 0x15, 0xE3, 0xF7, 0x0B, 0x1A, 0x02, 0x02, 0x14, 0xF4, 0x13,
    0x06, 0x1B, 0x0B, 0xEF, 0xF3, 0xE9, 0xFB, 0x04, 0x13, 0xDA, 0xE4, 0x07, 0x02, 0xF6, 0x07, 0xFA,
    0xFB, 0x15, 0x21, 0xE2, 0xF4, 0x1C, 0x1B, 0x0A, 0x0D, 0x1B, 0xDD, 0xE4, 0x01, 0x15, 0x05, 0xEC,
    0xFB, 0x03, 0xD9, 0x04, 0x3B, 0x01, 0xCD, 0x02, 0x31, 0xF5, 0xF1, 0x03, 0xFF, 0xFF, 0x05, 0x08,
    0xF7, 0x07, 0x09, 0x1B, 0x00, 0xF4, 0x1B, 0xFD, 0xF1, 0x05, 0x1D, 0xFE, 0xD7, 0xED, 0x01, 0x09,
    0x0C, 0xF5, 0xEA, 0xDF, 0xFC, 0x12, 0x09, 0x00, 0x06, 0x10, 0xFD, 0x07, 0xFF, 0x15, 0x22, 0xFA,
    0xFF, 0x07, 0x0A, 0x0D, 0x02, 0xEA, 0xF1, 0x11, 0x18, 0xEF, 0xE3, 0x09, 0x08, 0xFA, 0xF0, 0x00,
    0xF3, 0xFC, 0x05, 0x07, 0xF4, 0xFF, 0xF2, 0xEB, 0x0C, 0x20, 0x20, 0xFC, 0xE2, 0x06, 0x34, 0x09,
    0xE4, 0xFB, 0x1A, 0x0F, 0xEA, 0xF1, 0xFE, 0x0C, 0xF9, 0x0D, 0x00, 0xF3, 0x03, 0x0F, 0xFD, 0xF9,
    0x06, 0xF9, 0xF2, 0xF4, 0x10, 0x0D, 0x09, 0xED, 0xF4, 0xEC, 0xFF, 0x0F, 0x0A, 0xFB, 0xFC, 0x0B,
    0xFE, 0xFF, 0x01, 0x20, 0x15, 0xF6, 0x08, 0x08, 0x03, 0x09, 0xFF, 0xEA, 0xF7, 0x14, 0x14, 0xE4,
    0xED, 0x0B, 0x06, 0xF5, 0xF5, 0xFF, 0xF3, 0xFF, 0x07, 0x03, 0xF4, 0x00, 0xEB, 0xF3, 0x15, 0x22,
    0x19, 0xF4, 0xE6, 0x14, 0x35, 0xFD, 0xE0, 0x04, 0x25, 0x06, 0xDD, 0xF1, 0x05, 0x08, 0xEF, 0x0D,
    0xFE, 0xEB, 0x01, 0x22, 0xF5, 0xEF, 0xF4, 0x0A, 0x00, 0xFC, 0x1F, 0x0C, 0x03, 0xE8, 0x0C, 0xF1,
    0xFC, 0x0D, 0x0F, 0xE7, 0xE6, 0x10, 0xF6, 0xEC, 0x12, 0x1F, 0x00, 0xFD, 0x24, 0xFA, 0xD8, 0x05,
    0x10, 0xF8, 0xDD, 0x14, 0x1C, 0xF3, 0xFD, 0x17, 0x1A, 0xEC, 0xF1, 0x11, 0x15, 0xEB, 0xF9, 0xF0,
    0xEB, 0xFA, 0x1A, 0xFB, 0xF4, 0x12, 0x1E, 0xF7, 0xED, 0x12, 0x10, 0xEC, 0xFF, 0x12, 0x07, 0x07,
    0x07, 0x10, 0xE0, 0xF3, 0x15, 0x16, 0xEB, 0xD5, 0xF6, 0xFD, 0x0A, 0xFC, 0xFC, 0xFF, 0x27, 0x23,
    0x03, 0xFF, 0xF6, 0x05, 0xFA, 0x06, 0x0C, 0xF5, 0x02, 0x0A, 0x11, 0xF6, 0xED, 0x04, 0x10, 0xFE,
    0xFF, 0xFD, 0xEA, 0xE3, 0xF2, 0x01, 0xF6, 0x04, 0x18, 0xFA, 0xFF, 0x10, 0x08, 0xFF, 0x16, 0x25,
    0x0E, 0xFB, 0x00, 0x0E, 0xF5, 0xE2, 0xF7, 0x15, 0x05, 0xDB, 0xEE, 0x00, 0xF6, 0x02, 0x00, 0xF2,
    0x05, 0x1F, 0x0F, 0xFD, 0xFC, 0xF7, 0x00, 0x0C, 0x16, 0x0C, 0xFE, 0x02, 0x07, 0x0B, 0xEF, 0xF5,
    0x10, 0x04, 0xF3, 0x00, 0xF1, 0xEB, 0xEC, 0xFC, 0x01, 0xFB, 0xFE, 0x08, 0x00, 0x05, 0x05, 0x08,
    0x08, 0x1C, 0x1F, 0x0C, 0xFF, 0x04, 0x0A, 0xF0, 0xEB, 0xFE, 0x0F, 0xFB, 0xDE, 0xF6, 0xFC, 0xF7,
    0x04, 0xFD, 0xF2, 0x0E, 0x1B, 0x08, 0xFA, 0xFC, 0xF5, 0x05, 0x15, 0x1A, 0x0A, 0x02, 0xFF, 0x07,
    0x04, 0xEC, 0xFF, 0x15, 0xF2, 0xF3, 0xFB, 0xEA, 0xF0, 0xF7, 0x01, 0x05, 0xFD, 0xEA, 0xFF, 0x13,
    0xFB, 0xF6, 0x13, 0x16, 0x19, 0x19, 0x19, 0x0B, 0x01, 0x03, 0xFF, 0x08, 0xEA, 0xE7, 0x0C, 0xF5,
    0xE2, 0xF0, 0x04, 0xF8, 0x0A, 0xFA, 0xF9, 0x07, 0x01, 0xEF, 0x08, 0x0E, 0x09, 0x09, 0x0C, 0x0C,
    0x08, 0x08, 0xFF, 0x0F, 0x0A, 0xF5, 0x0D, 0x03, 0xF1, 0xEB, 0xFE, 0x0F, 0xFF, 0xF6, 0xF1, 0x0F,
    0xEC, 0xE9, 0x07, 0x08, 0x03, 0x07, 0x14, 0x07, 0x10, 0x07, 0x05, 0x00, 0x0A, 0xF4, 0xF1, 0xF5,
    0xF2, 0x04, 0x15, 0xFD, 0xF2, 0xFE, 0xF7, 0xFE, 0x0C, 0x01, 0xFA, 0x04, 0x04, 0x03, 0x08, 0x10,
    0x0A, 0xFD, 0xFE, 0xFF, 0x08, 0xF5, 0xFB, 0x03, 0x08, 0x05, 0x11, 0xFC, 0xF4, 0xF4, 0x03, 0x08,
    0xFC, 0xF6, 0xF8, 0x0C, 0xEF, 0xF9, 0x07, 0x0B, 0x05, 0x0B, 0x0C, 0x01, 0x08, 0x05, 0x00, 0x02,
    0x0B, 0xF4, 0xF4, 0xF3, 0xF6, 0x09, 0x11, 0xF7, 0xF8, 0xFE, 0xF6, 0x03, 0x0D, 0xFF, 0xFB, 0x05,
    0x07, 0x08, 0x07, 0x15, 0x02, 0xF9, 0xF4, 0x01, 0x02, 0xEB, 0xF9, 0xFC, 0x10, 0x0E, 0x10, 0xF6,
    0xFC, 0xFA, 0x03, 0x01, 0xFB, 0xFB, 0xFB, 0x0A, 0x00, 0x03, 0x09, 0x12, 0x0B, 0x05, 0xFC, 0xE9,
    0xFA, 0xFF, 0xF2, 0x06, 0x1C, 0x08, 0xF2, 0xF8, 0x01, 0xEE, 0xF8, 0x04, 0x05, 0xFC, 0x02, 0x01,
    0x05, 0x0C, 0x0B, 0x1C, 0x1B, 0x0A, 0xE7, 0xF6, 0xFD, 0xEA, 0xF8, 0x17, 0x06, 0xF4, 0xF3, 0x06,
    0xFB, 0xFB, 0x0F, 0xFC, 0xFF, 0xFD, 0x07, 0xEE, 0x03, 0x0A, 0x10, 0x07, 0x07, 0x09, 0xF8, 0xF7,
    0xF6, 0xFA, 0x0C, 0x0B, 0x02, 0x03, 0xF8, 0xF1, 0x00, 0x08, 0x01, 0xFF, 0x0F, 0x03, 0xF1, 0xFC,
    0x0D, 0x07, 0x04, 0x06, 0x05, 0xF5, 0xF2, 0xF9, 0x04, 0x08, 0x07, 0x0A, 0x05, 0xF0, 0xEA, 0xFE,
    0x07, 0x03, 0x01, 0x0E, 0x06, 0xF9, 0x03, 0x06, 0xFF, 0x05, 0x14, 0x06, 0xEA, 0xF7, 0xFE, 0xFB,
    0x01, 0x0D, 0x0E, 0x02, 0xEE, 0xEA, 0xFC, 0x03, 0x03, 0x03, 0x0C, 0x06, 0xFF, 0x0A, 0x05, 0xF5,
    0x03, 0x1E, 0x13, 0xDE, 0xF5, 0x0E, 0xF5, 0xEC, 0x15, 0x1A, 0xF9, 0xE6, 0xF8, 0x00, 0xFC, 0xFD,
    0x09, 0x06, 0x02, 0x06, 0x0B, 0xFC, 0xF5, 0x0B, 0x16, 0xF1, 0x03, 0x0C, 0xFE, 0xFA, 0x13, 0x08,
    0xE3, 0xF6, 0xFE, 0xFB, 0xFD, 0x08, 0xFE, 0xF7, 0xFF, 0x0D, 0x0F, 0xF9, 0xFD, 0x05, 0x0D, 0xF1,
    0x02, 0x0F, 0x00, 0x02, 0x17, 0x09, 0xDE, 0xF7, 0x02, 0xF9, 0xFE, 0x10, 0x01, 0xEC, 0xF9, 0x0C,
    0x13, 0xF4, 0xFF, 0x09, 0x06, 0xEB, 0xFC, 0x10, 0x03, 0x05, 0x1E, 0x10, 0xE4, 0xFB, 0xFF, 0xF5,
    0x02, 0x18, 0x07, 0xF1, 0xF6, 0x04, 0x02, 0xF0, 0xFA, 0x08, 0x07, 0xE2, 0x04, 0x0F, 0xFF, 0x08,
    0x22, 0x03, 0xE9, 0x03, 0x00, 0xFF, 0x09, 0x17, 0xFC, 0xF6, 0xFC, 0x0A, 0xFF, 0xF1, 0xF3, 0x08,
    0xFD, 0xE7, 0x05, 0x02, 0x07, 0x18, 0x19, 0xF3, 0xF5, 0x03, 0x00, 0x03, 0x11, 0x0F, 0xFA, 0xFB,
    0x03, 0x0C, 0xFC, 0xEF, 0xF1, 0x07, 0xF6, 0xEF, 0xFB, 0xFC, 0x1A, 0x21, 0x03, 0xED, 0xFF, 0xFE,
    0xFA, 0x0B, 0x14, 0x06, 0x02, 0xFB, 0x09, 0x09, 0xF8, 0xF2, 0xFF, 0x02, 0xF3, 0xF3, 0xFA, 0x08,
    0x14, 0x05, 0xFF, 0xF7, 0xFF, 0x00, 0x08, 0x09, 0x00, 0x02, 0x02, 0x09, 0x09, 0xF9, 0xF3, 0xFC,
    0x09, 0xFA, 0xF4, 0xFE, 0x0C, 0x08, 0xFF, 0x03, 0xF8, 0xFB, 0x04, 0x0A, 0x04, 0xFF, 0x00, 0x04,
    0x07, 0x07, 0xF8, 0xF5, 0xF9, 0x08, 0x00, 0xFA, 0x01, 0x16, 0x06, 0xF4, 0x02, 0xF7, 0xFB, 0x02,
    0x10, 0x02, 0x05, 0x03, 0x00, 0x00, 0xFB, 0xF6, 0xF9, 0xFE, 0xF5, 0xF8, 0x02, 0x0F, 0x1B, 0x03,
    0xF6, 0x02, 0xFD, 0xFE, 0x06, 0x0F, 0x05, 0x02, 0xFE, 0x0B, 0x0C, 0xF3, 0xEE, 0xF9, 0xFF, 0xF5,
    0xF0, 0xFD, 0x09, 0x14, 0x00, 0xFF, 0xFB, 0x01, 0x05, 0x0A, 0x04, 0xFE, 0x05, 0x05, 0x0B, 0x07,
    0xF8, 0xF3, 0xFB, 0x09, 0xF8, 0xF8, 0x03, 0x18, 0xFF, 0xF8, 0x00, 0xF7, 0xFD, 0x07, 0x0E, 0x00,
    0x07, 0x00, 0x01, 0xFF, 0xFA, 0xF5, 0xFA, 0xFE, 0xF4, 0xFB, 0x05, 0x11, 0x17, 0xFC, 0xFC, 0x02,
    0xFD, 0x00, 0x06, 0x0D, 0x03, 0x01, 0x00, 0x10, 0x07, 0xEB, 0xEE, 0xF7, 0xFC, 0xF2, 0xF2, 0x02,
    0x12, 0x14, 0xF6, 0xFC, 0x00, 0x06, 0x07, 0x0B, 0x01, 0x08, 0x0B, 0x04, 0x0A, 0x06, 0xF9, 0xF0,
    0xF7, 0xF7, 0xEA, 0xF6, 0x04, 0x16, 0x02, 0xF2, 0xF9, 0x00, 0x0A, 0x11, 0x0E, 0xFE, 0x04, 0x02,
    0x05, 0x0A, 0x03, 0xFB, 0xFB, 0x07, 0xEF, 0xE5, 0x05, 0x14, 0x08, 0xFB, 0xFF, 0xEC, 0xEB, 0x07,
    0x14, 0x07, 0x14, 0x14, 0x01, 0xFB, 0x03, 0xFD, 0x02, 0x02, 0xF3, 0xE0, 0xF8, 0x0E, 0x0D, 0x05,
    0x0C, 0xFA, 0xF2, 0xFA, 0xFC, 0xFF, 0x01, 0x14, 0x14, 0x09, 0x03, 0xF9, 0x02, 0x09, 0x03, 0xEA,
    0xEE, 0x05, 0x0A, 0xFA, 0x00, 0x04, 0xFA, 0xFF, 0x06, 0x0A, 0xFA, 0xFA, 0x0C, 0x14, 0x01, 0xF2,
    0x00, 0x0C, 0x0A, 0xF0, 0xEE, 0xFE, 0x0D, 0x03, 0xFF, 0x02, 0xF2, 0xFD, 0x05, 0x0C, 0x04, 0xFF,
    0x05, 0x0D, 0x07, 0xF2, 0xF6, 0x02, 0x0B, 0xF7, 0xF3, 0x02, 0x0E, 0x0C, 0xFE, 0x02, 0xF2, 0xF8,
    0x02, 0x0C, 0x06, 0x03, 0x07, 0x0D, 0x0B, 0xF3, 0xEF, 0xF9, 0x05, 0xFB, 0xF2, 0x05, 0x0E, 0x13,
    0x02, 0x03, 0xF4, 0xF5, 0xFC, 0x0C, 0x05, 0x02, 0x0A, 0x15, 0x12, 0xF5, 0xEC, 0xF8, 0xFC, 0xF8,
    0xEA, 0xFB, 0x0A, 0x15, 0x09, 0x0B, 0xFC, 0xF3, 0xFA, 0x06, 0x05, 0x00, 0x06, 0x0F, 0x16, 0x0A,
    0xF0, 0xF5, 0xFF, 0xFE, 0xE5, 0xF0, 0x04, 0x0C, 0x0D, 0x10, 0x05, 0xF4, 0xF8, 0x01, 0x05, 0x03,
    0x01, 0x09, 0x11, 0x14, 0xF9, 0xF7, 0x00, 0x02, 0xEA, 0xEB, 0xFF, 0x01, 0x09, 0x10, 0x0A, 0xF9,
    0xF9, 0x00, 0x02, 0x08, 0x00, 0x02, 0x09, 0x11, 0xFB, 0x01, 0x07, 0xFD, 0xEC, 0xFA, 0x00, 0xF5,
    0x05, 0x06, 0x03, 0xFC, 0x04, 0x00, 0x01, 0x0A, 0x00, 0x03, 0x0B, 0x10, 0xF9, 0x01, 0x04, 0xFC,
    0xED, 0xFE, 0xFD, 0xF8, 0x09, 0x05, 0x01, 0xF8, 0x05, 0xFF, 0x03, 0x08, 0x05, 0x04, 0x0C, 0x0C,
    0xFB, 0x00, 0x01, 0xF9, 0xED, 0x01, 0xFC, 0xFD, 0x0C, 0x06, 0xFD, 0xF4, 0x03, 0x00, 0x02, 0x08,
    0x0B, 0x02, 0x09, 0x09, 0x00, 0x00, 0xFB, 0xF3, 0xF1, 0x04, 0xF9, 0xF9, 0x08, 0x0A, 0xFE, 0xFC,
    0x05, 0x04, 0xFF, 0x01, 0x0A, 0x00, 0x06, 0x06, 0x0A, 0x02, 0xF7, 0xF0, 0xFE, 0x00, 0xF0, 0xFA,
    0x04, 0x07, 0xFB, 0x00, 0x06, 0x08, 0xFD, 0x03, 0x09, 0xFF, 0x01, 0x08, 0x11, 0x02, 0xF2, 0xF6,
    0x07, 0xF7, 0xEF, 0xFC, 0x01, 0x01, 0xF7, 0x04, 0x06, 0x0C, 0x00, 0x06, 0x07, 0xFD, 0xFB, 0x0B,
    0x14, 0x01, 0xF1, 0x01, 0x0A, 0xF3, 0xF7, 0xFD, 0x02, 0xF8, 0xF6, 0x01, 0x03, 0x07, 0x05, 0x09,
    0xFF, 0xFB, 0xFB, 0x0A, 0x0E, 0x01, 0xF9, 0x08, 0x07, 0xFD, 0xF9, 0xFE, 0x01, 0xF3, 0xFA, 0x00,
    0x02, 0x04, 0x0B, 0x04, 0xFB, 0xFA, 0xFC, 0x05, 0x0A, 0x01, 0xFF, 0x09, 0x0A, 0x05, 0xF8, 0x03,
    0xFB, 0xF3, 0xFD, 0x03, 0xFF, 0x06, 0x0B, 0xFF, 0xF8, 0xFC, 0xFA, 0x01, 0x07, 0xFD, 0x02, 0x08,
    0x0C, 0x01, 0x02, 0x07, 0xF5, 0xF5, 0xFE, 0x04, 0x03, 0x0B, 0x04, 0xFC, 0xFB, 0xFD, 0xF8, 0x00,
    0x03, 0xFD, 0x02, 0x0A, 0x08, 0x02, 0x09, 0x03, 0xF6, 0xF9, 0x01, 0x02, 0x06, 0x09, 0x02, 0xFC,
    0xFD, 0xF8, 0xF7, 0x01, 0x02, 0xFE, 0x05, 0x0B, 0x05, 0x07, 0x08, 0x00, 0xF9, 0x00, 0x00, 0xFF,
    0x04, 0x06, 0x02, 0xFE, 0xFA, 0xF0, 0xFA, 0x07, 0x02, 0x01, 0x0A, 0x08, 0x06, 0x04, 0x01, 0xF9,
    0xFE, 0x04, 0x05, 0xFF, 0x02, 0x05, 0x02, 0xF3, 0xF0, 0x00, 0x02, 0xF8, 0x03, 0x0B, 0x0A, 0x08,
    0x07, 0x03, 0xF9, 0xFC, 0x04, 0x04, 0xFD, 0x01, 0x09, 0x02, 0xF2, 0xF7, 0x00, 0xF8, 0xF7, 0x06,
    0x08, 0x0B, 0x0B, 0x0A, 0x04, 0xFB, 0xFC, 0x01, 0x03, 0xFC, 0x01, 0x0B, 0x00, 0xF9, 0xFD, 0xF7,
    0xF2, 0xFF, 0x02, 0x02, 0x0A, 0x0F, 0x06, 0x05, 0x0A, 0xFF, 0xF9, 0xFF, 0x03, 0xFC, 0xFC, 0x02,
    0x03, 0xFD, 0xF4, 0xFC, 0x02, 0xFB, 0xFD, 0x0A, 0x0A, 0x09, 0x09, 0x09, 0x03, 0xF9, 0xFE, 0x06,
    0xFF, 0xF7, 0x04, 0x08, 0xF9, 0xF9, 0x01, 0xFA, 0xF6, 0x01, 0x03, 0x04, 0x09, 0x0E, 0x05, 0x07,
    0x09, 0xFD, 0xFB, 0x00, 0x00, 0xFA, 0xFD, 0x02, 0x01, 0xFB, 0xF8, 0x01, 0x00, 0xFE, 0x03, 0x0C,
    0x07, 0x06, 0x0A, 0x08, 0x04, 0xFB, 0x03, 0x06, 0xF7, 0xF6, 0x03, 0xFE, 0xF4, 0xFD, 0x08, 0x01,
    0xFD, 0x01, 0x04, 0x00, 0x00, 0x03, 0x01, 0x00, 0x00, 0x00, 0x00, 0x00, 0x73, 0x17, 0x00, 0x00,
    0x10, 0x27, 0x00, 0x00, 0x00, 0x00, 0x00, 0x00, 0x49, 0x17, 0x00, 0x00, 0xFE, 0xE6, 0xEE, 0xEF,
    0xF5, 0xFF, 0xF5, 0xEA, 0x02, 0x07, 0xF1, 0xE8, 0xF9, 0xF7, 0x03, 0x0E, 0x19, 0x0E, 0x02, 0x02,
    0xF8, 0xF1, 0xF7, 0xEC, 0xEE, 0x02, 0x0A, 0x10, 0xF7, 0xEB, 0xE7, 0xEF, 0xEA, 0xF6, 0xEC, 0x01,
    0xF6, 0x01, 0x04, 0x0F, 0x15, 0x1A, 0x12, 0x15, 0x0A, 0x0B, 0x0B, 0xFE, 0xFD, 0x04, 0x12, 0x08,
    0xFD, 0xFA, 0xF1, 0x0F, 0x12, 0x08, 0xF2, 0xFA, 0xFB, 0xFA, 0x06, 0x1B, 0x14, 0x03, 0xF8, 0xF8,
    0xFC, 0x03, 0x07, 0xFB, 0x03, 0x08, 0x01, 0x05, 0x08, 0x05, 0x04, 0x06, 0x05, 0x0B, 0x0F, 0x0A,
    0x00, 0x02, 0xFF, 0x00, 0xFD, 0x02, 0xF1, 0xEF, 0xF2, 0xFE, 0x02, 0xF2, 0x03, 0x0D, 0x0B, 0xFE,
    0x0F, 0x02, 0xF2, 0xEC, 0x10, 0x0E, 0x04, 0xF5, 0x01, 0x0D, 0x04, 0xFA, 0xF8, 0xEF, 0xFC, 0x04,
    0x04, 0x0D, 0x0D, 0x0F, 0x01, 0xFE, 0xFC, 0xFE, 0xF9, 0xF9, 0x06, 0x0E, 0x0F, 0x0B, 0xF8, 0xF4,
    0x00, 0x01, 0xFB, 0xF8, 0xEA, 0xF5, 0x0C, 0x0A, 0xFD, 0xE7, 0xE9, 0x03, 0x07, 0x07, 0x0A, 0xEE,
    0x01, 0xF5, 0x0F, 0x19, 0x0C, 0x02, 0x08, 0xFE, 0xF9, 0x04, 0x00, 0x0B, 0x08, 0x13, 0xFC, 0x07,
    0xFD, 0xFC, 0x00, 0xEE, 0xEE, 0x0A, 0x07, 0xF1, 0x07, 0x06, 0x08, 0x0E, 0x06, 0xFF, 0xFD, 0x02,
    0x02, 0x02, 0x06, 0x06, 0xFC, 0xF6, 0xFC, 0xFF, 0xFA, 0x03, 0x07, 0x00, 0xF8, 0xFA, 0xF3, 0xF1,
    0x0A, 0x0A, 0x0B, 0xFF, 0xFB, 0x00, 0x03, 0x05, 0x0B, 0x07, 0x0A, 0x06, 0x08, 0x08, 0x03, 0xFD,
    0xFF, 0x1B, 0x12, 0xF6, 0xF4, 0x05, 0xFC, 0xF8, 0x01, 0x01, 0xFE, 0xE6, 0x03, 0xF5, 0x03, 0xEA,
    0xED, 0x08, 0xFA, 0x16, 0x01, 0x0A, 0xF4, 0x0B, 0xFF, 0x03, 0xF9, 0x0E, 0x0C, 0x10, 0xF7, 0xF9,
    0xF2, 0xFB, 0x09, 0xF9, 0xF5, 0xFB, 0x02, 0xFF, 0xFB, 0xF5, 0xD4, 0xCF, 0xFF, 0xFF, 0xFF, 0x15,
    0x05, 0x00, 0x17, 0x14, 0x16, 0x10, 0x09, 0xF7, 0xF7, 0xEF, 0xF2, 0xF4, 0xEF, 0xF9, 0xF0, 0x0A,
    0x05, 0x02, 0xFC, 0xE5, 0xE4, 0xFB, 0xF6, 0x0E, 0x0C, 0x0E, 0x18, 0x0F, 0x0D, 0x1D, 0x10, 0x09,
    0xFF, 0xFC, 0xF6, 0xF8, 0xFB, 0xF0, 0xF3, 0xF9, 0xF8, 0xF8, 0xFB, 0xFD, 0xFE, 0x02, 0x0B, 0xFC,
    0x04, 0x02, 0xF9, 0xFE, 0x00, 0x0B, 0xFE, 0xF4, 0xEF, 0x03, 0x05, 0xFD, 0xF2, 0xE4, 0xF4, 0xEE,
    0xF7, 0xF4, 0xEF, 0xEF, 0x00, 0x04, 0x01, 0xF8, 0xFC, 0x09, 0x0C, 0x0D, 0x0A, 0x0A, 0x13, 0x1D,
    0x12, 0x0F, 0x0D, 0xF0, 0xF5, 0x00, 0x06, 0x04, 0x0C, 0x0F, 0x04, 0x06, 0x11, 0x06, 0xFF, 0xF3,
    0xF9, 0xFB, 0xE1, 0xF5, 0x0C, 0x07, 0xED, 0xFD, 0x01, 0x09, 0x07, 0x07, 0x09, 0xF7, 0xF8, 0xFA,
    0xFC, 0x08, 0x0D, 0x03, 0xF9, 0xE9, 0xF1, 0xF8, 0x0A, 0xFC, 0x03, 0x06, 0xF5, 0x01, 0x0A, 0x0A,
    0x01, 0xF6, 0xF4, 0xF9, 0x00, 0xF7, 0x15, 0x08, 0x09, 0xF3, 0xEA, 0x09, 0x17, 0x14, 0x18, 0x13,
    0xEC, 0x0A, 0x09, 0x10, 0x1B, 0x1F, 0x01, 0x06, 0x02, 0x11, 0x05, 0xF7, 0x00, 0xFE, 0xF0, 0xFA,
    0x02, 0x13, 0x0C, 0x0A, 0x02, 0xF8, 0xF8, 0x0B, 0x07, 0x11, 0x14, 0x19, 0x1C, 0x02, 0x10, 0x07,
    0x06, 0x07, 0xFF, 0x08, 0xFF, 0x0D, 0x06, 0x06, 0x00, 0xFB, 0x02, 0xDF, 0xFE, 0xF0, 0xFF, 0xF2,
    0xFA, 0xFB, 0xF9, 0xFD, 0xFE, 0x08, 0x01, 0xFF, 0xFE, 0x10, 0x04, 0xF3, 0xED, 0xE8, 0xDF, 0xF0,
    0xFC, 0x0E, 0x0D, 0x17, 0x05, 0xFD, 0x02, 0x07, 0x18, 0x08, 0x03, 0xF8, 0xF5, 0x05, 0x0B, 0x15,
    0x07, 0x04, 0x0C, 0x02, 0xFD, 0x18, 0x08, 0x08, 0x01, 0x01, 0x00, 0x0A, 0x07, 0x06, 0xE5, 0xE3,
    0xFB, 0xEF, 0x1A, 0x17, 0x11, 0x09, 0x0F, 0x03, 0xF8, 0xF5, 0xEC, 0xF5, 0x06, 0xFE, 0xFF, 0xFF,
    0xFE, 0xEF, 0xF6, 0xF0, 0xF9, 0xF0, 0xF8, 0x02, 0xE5, 0xDD, 0xDF, 0xE4, 0xE3, 0xFF, 0x09, 0xF7,
    0xFB, 0xF8, 0xEC, 0xF0, 0x0C, 0xFE, 0xF9, 0xE8, 0xF2, 0xF0, 0xF7, 0xFB, 0xF7, 0xEF, 0xF2, 0xFF,
    0xF3, 0xF9, 0xFB, 0x14, 0x14, 0x07, 0x00, 0x05, 0x06, 0x05, 0x04, 0xFC, 0xF1, 0xFE, 0x01, 0x0B,
    0x06, 0x08, 0x04, 0x02, 0xFB, 0xF5, 0xE5, 0xE3, 0xE3, 0xEA, 0xFA, 0x11, 0x13, 0x07, 0x08, 0xF7,
    0xFA, 0xE0, 0xE6, 0xF0, 0xFE, 0xFD, 0xFC, 0x03, 0xFA, 0xEF, 0xFD, 0xFF, 0xF4, 0xEF, 0xF6, 0x06,
    0x0F, 0x0E, 0x00, 0x02, 0x00, 0xFC, 0xFD, 0x02, 0x02, 0xF8, 0x00, 0xFF, 0x0F, 0x08, 0xFE, 0x00,
    0x03, 0x07, 0x0C, 0x02, 0xF3, 0xE8, 0x02, 0x07, 0xF8, 0xF2, 0xF1, 0x0C, 0xFF, 0xFE, 0x02, 0x0B,
    0x0C, 0x09, 0x00, 0x04, 0xFD, 0x07, 0x0C, 0x09, 0x0F, 0x01, 0x07, 0x09, 0x00, 0xFC, 0x07, 0x05,
    0x0B, 0xFE, 0xFE, 0x07, 0x06, 0x04, 0xFE, 0xFF, 0x10, 0x05, 0xF4, 0xF9, 0x00, 0x01, 0x04, 0x08,
    0xFA, 0xFF, 0x0A, 0x0A, 0xFE, 0x0B, 0x00, 0xFD, 0x06, 0x0C, 0x10, 0xFE, 0xF8, 0xFF, 0x0D, 0x08,
    0x09, 0x07, 0x04, 0x00, 0xF6, 0xF6, 0x05, 0x02, 0x15, 0x09, 0x08, 0x06, 0x01, 0xFE, 0x09, 0x12,
    0x0E, 0x07, 0xFC, 0xFD, 0xFE, 0xFE, 0x12, 0xFF, 0x0D, 0xFD, 0xFE, 0x06, 0x06, 0x01, 0xF4, 0xFC,
    0x08, 0x0F, 0x02, 0x03, 0x02, 0xFF, 0x12, 0x08, 0xFF, 0xEE, 0x03, 0x0C, 0x09, 0x04, 0x05, 0x0A,
    0x06, 0x09, 0x0A, 0x0B, 0x06, 0x08, 0xF4, 0xEF, 0x03, 0x06, 0x15, 0x09, 0xFD, 0xF2, 0xFB, 0x0A,
    0x0A, 0x0D, 0xFD, 0xFC, 0xF4, 0xF0, 0xF0, 0x0C, 0x12, 0xFC, 0xF5, 0xFE, 0x02, 0xFF, 0x02, 0x09,
    0x1B, 0x10, 0x0A, 0x08, 0xF1, 0xE8, 0xE7, 0xE9, 0xFA, 0xFB, 0xF1, 0xFB, 0x0C, 0x05, 0xFE, 0x02,
    0xED, 0xF7, 0x02, 0x05, 0x16, 0x0C, 0xF5, 0x0F, 0x09, 0x04, 0xF6, 0xFF, 0xEC, 0xF6, 0xFF, 0xF2,
    0x04, 0x17, 0x16, 0x09, 0x13, 0xF6, 0xF6, 0x09, 0x05, 0x0B, 0x0D, 0x05, 0xFD, 0x00, 0xF6, 0xED,
    0x07, 0x0D, 0xFB, 0xFA, 0xF0, 0xED, 0xEA, 0xE3, 0xF5, 0xF6, 0x0D, 0x0E, 0x05, 0xFC, 0xFD, 0x03,
    0x0F, 0x0A, 0x0F, 0x07, 0xF1, 0xE8, 0xFA, 0xFC, 0xF8, 0xFE, 0xFB, 0xF3, 0xF3, 0xF2, 0xFC, 0x11,
    0x1A, 0x08, 0x03, 0xFE, 0x06, 0x15, 0x16, 0x04, 0x0C, 0x04, 0x00, 0xFA, 0x04, 0x0C, 0x0A, 0xFE,
    0xF8, 0xED, 0xFB, 0xFD, 0xF9, 0xF5, 0xF1, 0xE9, 0xF7, 0xF5, 0xFA, 0xF6, 0xEE, 0x00, 0xFA, 0xFA,
    0xF4, 0xEC, 0xE9, 0xE7, 0xE2, 0xF1, 0x02, 0x03, 0x00, 0xFE, 0x03, 0xF3, 0x03, 0x03, 0x08, 0x01,
    0xFC, 0xFD, 0x04, 0x0A, 0x00, 0xFE, 0x01, 0x01, 0x0B, 0x1A, 0x15, 0x12, 0x01, 0xFD, 0x07, 0x00,
    0xFA, 0xFE, 0x09, 0x08, 0x0D, 0x07, 0xFD, 0xFD, 0x08, 0x09, 0x05, 0xF9, 0x07, 0xFF, 0xF9, 0xFB,
    0xFD, 0x0C, 0x08, 0xF4, 0xF5, 0xF8, 0x03, 0x04, 0x10, 0x0E, 0x0C, 0xFC, 0xFE, 0x0F, 0x1F, 0x1B,
    0x08, 0x07, 0xF9, 0xEE, 0xEF, 0xF4, 0x05, 0xFA, 0x0C, 0x0E, 0x02, 0xF9, 0xFF, 0xFD, 0xFA, 0x03,
    0xFE, 0x04, 0x0D, 0x02, 0xFD, 0x05, 0xF6, 0xFC, 0xFC, 0xFC, 0xF2, 0xF4, 0xF9, 0xFF, 0x01, 0x00,
    0x0B, 0xF7, 0xF3, 0xF2, 0xFD, 0x0E, 0xFE, 0x03, 0x07, 0x02, 0xF9, 0xF6, 0xF8, 0x01, 0x05, 0xF1,
    0xFB, 0xFB, 0x0B, 0xF1, 0x00, 0x03, 0xF9, 0x01, 0xFB, 0xFA, 0xEB, 0xF2, 0xEE, 0xF6, 0xFC, 0xFA,
    0xF9, 0x02, 0x02, 0x03, 0xFF, 0xFC, 0xF3, 0xF0, 0x09, 0xFB, 0x0F, 0xF5, 0x0A, 0xFA, 0xF9, 0x0E,
    0xFC, 0x07, 0x0D, 0x12, 0x0B, 0xF6, 0x04, 0x04, 0x00, 0xF1, 0xF9, 0xFB, 0xFA, 0xFC, 0xFF, 0x09,
    0x08, 0x05, 0x07, 0xF9, 0xFF, 0x0D, 0x08, 0x18, 0xFD, 0xF3, 0xF6, 0xFC, 0x0C, 0x13, 0xFF, 0x07,
    0xFA, 0x07, 0xF7, 0xED, 0xFB, 0xF6, 0xFB, 0xFD, 0x01, 0xFB, 0x08, 0x10, 0x04, 0x09, 0x11, 0x19,
    0x16, 0x13, 0x05, 0x02, 0xFC, 0x01, 0xFF, 0x03, 0xFA, 0x03, 0x12, 0x08, 0xF7, 0xF9, 0xFE, 0xFF,
    0x0A, 0x0B, 0xF6, 0xEA, 0xF1, 0xF7, 0x09, 0xFF, 0x01, 0x0C, 0x00, 0x06, 0x08, 0x15, 0x11, 0x07,
    0x07, 0x05, 0x03, 0x03, 0x0C, 0x07, 0xFB, 0xFF, 0x06, 0x07, 0x0A, 0x0E, 0x0F, 0xFF, 0xFA, 0xFF,
    0xFC, 0xF9, 0xF5, 0xF8, 0x00, 0xFC, 0xFF, 0xFF, 0xF8, 0xF2, 0xF9, 0xFB, 0x07, 0x07, 0xFB, 0xFD,
    0x0C, 0x08, 0x05, 0x08, 0xF8, 0xFE, 0x00, 0xF7, 0xF9, 0xFC, 0xFD, 0xFE, 0x09, 0xFB, 0xFA, 0xF8,
    0x03, 0xFD, 0xF6, 0xEB, 0xFA, 0xFB, 0x08, 0x00, 0x04, 0x02, 0xF9, 0x01, 0xF5, 0xFB, 0xF5, 0xF5,
    0xF4, 0xFC, 0x0A, 0x0B, 0x06, 0xFA, 0xF5, 0xF5, 0x03, 0x00, 0x06, 0xFE, 0xEF, 0xEF, 0x05, 0x0E,
    0x0E, 0x06, 0x08, 0x0F, 0xFE, 0x03, 0x13, 0xF5, 0x0F, 0x09, 0x1B, 0x07, 0xFC, 0xF6, 0x02, 0xF7,
    0x06, 0xFF, 0xF4, 0xEF, 0xF5, 0xEF, 0xE8, 0xF4, 0xFF, 0xFA, 0xF5, 0xE7, 0xFB, 0x03, 0x13, 0x0B,
    0x08, 0x03, 0xFD, 0x02, 0x10, 0x0C, 0x04, 0xFD, 0xF6, 0x01, 0xF7, 0xF9, 0x01, 0xF1, 0xF0, 0xF4,
    0x02, 0x03, 0x02, 0x01, 0x0C, 0x07, 0x01, 0xFE, 0x02, 0x0B, 0x0A, 0x05, 0x03, 0x05, 0xEE, 0xFB,
    0x10, 0xFB, 0xFC, 0x07, 0x08, 0x02, 0x01, 0x0A, 0x0F, 0x0E, 0x15, 0x0C, 0x05, 0x01, 0x00, 0x0B,
    0x01, 0xF7, 0xF9, 0x0A, 0xF1, 0xE7, 0x05, 0x14, 0x15, 0x0C, 0x03, 0x01, 0xF4, 0xEC, 0xEC, 0xEF,
    0xF6, 0xFC, 0xFA, 0xF8, 0x01, 0x00, 0x16, 0x07, 0xF4, 0xF5, 0x12, 0xF7, 0xF6, 0xEE, 0xFA, 0x03,
    0x0B, 0x18, 0xFD, 0xEF, 0xFB, 0x0A, 0xFB, 0x01, 0x10, 0x08, 0x0D, 0x02, 0x06, 0x06, 0x01, 0xFA,
    0xEF, 0xFE, 0x09, 0x0F, 0x16, 0x05, 0x03, 0x02, 0xF4, 0x01, 0x0F, 0x11, 0x0B, 0x08, 0x0D, 0x13,
    0x06, 0xFC, 0x06, 0x05, 0x0F, 0x0A, 0xF6, 0x0F, 0x12, 0xFC, 0xE9, 0xED, 0xFF, 0x00, 0x0F, 0x07,
    0x00, 0xF5, 0xF7, 0xF9, 0x05, 0x07, 0x08, 0x04, 0x0A, 0x0A, 0x03, 0x00, 0x01, 0xFB, 0x00, 0xF7,
    0xE9, 0xED, 0xF2, 0xF3, 0x08, 0x02, 0xF1, 0xF1, 0xE8, 0xFE, 0x0D, 0x0D, 0xFF, 0xEB, 0xF2, 0x0C,
    0x0E, 0xEE, 0xD1, 0xDF, 0x04, 0x10, 0x10, 0x15, 0x0E, 0x01, 0xF5, 0x01, 0xFB, 0xFD, 0x07, 0x12,
    0x00, 0x02, 0xFA, 0x08, 0x10, 0x12, 0x11, 0x07, 0x00, 0xF6, 0xFD, 0x04, 0xF6, 0x06, 0x00, 0xED,
    0xEE, 0xE4, 0xF6, 0xF2, 0xE7, 0xF3, 0xE5, 0xDC, 0xEB, 0x07, 0x1A, 0x15, 0x04, 0xED, 0xDF, 0xEE,
    0xF8, 0x09, 0x1F, 0x1C, 0x0A, 0xF8, 0xF8, 0xF5, 0xFD, 0x0D, 0x10, 0xFB, 0xF1, 0x01, 0x02, 0x08,
    0x07, 0x04, 0xEA, 0xF3, 0xF5, 0xF1, 0xFA, 0x05, 0xFC, 0xFE, 0x0C, 0x09, 0x02, 0xF6, 0xF3, 0xFF,
    0x0A, 0x05, 0x12, 0x07, 0x03, 0xEA, 0xEC, 0x00, 0xF2, 0x03, 0xFE, 0xF8, 0xF9, 0xF6, 0x03, 0x06,
    0x04, 0x0E, 0x02, 0x02, 0x07, 0x10, 0x08, 0x0C, 0x13, 0x00, 0x01, 0xF9, 0x01, 0x00, 0xFB, 0x01,
    0xFC, 0xF5, 0xFB, 0x0A, 0x17, 0x1A, 0x11, 0x0A, 0x03, 0xFA, 0xF9, 0xF6, 0xFC, 0x06, 0x03, 0x01,
    0xF9, 0xFE, 0xFB, 0xFE, 0xF7, 0xF7, 0xFC, 0xFF, 0x11, 0x0B, 0x11, 0x08, 0x04, 0xF3, 0xFE, 0x02,
    0xFD, 0x01, 0x07, 0x01, 0x03, 0x11, 0x09, 0xFD, 0xF7, 0xF8, 0xFA, 0x05, 0x02, 0xF9, 0xF6, 0xFA,
    0xEE, 0x00, 0x03, 0xF7, 0x02, 0x09, 0x04, 0x09, 0x19, 0x16, 0x07, 0xFC, 0xFB, 0x07, 0x0B, 0x0B,
    0x0A, 0x0B, 0x07, 0x0C, 0x0A, 0x02, 0x0D, 0x1A, 0x16, 0x1B, 0x09, 0xF7, 0xF0, 0xEA, 0x0E, 0x0C,
    0x0C, 0xF2, 0xED, 0x02, 0x0B, 0x02, 0x00, 0xE7, 0xED, 0xF1, 0xF3, 0x08, 0x08, 0x04, 0x05, 0x0B,
    0x05, 0x02, 0xF7, 0x06, 0xFE, 0xE9, 0xE9, 0xFD, 0x25, 0x1F, 0x04, 0xF8, 0xE9, 0xF0, 0xF4, 0xF6,
    0xF1, 0xF0, 0xF7, 0x13, 0x1A, 0x24, 0x1A, 0x01, 0xEA, 0xD9, 0xCC, 0xD5, 0xEA, 0xF8, 0xF7, 0x01,
    0x11, 0x17, 0x12, 0xFE, 0xF6, 0xF4, 0xF5, 0xF7, 0xF3, 0xF8, 0xFB, 0x00, 0x05, 0x11, 0x0F, 0x01,
    0x02, 0xFF, 0xEA, 0xFB, 0x07, 0x05, 0x03, 0x0D, 0x15, 0x10, 0x1A, 0x09, 0x08, 0xFD, 0xEE, 0xEF,
    0xF4, 0x06, 0x0A, 0xFE, 0xFE, 0xFE, 0x0F, 0x0D, 0x00, 0x21, 0xEA, 0x1A, 0x0A, 0x05, 0x28, 0xF7,
    0x04, 0xEA, 0xE3, 0xFC, 0xFE, 0xFA, 0x0C, 0xF1, 0xEF, 0x0B, 0xED, 0x0C, 0xF9, 0xF3, 0x00, 0xF8,
    0x06, 0x09, 0xED, 0x11, 0x06, 0xEE, 0x02, 0xF1, 0xF9, 0x0F, 0xFC, 0x06, 0x08, 0x06, 0x02, 0xF3,
    0xFE, 0x0B, 0x06, 0x10, 0x1A, 0xFB, 0x06, 0xFD, 0xEB, 0xFA, 0xE5, 0xF5, 0xF8, 0xED, 0xFB, 0xFA,
    0x01, 0x04, 0xF9, 0xFA, 0xFA, 0x13, 0x18, 0x08, 0x06, 0x02, 0xFE, 0x00, 0x01, 0x02, 0x03, 0xFE,
    0xFD, 0xFF, 0xFF, 0x07, 0x08, 0x15, 0x0D, 0x0D, 0x01, 0x02, 0x03, 0x03, 0xF0, 0xF2, 0xED, 0xE6,
    0xED, 0xF9, 0xFB, 0xFC, 0xF6, 0xEF, 0xEE, 0xF3, 0x08, 0x09, 0x07, 0xFA, 0xF0, 0xEB, 0x06, 0x00,
    0x00, 0x01, 0xF5, 0xFD, 0xF5, 0xFB, 0xFF, 0xF4, 0xFA, 0xF9, 0x06, 0x03, 0x01, 0xFF, 0xF2, 0xEF,
    0xF5, 0xFC, 0xF8, 0xFC, 0x06, 0x0A, 0x08, 0x0C, 0x04, 0x01, 0xF5, 0xF4, 0xEA, 0xEC, 0xFD, 0x0C,
    0x09, 0x06, 0xFC, 0xF9, 0xEE, 0xFA, 0x04, 0x14, 0x13, 0x0E, 0x10, 0x15, 0x0D, 0x0E, 0x07, 0x12,
    0x1A, 0x12, 0x00, 0xFB, 0xFA, 0xF9, 0x01, 0x0E, 0x0A, 0x03, 0x02, 0xFF, 0x00, 0xF7, 0xF7, 0xF3,
    0x02, 0xFE, 0x00, 0xFD, 0x03, 0x01, 0xF1, 0xF8, 0xFB, 0xF7, 0xE9, 0xF0, 0xEF, 0x04, 0xFC, 0x01,
    0x00, 0xF6, 0x03, 0xF1, 0x0C, 0x19, 0x08, 0x0E, 0xFB, 0xFE, 0x07, 0x05, 0x09, 0x0E, 0x0E, 0x10,
    0xFF, 0xFE, 0x02, 0x02, 0x03, 0x05, 0xF5, 0xF6, 0xED, 0xFE, 0xFA, 0xEB, 0xFC, 0xFD, 0x04, 0x01,
    0x00, 0xF4, 0x03, 0x11, 0xFD, 0xF2, 0xF5, 0x09, 0x0E, 0x11, 0x1D, 0x13, 0x0B, 0xF9, 0xE8, 0xF1,
    0x07, 0x11, 0x05, 0xF0, 0xEA, 0xF0, 0xF8, 0x0B, 0x05, 0x11, 0x01, 0x13, 0x0E, 0x09, 0x06, 0xF2,
    0xF7, 0xFA, 0x05, 0x00, 0x04, 0xFA, 0x04, 0xF0, 0xF9, 0x0F, 0xFD, 0xFF, 0xF5, 0xE8, 0xE0, 0xEE,
    0x0B, 0x0C, 0x0E, 0x0B, 0x08, 0x03, 0xF9, 0xFE, 0x17, 0x14, 0x13, 0x0F, 0x0A, 0x0C, 0xF6, 0xF4,
    0xEC, 0xF3, 0xFF, 0x05, 0x0E, 0x00, 0x00, 0xFD, 0x03, 0x06, 0xFD, 0xF7, 0xF8, 0xFF, 0x01, 0x00,
    0x03, 0x0C, 0x0C, 0x0B, 0x0E, 0x0A, 0x04, 0xF1, 0x06, 0x02, 0x04, 0xFD, 0x06, 0xFE, 0xFD, 0x09,
    0x06, 0x0D, 0x0F, 0x13, 0x06, 0xF1, 0xF3, 0xF2, 0x04, 0x0D, 0x03, 0x08, 0xF9, 0xFC, 0xF4, 0x00,
    0x06, 0x04, 0xFF, 0xFF, 0x0C, 0x08, 0x0B, 0x0B, 0xFA, 0xF8, 0x03, 0x19, 0x13, 0x0C, 0x05, 0xFD,
    0xFA, 0xFE, 0x0F, 0xFE, 0xF3, 0xFD, 0xFD, 0xFC, 0x01, 0x0B, 0x08, 0x00, 0xFA, 0xFF, 0x07, 0x02,
    0xF8, 0xF7, 0xF3, 0xF1, 0xF7, 0xF9, 0x02, 0x08, 0x13, 0x08, 0xFA, 0xF7, 0x05, 0xFD, 0xF9, 0xFE,
    0xFF, 0xF3, 0xF9, 0x07, 0x04, 0x05, 0x02, 0xF1, 0xF1, 0x00, 0x09, 0xF7, 0x01, 0xFE, 0x03, 0xE5,
    0x00, 0xF1, 0xFB, 0x07, 0x00, 0x19, 0x02, 0x0E, 0xEE, 0xFD, 0xF3, 0xE4, 0x10, 0x09, 0x07, 0xFB,
    0x03, 0xFA, 0xF2, 0xED, 0xED, 0xEE, 0xEE, 0x15, 0xFD, 0x27, 0xFC, 0x0D, 0x00, 0x0D, 0x0D, 0x04,
    0x10, 0x0C, 0x1C, 0x01, 0x17, 0x03, 0x01, 0x04, 0x08, 0xFF, 0x13, 0x0D, 0x0A, 0x0A, 0x13, 0x15,
    0x0A, 0x16, 0xFD, 0xEF, 0xF8, 0xFB, 0x0B, 0xFF, 0xF3, 0xF4, 0xFE, 0xFC, 0xF6, 0xFF, 0xF3, 0xF4,
    0xF5, 0xF8, 0xF9, 0xF8, 0xFD, 0x07, 0xFF, 0x03, 0x01, 0x06, 0xFD, 0x02, 0x0B, 0x08, 0x12, 0x17,
    0x0D, 0x02, 0xF9, 0xFD, 0xF9, 0x08, 0x05, 0x02, 0x0A, 0xFF, 0xFE, 0x01, 0x03, 0x01, 0xF8, 0xFA,
    0xFF, 0xF3, 0x07, 0x01, 0x00, 0x06, 0xFC, 0xFA, 0xFD, 0x09, 0x0C, 0x16, 0x0C, 0x0F, 0x0A, 0x07,
    0xF2, 0xF5, 0xFD, 0x00, 0xFC, 0xF4, 0xF2, 0xFD, 0xEE, 0xE1, 0xEB, 0xF6, 0x06, 0x05, 0x09, 0x05,
    0x0E, 0x0B, 0x06, 0xF5, 0xF1, 0xFC, 0x03, 0x09, 0x07, 0x06, 0xF7, 0xFE, 0xFC, 0xFB, 0xF4, 0xEF,
    0x05, 0x05, 0x07, 0x09, 0x0E, 0x00, 0xFA, 0x00, 0xF0, 0xE6, 0xE5, 0xF1, 0xEC, 0xEB, 0xF1, 0xF6,
    0xFA, 0x0B, 0x0F, 0x02, 0x05, 0x02, 0x09, 0x08, 0x0C, 0x0E, 0xFD, 0xFE, 0xF6, 0xFC, 0x08, 0x0B,
    0x07, 0x0D, 0x0E, 0x05, 0xFF, 0x07, 0x0E, 0x0A, 0x0B, 0x0C, 0x1E, 0x0B, 0x01, 0xF5, 0xF6, 0x04,
    0xF8, 0xFC, 0x00, 0x01, 0xFB, 0xFC, 0x05, 0xF3, 0xFB, 0x00, 0x09, 0xFF, 0x03, 0x0C, 0x05, 0x06,
    0x0D, 0x10, 0x03, 0x00, 0xEB, 0xF6, 0xFA, 0x07, 0x0A, 0x05, 0xFE, 0xEF, 0x05, 0x05, 0x04, 0x00,
    0xFB, 0xFF, 0xFC, 0xE9, 0xF7, 0xFE, 0xFE, 0x05, 0xF3, 0xF4, 0x03, 0xFD, 0x08, 0x0D, 0x03, 0xFA,
    0xF3, 0xF1, 0xFA, 0x05, 0xF8, 0xF3, 0xF4, 0xEC, 0xEC, 0xFD, 0xFA, 0xF0, 0xFB, 0xF5, 0x00, 0xFA,
    0xEF, 0xF5, 0xFB, 0x11, 0x19, 0x0F, 0xF5, 0xEA, 0xF6, 0xFA, 0xFF, 0x07, 0xFF, 0x00, 0x00, 0xF6,
    0xEF, 0xF6, 0x01, 0x0F, 0x03, 0xF6, 0x01, 0x00, 0x01, 0x08, 0x15, 0x0F, 0x09, 0x05, 0xFC, 0xF6,
    0xF7, 0xF9, 0x06, 0x0D, 0x00, 0x01, 0xF8, 0x07, 0x06, 0x09, 0x14, 0x06, 0x05, 0xF5, 0xF7, 0xF0,
    0xF2, 0x00, 0x0E, 0x0C, 0x0B, 0x0A, 0x03, 0x05, 0xFE, 0xF7, 0xF2, 0xF5, 0xFC, 0x06, 0xFE, 0x00,
    0xFE, 0x06, 0x0A, 0x10, 0x02, 0xF7, 0xFA, 0x05, 0x07, 0xF6, 0x13, 0xE4, 0xE0, 0x03, 0xEC, 0x0E,
    0x0D, 0x0D, 0x08, 0x10, 0x0E, 0xFB, 0x0A, 0x08, 0x0F, 0x0F, 0x07, 0x0B, 0x05, 0x10, 0xFF, 0x05,
    0x0B, 0x05, 0x00, 0xFF, 0x03, 0x0B, 0x0C, 0x09, 0x00, 0xFC, 0x09, 0xF3, 0xF9, 0xFA, 0x02, 0x04,
    0x0A, 0x0C, 0x05, 0x07, 0x0F, 0x0C, 0x05, 0xEF, 0xFB, 0xF3, 0xF8, 0xF5, 0xEA, 0xE9, 0xF0, 0xFA,
    0x04, 0xEE, 0xFC, 0x0C, 0xF5, 0x0A, 0xFA, 0x04, 0x09, 0x0C, 0x06, 0xF8, 0xFD, 0xFC, 0xFD, 0xF9,
    0xF5, 0xFD, 0xF4, 0xFE, 0xFD, 0xFD, 0xFD, 0xFE, 0x09, 0x00, 0xFC, 0xEA, 0xFA, 0xFF, 0xF4, 0x03,
    0xF8, 0xEE, 0xFF, 0x04, 0x02, 0x04, 0x07, 0x1A, 0x1A, 0x0F, 0x13, 0x00, 0x0B, 0x14, 0x0F, 0x03,
    0xFA, 0xEC, 0xE6, 0xF0, 0xEE, 0x05, 0xF4, 0x02, 0x00, 0xF8, 0xFC, 0x05, 0x09, 0x08, 0xFB, 0x09,
    0x08, 0x02, 0x04, 0x13, 0x14, 0x03, 0xF5, 0xF6, 0x04, 0x01, 0x0B, 0x0B, 0x07, 0x05, 0x0A, 0xFE,
    0x01, 0x03, 0xFB, 0xFA, 0xF1, 0x01, 0x01, 0x03, 0xF6, 0xF7, 0x05, 0xF6, 0xF9, 0xFD, 0xFC, 0xFD,
    0x04, 0x02, 0xFF, 0xF9, 0x01, 0x0A, 0x0A, 0x02, 0x06, 0x0B, 0x03, 0xFF, 0xFF, 0xFE, 0xF3, 0xF2,
    0xF9, 0x00, 0x07, 0xFC, 0x00, 0xFD, 0x01, 0xFF, 0xF7, 0xF8, 0x04, 0x13, 0xFB, 0xF4, 0xF0, 0xF2,
    0xFE, 0xF6, 0xFE, 0x00, 0x11, 0x0D, 0x04, 0xFD, 0x00, 0x0B, 0x05, 0x10, 0x13, 0x19, 0x16, 0x06,
    0x12, 0x09, 0x0A, 0x06, 0x04, 0xF7, 0x02, 0x07, 0x00, 0xFB, 0xF3, 0xED, 0xE8, 0xE6, 0xFC, 0xF5,
    0xF3, 0xFE, 0xFE, 0xFB, 0xFE, 0xEC, 0xF4, 0xFE, 0x0B, 0x08, 0xFF, 0xFB, 0x00, 0xF7, 0xFF, 0x05,
    0x02, 0xF0, 0x04, 0x09, 0x05, 0x08, 0x18, 0x0C, 0xFC, 0x0D, 0x00, 0x03, 0x05, 0x0C, 0x08, 0x00,
    0x05, 0xFB, 0x0D, 0xFF, 0xFE, 0xFF, 0x0E, 0x14, 0x01, 0x03, 0xFB, 0xF9, 0x08, 0x02, 0xFE, 0xFF,
    0xFD, 0xFE, 0x00, 0x06, 0xF8, 0x03, 0x0B, 0xF2, 0x02, 0xEE, 0x07, 0x03, 0xEF, 0xF2, 0xF9, 0x19,
    0x07, 0x05, 0x0C, 0x03, 0xFB, 0x15, 0x12, 0xFE, 0xFD, 0xF5, 0xF9, 0xF4, 0xFF, 0x07, 0x02, 0xF5,
    0xF7, 0xE6, 0xEA, 0x0E, 0x0F, 0x06, 0x0B, 0x0E, 0xF9, 0xF5, 0x13, 0x15, 0x10, 0xF9, 0xFE, 0xE8,
    0xF0, 0x04, 0x06, 0x06, 0xFC, 0xF3, 0xE3, 0xE9, 0xEB, 0x08, 0x0E, 0x07, 0x00, 0xED, 0xF7, 0xFF,
    0x06, 0xFC, 0x0C, 0x00, 0xEF, 0xE9, 0xFA, 0xFB, 0xEF, 0xF5, 0xFA, 0xEC, 0xE3, 0xF5, 0x08, 0x05,
    0xF3, 0xE6, 0xE9, 0xE8, 0xF3, 0xFE, 0xFF, 0x10, 0x0C, 0x08, 0x00, 0xFA, 0xF7, 0xFA, 0xF6, 0x05,
    0x0B, 0x0A, 0x03, 0xF6, 0xFB, 0x00, 0x03, 0x05, 0x0C, 0x05, 0xF9, 0xF4, 0xE8, 0xFC, 0xF7, 0xF7,
    0x01, 0x0B, 0x05, 0xF9, 0x03, 0x03, 0x0D, 0x03, 0xF5, 0xFF, 0x0D, 0x13, 0x0D, 0xFE, 0xFC, 0x06,
    0x17, 0x07, 0x1B, 0x05, 0xFA, 0xF4, 0x03, 0x1C, 0x0D, 0x0A, 0xEE, 0x01, 0x14, 0x0D, 0x12, 0x00,
    0xFA, 0xF9, 0xF7, 0xF6, 0x0B, 0x0A, 0x1A, 0x15, 0x00, 0x01, 0xFF, 0x10, 0x0C, 0x0D, 0xF7, 0xF8,
    0xF6, 0x03, 0x0B, 0xFE, 0xF9, 0x00, 0x00, 0xFF, 0x14, 0xFC, 0x01, 0x08, 0x15, 0x0D, 0xFC, 0x05,
    0x0B, 0x04, 0x04, 0x08, 0xFE, 0x0F, 0xFF, 0xF2, 0xE5, 0xF6, 0xF3, 0x03, 0x11, 0x02, 0x02, 0x00,
    0xF6, 0xFA, 0xFA, 0xFA, 0xF2, 0xE6, 0xFE, 0x0A, 0x11, 0x15, 0x0A, 0x02, 0x09, 0x0B, 0x13, 0xFD,
    0xFA, 0xFD, 0x0A, 0x08, 0xFD, 0x03, 0xFB, 0xF9, 0xFD, 0x01, 0xE9, 0xF8, 0xFA, 0x1B, 0x0A, 0x01,
    0xF8, 0xE8, 0xE8, 0xEC, 0xFD, 0xF4, 0xF1, 0xF3, 0xF8, 0x00, 0x03, 0x09, 0x09, 0xF0, 0xEC, 0xF5,
    0xF6, 0x00, 0x10, 0x13, 0x08, 0x01, 0xF1, 0xE5, 0xE2, 0x01, 0x15, 0x09, 0x07, 0x09, 0x07, 0x0A,
    0xF8, 0xF6, 0xF5, 0x01, 0x0D, 0x08, 0x0C, 0x05, 0x03, 0x00, 0x04, 0x03, 0x0A, 0xFE, 0x0D, 0x04,
    0x01, 0xFC, 0xF8, 0xFF, 0x00, 0xFC, 0x0B, 0x09, 0xF9, 0x04, 0x04, 0x11, 0x10, 0x03, 0xF7, 0xF3,
    0xFC, 0xFD, 0xFD, 0x04, 0x07, 0x06, 0x09, 0x0D, 0x11, 0xFA, 0xFE, 0x06, 0xFC, 0xFD, 0x00, 0xFC,
    0xFE, 0xF8, 0x00, 0x10, 0x0B, 0x04, 0x05, 0x06, 0xF9, 0xF5, 0xF4, 0xF0, 0xFA, 0xF7, 0x00, 0x0A,
    0x06, 0x04, 0xFF, 0xF1, 0xFC, 0xFE, 0x07, 0xFF, 0x08, 0x02, 0x03, 0xF8, 0xED, 0xFB, 0xF8, 0x00,
    0xFC, 0xFF, 0xFA, 0x02, 0xF9, 0xFD, 0x01, 0x01, 0x04, 0x04, 0x03, 0xF5, 0x02, 0x08, 0x07, 0x0B,
    0x0C, 0xFA, 0x00, 0x03, 0x01, 0xF4, 0xF2, 0xEE, 0xF9, 0x13, 0xFB, 0xF2, 0x10, 0x0B, 0xFD, 0xD7,
    0xE6, 0xE0, 0x04, 0xF6, 0x01, 0xDB, 0xE5, 0xFB, 0xF8, 0x17, 0xFA, 0xFF, 0x06, 0x08, 0x05, 0x15,
    0x07, 0x08, 0x1B, 0x19, 0x1B, 0x1B, 0x13, 0x02, 0xFA, 0x19, 0x0C, 0xFC, 0x0D, 0x04, 0xFF, 0xF7,
    0xF7, 0x00, 0xFE, 0x01, 0x08, 0xF4, 0xFB, 0x18, 0x1C, 0xFE, 0xFB, 0x06, 0x09, 0x01, 0xFC, 0x0B,
    0xF8, 0xFE, 0xF3, 0xF0, 0xF4, 0x05, 0x02, 0xFD, 0x07, 0x12, 0x06, 0x01, 0x03, 0xFA, 0xFC, 0x0C,
    0x18, 0x08, 0x05, 0xF6, 0x01, 0x00, 0xFB, 0x05, 0x03, 0x09, 0xFB, 0x05, 0xFF, 0xF8, 0xED, 0xF5,
    0xF3, 0xFF, 0x05, 0x06, 0xE7, 0xE0, 0xED, 0xE4, 0xFE, 0xFB, 0x0F, 0x0D, 0x0C, 0xFF, 0xFF, 0xFF,
    0xFC, 0x02, 0xF0, 0xF6, 0xF6, 0xFC, 0x05, 0x06, 0x02, 0xF7, 0x03, 0xEE, 0xCB, 0xF3, 0xF7, 0xFB,
    0x04, 0xFC, 0xF3, 0xF4, 0x0B, 0xFC, 0xE8, 0xEF, 0xF2, 0x07, 0x16, 0x05, 0xFB, 0x06, 0xF8, 0xFF,
    0x09, 0x01, 0xFD, 0x03, 0xF9, 0xFB, 0x04, 0x04, 0x01, 0x06, 0x04, 0x08, 0x04, 0x10, 0x04, 0x05,
    0x0B, 0x04, 0x08, 0x09, 0x12, 0x10, 0x05, 0x07, 0x0C, 0x18, 0x09, 0x10, 0x03, 0x06, 0x0A, 0x12,
    0x11, 0x01, 0xFB, 0xF9, 0x07, 0x01, 0xFD, 0x04, 0xF9, 0xF1, 0xF8, 0xFC, 0xFE, 0xF7, 0xFA, 0x08,
    0xFE, 0xFD, 0xF4, 0xF9, 0xF9, 0xFD, 0xF5, 0x04, 0xF9, 0x01, 0x04, 0xF9, 0x05, 0xF7, 0x05, 0xFF,
    0x04, 0xFD, 0xFC, 0xFA, 0xFC, 0x02, 0xFF, 0xFD, 0xFD, 0xFA, 0xF9, 0x0D, 0x1B, 0x11, 0x0F, 0x02,
    0xFB, 0xFA, 0xF3, 0x02, 0x00, 0x07, 0xFB, 0xED, 0xF4, 0xFC, 0x00, 0xF2, 0xF3, 0xFB, 0xFD, 0xFE,
    0xEC, 0xF3, 0x0E, 0x0C, 0x03, 0xFB, 0xFE, 0xFF, 0x0C, 0x14, 0x18, 0x12, 0x01, 0xF3, 0xF7, 0x05,
    0x0B, 0xFA, 0x00, 0x00, 0x0D, 0x1A, 0x05, 0x0B, 0xFA, 0x00, 0xF3, 0xEE, 0xF1, 0xF3, 0xFE, 0xF1,
    0x03, 0xFC, 0xF7, 0x01, 0xFB, 0xFE, 0xF5, 0xF9, 0x00, 0xFF, 0x05, 0x0D, 0xFD, 0xEE, 0xF9, 0xFC,
    0x08, 0x05, 0x02, 0xEF, 0xE9, 0xF2, 0xED, 0xFA, 0x02, 0x08, 0x08, 0xF9, 0xEC, 0x07, 0x05, 0x13,
    0x16, 0x0E, 0x02, 0xF9, 0x05, 0x04, 0x01, 0x00, 0x05, 0xFF, 0x0A, 0x05, 0xFC, 0xFE, 0x04, 0x02,
    0xFD, 0xF3, 0x00, 0xFE, 0xFE, 0x06, 0x0A, 0xFE, 0xFA, 0x07, 0x08, 0x0F, 0x0D, 0xF6, 0xF4, 0x02,
    0x10, 0x0E, 0x09, 0x07, 0x06, 0xF3, 0xFA, 0x08, 0x0D, 0x12, 0x08, 0x03, 0x03, 0x06, 0x0F, 0x07,
    0xFF, 0xFD, 0xF6, 0x01, 0x02, 0x01, 0x02, 0x08, 0x14, 0x1A, 0x0D, 0x1A, 0x1B, 0x19, 0x0A, 0x03,
    0x01, 0x03, 0x02, 0xFB, 0x00, 0xFE, 0xFA, 0x00, 0x00, 0x04, 0xF9, 0xF6, 0xFA, 0xFD, 0xFB, 0x04,
    0x07, 0x0E, 0x08, 0x11, 0x0E, 0x06, 0x02, 0xFD, 0xF7, 0x03, 0x03, 0xF9, 0xFD, 0xFC, 0xFB, 0xFB,
    0x02, 0x0E, 0x0C, 0x08, 0xFB, 0xF2, 0xEA, 0xF2, 0xFE, 0x07, 0x02, 0x00, 0xFE, 0x04, 0x0C, 0x03,
    0x07, 0x04, 0x03, 0xFC, 0xFC, 0xFE, 0xFA, 0xF0, 0xFB, 0xF8, 0xF2, 0xF9, 0x03, 0x00, 0xF2, 0xF9,
    0xFA, 0xFF, 0xFA, 0x0C, 0x0B, 0x04, 0x05, 0xF2, 0xF3, 0xFF, 0x09, 0x01, 0x08, 0xFE, 0xF8, 0xE1,
    0xF3, 0xEA, 0xEF, 0x04, 0xFD, 0xFD, 0xF5, 0x01, 0x02, 0xFE, 0xF6, 0xFC, 0xF0, 0xE4, 0xF1, 0x05,
    0xFC, 0xF7, 0xF9, 0xF4, 0xED, 0xF2, 0xF1, 0xFF, 0xEF, 0x09, 0xEA, 0xFF, 0xFD, 0xFD, 0x1F, 0x05,
    0x06, 0xF6, 0xF9, 0xEE, 0xF1, 0xF5, 0x03, 0x0F, 0x0B, 0x0D, 0x07, 0xFC, 0x07, 0xE5, 0xD4, 0x02,
    0xEF, 0x13, 0x15, 0x13, 0x06, 0xF1, 0x03, 0xEE, 0x08, 0xF7, 0x06, 0x05, 0x0C, 0xFD, 0xF6, 0xFE,
    0x10, 0x10, 0x12, 0x09, 0xF7, 0x01, 0xF9, 0xFE, 0xFF, 0x03, 0xFC, 0xFF, 0x0A, 0x01, 0x02, 0xF7,
    0x02, 0x00, 0xF5, 0x05, 0x0A, 0x0E, 0xFC, 0xF2, 0xED, 0xFF, 0x01, 0xFC, 0xF4, 0xF8, 0x05, 0x07,
    0x0E, 0x0C, 0x06, 0x09, 0x0F, 0x10, 0x1C, 0x08, 0x01, 0xF3, 0x06, 0x05, 0x0E, 0x01, 0x08, 0x09,
    0x03, 0x0F, 0xF9, 0x08, 0x00, 0x11, 0x04, 0xF1, 0x08, 0xF9, 0xFE, 0xF6, 0xFA, 0x08, 0x07, 0x0C,
    0xFF, 0x03, 0x0B, 0xFE, 0xFE, 0xF0, 0x03, 0x0F, 0x02, 0x12, 0x04, 0x05, 0x05, 0x05, 0x0C, 0x06,
    0x01, 0xF9, 0xF8, 0x01, 0xF5, 0x0A, 0x14, 0x16, 0x0B, 0x02, 0xFC, 0x06, 0xFF, 0x10, 0xF8, 0xF9,
    0xF4, 0xE7, 0xEB, 0xF4, 0x09, 0xFF, 0x03, 0x01, 0xFA, 0xEB, 0xEB, 0xE5, 0xF3, 0xFC, 0x07, 0x08,
    0x08, 0x06, 0xFB, 0xF9, 0xF2, 0xF9, 0xFE, 0xFD, 0x04, 0xFF, 0xFC, 0xFE, 0xFA, 0xFD, 0xEE, 0xF6,
    0xFF, 0xFC, 0xF7, 0xFE, 0xF8, 0xF1, 0xEA, 0xF9, 0x00, 0xFA, 0xFE, 0x08, 0xFF, 0x0F, 0x12, 0x09,
    0x00, 0xFC, 0x0F, 0x09, 0x02, 0x00, 0xFD, 0xED, 0xF0, 0xF7, 0xFD, 0x08, 0x05, 0x05, 0xF7, 0xFA,
    0xFE, 0xFE, 0xF1, 0xEC, 0xF9, 0x0D, 0x0E, 0x06, 0x07, 0x0A, 0x05, 0x00, 0x07, 0x0D, 0x18, 0x13,
    0x0B, 0x17, 0x06, 0xFF, 0xFF, 0xF4, 0x00, 0xFA, 0xF8, 0xFB, 0xF3, 0xDE, 0xFD, 0x08, 0xFA, 0xF4,
    0xF3, 0xFC, 0x00, 0x07, 0x24, 0x13, 0xFE, 0x03, 0xFA, 0xFB, 0x00, 0xF5, 0xEE, 0xFD, 0xFD, 0xFB,
    0xF5, 0xF9, 0xF6, 0x0C, 0x12, 0x0B, 0x02, 0x02, 0xF2, 0xF6, 0x00, 0x11, 0x10, 0x07, 0x04, 0xEB,
    0xFD, 0x11, 0x0F, 0x04, 0xFA, 0xF3, 0xEC, 0xFC, 0x05, 0xFC, 0xFE, 0xFC, 0xEC, 0xEC, 0xED, 0xF9,
    0xFC, 0xFB, 0xFF, 0x0A, 0x02, 0x0D, 0x12, 0x05, 0x05, 0x06, 0x0C, 0x06, 0x07, 0x11, 0x03, 0x02,
    0xFE, 0xF6, 0xFB, 0x09, 0x04, 0xFC, 0x04, 0x02, 0x0B, 0x08, 0x0B, 0x08, 0x04, 0x06, 0xEB, 0xF6,
    0xF5, 0xEE, 0x06, 0x09, 0x14, 0x03, 0x00, 0xF7, 0xF2, 0xFC, 0xFD, 0x02, 0x03, 0xF8, 0xF7, 0xEA,
    0xF9, 0xFC, 0xFF, 0x05, 0x0B, 0x0E, 0x07, 0xF7, 0xEB, 0xE4, 0xF4, 0xED, 0x03, 0x0C, 0x13, 0x0E,
    0x06, 0xFF, 0xF4, 0xF7, 0xF5, 0x08, 0x0D, 0xFD, 0x09, 0x0D, 0x0B, 0x00, 0xFB, 0xF0, 0xF1, 0xF9,
    0xF6, 0xF0, 0x09, 0x0C, 0x0A, 0xFF, 0x0D, 0x17, 0x16, 0x07, 0x0C, 0x15, 0x0B, 0x10, 0x12, 0x1A,
    0xFE, 0x04, 0xF1, 0x01, 0x01, 0x0B, 0xFB, 0xF9, 0xF9, 0x03, 0x07, 0x07, 0x05, 0x04, 0x14, 0x09,
    0x0B, 0x0A, 0x07, 0x05, 0x05, 0x02, 0xF0, 0xEB, 0xF1, 0xF6, 0xFD, 0xFB, 0xFA, 0xF7, 0xF7, 0xFD,
    0x06, 0x09, 0x02, 0xF9, 0xFA, 0x01, 0x04, 0xFF, 0x04, 0x04, 0x01, 0x02, 0xFE, 0xFC, 0x04, 0xF6,
    0x05, 0x00, 0x0C, 0x04, 0xFE, 0xF5, 0x03, 0x05, 0x05, 0xFA, 0xF0, 0xFF, 0xFD, 0xFF, 0xFA, 0xFC,
    0xFD, 0xFA, 0xF7, 0x07, 0x0A, 0x0D, 0x02, 0x09, 0xF9, 0xF2, 0xF3, 0xFE, 0xF4, 0xF9, 0xEC, 0xEB,
    0xEB, 0xF7, 0xF9, 0xF4, 0xF5, 0xF9, 0xFB, 0x05, 0x07, 0x07, 0x0D, 0x14, 0x0D, 0xF6, 0xEE, 0xE7,
    0xF6, 0xF9, 0x00, 0x16, 0x0A, 0x0D, 0x00, 0xFA, 0xF3, 0xFB, 0xFC, 0x08, 0x13, 0x12, 0x06, 0xF4,
    0xFC, 0xF6, 0xFA, 0x09, 0x17, 0x1B, 0x12, 0x02, 0x04, 0x04, 0xF8, 0xF3, 0x05, 0x11, 0x14, 0x0D,
    0xF8, 0xF1, 0x13, 0x1C, 0x16, 0x08, 0xEF, 0xED, 0x05, 0x13, 0x0D, 0x10, 0xFE, 0xFE, 0xF4, 0xE9,
    0xFA, 0xFC, 0x0D, 0x04, 0x06, 0xF6, 0xF6, 0x08, 0x08, 0x11, 0x16, 0x1B, 0x07, 0xE8, 0xE0, 0xF6,
    0x01, 0x02, 0x09, 0xFB, 0x00, 0x13, 0xF4, 0xF3, 0xFE, 0x01, 0xF8, 0xF0, 0x06, 0xEA, 0xFC, 0x07,
    0x0C, 0x01, 0x0B, 0x05, 0x06, 0xF9, 0xEB, 0xEE, 0xF9, 0x09, 0x05, 0xFD, 0xEB, 0xF6, 0xEF, 0xF0,
    0xFC, 0x05, 0xF9, 0xFF, 0x14, 0x0A, 0xFD, 0x07, 0x00, 0xF9, 0x0B, 0x12, 0x13, 0x0B, 0x0D, 0x0B,
    0xFB, 0x02, 0xF7, 0xF8, 0xF6, 0xFA, 0xEA, 0xFE, 0xFC, 0xF8, 0xEC, 0xFF, 0xF3, 0x02, 0x14, 0x1A,
    0x04, 0xFB, 0x02, 0xFE, 0x03, 0xF8, 0xF6, 0xEF, 0xF9, 0xFD, 0xFD, 0x03, 0xFE, 0xF3, 0xFF, 0xF6,
    0xF6, 0xF6, 0xF1, 0xF8, 0xFD, 0x00, 0xF6, 0xF2, 0xEF, 0xF8, 0xF2, 0x00, 0x0A, 0x02, 0xFE, 0xFA,
    0xFB, 0x08, 0x01, 0x08, 0xED, 0xF3, 0x08, 0xFE, 0x13, 0xFD, 0x0F, 0xF3, 0x10, 0x03, 0xF6, 0xF8,
    0xF8, 0x1A, 0x05, 0x0F, 0xFF, 0x13, 0xF2, 0xE9, 0xF5, 0xF9, 0x05, 0x02, 0x09, 0x0F, 0x10, 0xF5,
    0xFB, 0xF9, 0xFC, 0xF3, 0x00, 0xFC, 0x0C, 0xFE, 0xF6, 0x03, 0xF8, 0xFD, 0xF6, 0x02, 0x0F, 0x14,
    0x12, 0x03, 0x08, 0xFF, 0x07, 0x0B, 0x09, 0xFE, 0x01, 0x07, 0x04, 0x08, 0x03, 0xFB, 0xF8, 0x00,
    0x01, 0x00, 0x10, 0x10, 0x02, 0xFA, 0xF0, 0xFF, 0x09, 0x0C, 0x08, 0x12, 0x0E, 0x02, 0xFF, 0xFB,
    0xF0, 0xE9, 0xF3, 0xF9, 0x0E, 0x18, 0x0C, 0xF8, 0xF1, 0xE7, 0xEF, 0xFA, 0x0D, 0x03, 0x00, 0x02,
    0x0F, 0x10, 0x04, 0xF9, 0xF0, 0xF2, 0xFA, 0xFC, 0x08, 0xF3, 0xFC, 0x0C, 0x0C, 0xFC, 0xFE, 0xF9,
    0xFC, 0x03, 0xFA, 0xF9, 0xFB, 0x0C, 0x03, 0x02, 0x00, 0xFB, 0xFF, 0xFE, 0xF9, 0x03, 0x09, 0xFE,
    0x02, 0xFB, 0xF9, 0xFB, 0xF8, 0x0C, 0x0C, 0x18, 0x16, 0x14, 0x09, 0xF4, 0xED, 0xEE, 0x02, 0x0A,
    0x0A, 0x03, 0x0A, 0xF0, 0xF2, 0xF3, 0xFB, 0x01, 0x05, 0xFC, 0x00, 0xFD, 0xFB, 0xF5, 0xF1, 0x05,
    0x07, 0x11, 0x0D, 0x0F, 0x03, 0x03, 0xF9, 0xF8, 0xFC, 0x04, 0x03, 0x02, 0x01, 0x03, 0xFC, 0xE9,
    0xF0, 0xF0, 0xEE, 0xEE, 0xF9, 0xF6, 0x00, 0xF3, 0xEF, 0xF5, 0xF8, 0x06, 0xFF, 0xFC, 0xF7, 0xF9,
    0xF6, 0xFC, 0x00, 0x02, 0x04, 0x02, 0xF1, 0xFB, 0xFA, 0xFA, 0x06, 0x00, 0x03, 0x04, 0xFE, 0xF9,
    0xF8, 0xFB, 0xF7, 0x07, 0x04, 0x0D, 0x06, 0x00, 0xFF, 0x06, 0x0A, 0x0A, 0x04, 0x02, 0xF3, 0xF9,
    0xF1, 0x02, 0x03, 0x07, 0x19, 0x05, 0x01, 0x04, 0x06, 0x02, 0xFA, 0xF9, 0x16, 0xFC, 0xFD, 0xF7,
    0xF4, 0x00, 0x0A, 0x12, 0x0D, 0x09, 0xFD, 0xF6, 0x12, 0x0B, 0x05, 0xF5, 0x0B, 0x0A, 0xFE, 0xF3,
    0xFF, 0x09, 0x0A, 0x11, 0x14, 0x1A, 0x14, 0x13, 0x0E, 0x14, 0x0A, 0xFF, 0x03, 0x00, 0x08, 0x04,
    0x07, 0x0B, 0x0C, 0x04, 0xEE, 0xF0, 0xF6, 0x0A, 0x11, 0x10, 0xF9, 0xF0, 0x05, 0x0E, 0x0B, 0x13,
    0x15, 0xFF, 0x06, 0x0B, 0x04, 0x06, 0x02, 0x03, 0x04, 0x07, 0xF9, 0xF8, 0xF7, 0xFF, 0x03, 0x05,
    0xFA, 0xF6, 0x00, 0xFF, 0xFC, 0xFC, 0x03, 0x10, 0x11, 0x0B, 0xFC, 0xFA, 0xF3, 0xFE, 0x08, 0x07,
    0xFF, 0x09, 0xFF, 0xFE, 0x06, 0x0E, 0x0C, 0x03, 0xF1, 0xE4, 0xEF, 0x05, 0x0F, 0x06, 0xFE, 0x07,
    0x04, 0xFE, 0x01, 0x01, 0x06, 0x00, 0xF7, 0xFD, 0x00, 0x06, 0xFF, 0xF8, 0xF8, 0xF2, 0xFC, 0xF8,
    0xF2, 0xEC, 0xE2, 0xE5, 0xE9, 0x09, 0x13, 0x16, 0x03, 0x06, 0x01, 0xFB, 0x05, 0x05, 0x05, 0x03,
    0xF7, 0xF9, 0xEE, 0xEC, 0x02, 0x07, 0x01, 0xFB, 0xEE, 0xF6, 0xF5, 0xF9, 0xF9, 0xFC, 0xF6, 0xFF,
    0x05, 0x10, 0x08, 0x0A, 0x09, 0xFA, 0x00, 0xFD, 0x10, 0x05, 0xF8, 0xF1, 0xFD, 0x03, 0x0E, 0x01,
    0xFF, 0xE6, 0x02, 0x12, 0xFD, 0xEE, 0xEE, 0xFB, 0x05, 0xFF, 0x05, 0xFB, 0xF7, 0x0B, 0x00, 0xFF,
    0xF5, 0xF0, 0xED, 0x00, 0x02, 0x01, 0xF5, 0x00, 0xF8, 0x03, 0x0B, 0x07, 0x01, 0xFD, 0xEE, 0xF5,
    0x06, 0x08, 0x09, 0x0E, 0x11, 0x15, 0xF7, 0xEE, 0xEA, 0xF7, 0x0B, 0x08, 0x0F, 0x02, 0xF8, 0xF4,
    0xEE, 0xF9, 0xFE, 0xFA, 0xF7, 0xFD, 0xF7, 0xFB, 0xFA, 0xF5, 0xF7, 0xFC, 0x04, 0x04, 0xFF, 0x02,
    0xF7, 0xF3, 0xFB, 0xFF, 0x02, 0x01, 0x01, 0xFB, 0xF0, 0xF1, 0xEE, 0xF3, 0x06, 0x09, 0x0C, 0x00,
    0x03, 0xF6, 0xF6, 0x01, 0x05, 0x0F, 0x07, 0x01, 0xF4, 0x06, 0x02, 0x0C, 0x03, 0xFA, 0x05, 0x02,
    0x0A, 0x0C, 0x07, 0x07, 0x05, 0xFF, 0x00, 0xFE, 0x0B, 0x03, 0x02, 0x0C, 0x01, 0x00, 0xEA, 0xF6,
    0xFC, 0x02, 0x0C, 0x15, 0x10, 0x11, 0x11, 0xF9, 0xF1, 0xF2, 0x16, 0x19, 0x1E, 0xF9, 0xF8, 0x10,
    0xED, 0x08, 0x14, 0x0E, 0xFD, 0x05, 0xEE, 0x00, 0x0C, 0x03, 0xFF, 0x0B, 0x0A, 0x00, 0x0B, 0x0A,
    0x03, 0x0F, 0x0D, 0xF8, 0x0D, 0x11, 0x01, 0xF4, 0x06, 0x00, 0xFD, 0xFD, 0xFE, 0xF4, 0xFE, 0xFD,
    0xEC, 0xF8, 0xF7, 0xF7, 0x02, 0x0D, 0x09, 0x01, 0xFD, 0xFE, 0x01, 0xF5, 0xEE, 0xF2, 0xF4, 0xF6,
    0x02, 0xF6, 0x04, 0x0D, 0x0C, 0xFB, 0xF2, 0x02, 0x02, 0x04, 0x0E, 0x14, 0xFE, 0x04, 0x00, 0xEC,
    0xF1, 0xFC, 0x05, 0x04, 0x0F, 0xFA, 0xF0, 0xF1, 0xFD, 0xFC, 0x01, 0x05, 0x09, 0x06, 0xF6, 0xEA,
    0xF4, 0xF5, 0xF1, 0x02, 0xFA, 0x05, 0xFB, 0x05, 0x06, 0x07, 0x0A, 0xF7, 0xFD, 0x08, 0x0D, 0x0E,
    0x11, 0x12, 0x09, 0x02, 0xF4, 0xF9, 0xFA, 0xFA, 0x03, 0xF8, 0x06, 0x04, 0x13, 0x1C, 0x07, 0xF1,
    0x04, 0xFA, 0x01, 0x01, 0xFB, 0xF6, 0xF2, 0x05, 0x0E, 0xFE, 0xF9, 0xFF, 0x05, 0xF9, 0xF7, 0xFB,
    0x06, 0x06, 0x07, 0x02, 0xFB, 0x03, 0x03, 0xF3, 0xE9, 0xF6, 0x09, 0x06, 0x0E, 0x15, 0x12, 0xFD,
    0x01, 0x00, 0xF5, 0xF7, 0xFA, 0x02, 0xEF, 0x00, 0x01, 0x05, 0x11, 0x0E, 0x0F, 0x04, 0x01, 0xFD,
    0xFB, 0xEB, 0xE6, 0xE7, 0x08, 0x09, 0x19, 0x19, 0x13, 0x1B, 0x00, 0xEE, 0xDF, 0xE9, 0xF8, 0x1B,
    0x29, 0x1B, 0x12, 0x09, 0xED, 0xF0, 0x02, 0x14, 0x22, 0x0A, 0x0B, 0x09, 0x12, 0x10, 0x00, 0x09,
    0x0B, 0x02, 0xF0, 0xFF, 0xF3, 0xF7, 0xF0, 0xEA, 0xF1, 0x07, 0x0B, 0x17, 0x08, 0x03, 0xF4, 0xF2,
    0x02, 0x05, 0xFA, 0xDB, 0xDF, 0xF7, 0x0E, 0x05, 0xF8, 0xF9, 0x10, 0x02, 0xFC, 0xF4, 0x0F, 0xF1,
    0x01, 0xEB, 0xFB, 0xFE, 0x02, 0x17, 0x09, 0x07, 0x0A, 0x0F, 0xFB, 0x02, 0x08, 0x03, 0x16, 0x01,
    0xF8, 0x04, 0x05, 0x01, 0x05, 0x02, 0x10, 0x03, 0x01, 0xF5, 0x15, 0x0B, 0x01, 0x07, 0x02, 0x09,
    0x03, 0xFF, 0x08, 0x13, 0xFF, 0xEA, 0x00, 0x1F, 0x0D, 0xF8, 0xEC, 0xEE, 0xF2, 0xEC, 0xEC, 0xF1,
    0x0F, 0xFC, 0xFF, 0xFD, 0x05, 0xFC, 0x0E, 0x03, 0xEC, 0xE2, 0xEB, 0xF1, 0xFD, 0xF9, 0xEF, 0xE9,
    0xF8, 0x0D, 0x0D, 0xFF, 0xF6, 0xEB, 0xEE, 0x02, 0xF9, 0x12, 0xFE, 0x01, 0x07, 0x06, 0xFF, 0xFE,
    0xF5, 0xFF, 0xFF, 0xFC, 0xF4, 0x00, 0x14, 0x0A, 0x0F, 0x07, 0x14, 0x04, 0x14, 0x14, 0x04, 0x01,
    0x0C, 0x12, 0x00, 0xF2, 0x0C, 0x00, 0x03, 0x03, 0x06, 0x05, 0xFF, 0x08, 0x04, 0x04, 0x00, 0xE9,
    0x0F, 0x09, 0x17, 0x00, 0xFE, 0xFB, 0xFD, 0xFF, 0xF8, 0xE5, 0x07, 0x07, 0x0B, 0x0D, 0x06, 0xFC,
    0xF2, 0x19, 0x19, 0x0C, 0x04, 0x08, 0x08, 0xF9, 0x00, 0xFC, 0xFA, 0x07, 0xFC, 0x06, 0x1C, 0x0B,
    0x0E, 0xFC, 0x00, 0xFE, 0x00, 0x07, 0x0A, 0x09, 0x09, 0x05, 0xFE, 0x05, 0xFC, 0x03, 0x00, 0x11,
    0x0B, 0x00, 0xFE, 0xFD, 0x0A, 0x0A, 0xFD, 0xFC, 0x00, 0x0B, 0x0E, 0x09, 0x02, 0xF6, 0x02, 0x01,
    0xF3, 0xFB, 0x08, 0x1B, 0x17, 0x05, 0xF7, 0xF2, 0xE6, 0xF9, 0xFE, 0x06, 0xFF, 0x06, 0xEE, 0xF3,
    0xEB, 0xF0, 0xF4, 0xFE, 0xFF, 0xFC, 0xFC, 0xFF, 0x01, 0x04, 0x10, 0x0D, 0xFE, 0xFA, 0xFE, 0x05,
    0x0B, 0x0B, 0xFD, 0xF9, 0xF1, 0xEB, 0xF5, 0xFC, 0x01, 0x02, 0x07, 0x01, 0x0D, 0x06, 0xFD, 0xF9,
    0xFD, 0x0A, 0x04, 0x02, 0xF9, 0x0A, 0x0F, 0x01, 0x02, 0x02, 0x0D, 0xFA, 0x0B, 0x0D, 0xFF, 0xF4,
    0xE8, 0xF7, 0x03, 0xF8, 0xD9, 0xD9, 0xEE, 0x00, 0xFE, 0xD3, 0xD4, 0xF0, 0x19, 0x30, 0x29, 0x22,
    0xFD, 0xED, 0xF3, 0xFC, 0x02, 0x10, 0x06, 0x14, 0x13, 0x06, 0xFD, 0xF7, 0xFB, 0xF8, 0x03, 0x0B,
    0x1A, 0x17, 0x0F, 0x0C, 0x0E, 0xFC, 0xEF, 0xF6, 0xE9, 0xEF, 0x00, 0x0E, 0x0F, 0xFE, 0x0D, 0x06,
    0xEF, 0xDA, 0xE2, 0xF0, 0x00, 0x04, 0xFF, 0xF7, 0x09, 0x15, 0x11, 0x06, 0xFC, 0xFD, 0x00, 0x03,
    0x03, 0xF8, 0xEF, 0xF1, 0xEB, 0xF1, 0xF5, 0xFC, 0xF8, 0xFF, 0xF7, 0xED, 0xE8, 0xF3, 0xF6, 0x03,
    0x1B, 0xFA, 0xDE, 0xE3, 0xDB, 0xE0, 0xF9, 0x07, 0x09, 0x0F, 0xFE, 0xFD, 0x01, 0xFC, 0xFE, 0xFE,
    0xF2, 0xF7, 0x13, 0x17, 0x0B, 0x01, 0xF8, 0xEB, 0xEE, 0xF5, 0xFD, 0x0E, 0x13, 0x18, 0x19, 0x15,
    0xF5, 0xEC, 0xED, 0x06, 0x08, 0x04, 0x04, 0x00, 0xF9, 0xFC, 0x02, 0xF3, 0xE9, 0xFD, 0x08, 0xFF,
    0x00, 0x03, 0xFD, 0xFC, 0xFE, 0xF5, 0xFE, 0xFD, 0x00, 0xFE, 0xF4, 0x06, 0x05, 0x0B, 0x07, 0x04,
    0x08, 0x0D, 0x0C, 0x00, 0x06, 0xF6, 0xF4, 0xFB, 0xFC, 0xF9, 0xF7, 0xFF, 0xFF, 0xFE, 0x06, 0x0B,
    0x03, 0x03, 0x17, 0xFE, 0xF8, 0x00, 0xFA, 0x0C, 0x0E, 0x12, 0x04, 0xF9, 0xFB, 0xFA, 0xF6, 0x03,
    0x10, 0x0B, 0x0B, 0x0E, 0x0D, 0x0B, 0x0D, 0x01, 0xFA, 0xF5, 0xF3, 0xF8, 0x0E, 0xFB, 0x07, 0xFD,
    0xFC, 0x04, 0x00, 0x0B, 0x04, 0x0A, 0x0C, 0x0E, 0xFE, 0x09, 0x0D, 0x0D, 0x0F, 0x03, 0x04, 0x00,
    0xFA, 0x03, 0xED, 0xEC, 0xD6, 0xFC, 0x0E, 0x1A, 0x16, 0x05, 0x09, 0xFB, 0xF6, 0xF1, 0xF6, 0xFB,
    0xFF, 0x01, 0xF0, 0xFA, 0x02, 0xF2, 0xFF, 0xFD, 0xFF, 0xFD, 0x02, 0xF2, 0xE6, 0xF0, 0x06, 0xFE,
    0x05, 0x02, 0xFF, 0x00, 0xF9, 0x08, 0x05, 0x09, 0x04, 0x0E, 0x20, 0x0C, 0x12, 0xF9, 0xEF, 0xF3,
    0xF3, 0x02, 0x0E, 0x01, 0x02, 0xFD, 0xFE, 0xFE, 0xF8, 0xF2, 0x07, 0x0A, 0x03, 0xF6, 0xEA, 0xF5,
    0xFA, 0xF5, 0x01, 0x00, 0x0C, 0x01, 0x00, 0xF0, 0xFA, 0x13, 0x1B, 0x19, 0x12, 0x03, 0xF7, 0xF3,
    0x05, 0x11, 0x0E, 0x04, 0x01, 0xFA, 0x02, 0x01, 0xF5, 0xFB, 0x01, 0xFE, 0xFD, 0x09, 0x05, 0x08,
    0x0A, 0x14, 0x0C, 0x09, 0x04, 0x11, 0x0D, 0xFD, 0xFC, 0xFD, 0x07, 0x07, 0x0B, 0x0E, 0x15, 0x0C,
    0x06, 0xFD, 0x08, 0x06, 0xFC, 0xFC, 0xF4, 0xF2, 0xF7, 0x02, 0x17, 0x08, 0x01, 0x02, 0x01, 0xFE,
    0xF6, 0xF3, 0x05, 0x15, 0x0B, 0x07, 0x09, 0x08, 0xFB, 0x05, 0x0F, 0x09, 0xFB, 0xF1, 0xF0, 0xFF,
    0x05, 0xFE, 0x04, 0x00, 0xF2, 0xF7, 0xFA, 0xF3, 0x0A, 0x09, 0x04, 0x08, 0x05, 0xFE, 0xFF, 0xF9,
    0x01, 0x06, 0x03, 0xFB, 0xFC, 0xF1, 0xF1, 0xF4, 0x03, 0x04, 0x04, 0x04, 0xFF, 0xFB, 0x05, 0x0D,
    0x06, 0x12, 0x10, 0x0E, 0x14, 0x03, 0x02, 0xFF, 0x09, 0x08, 0x06, 0xFC, 0xFD, 0xF6, 0x05, 0xFF,
    0xF6, 0xF2, 0xF6, 0xF3, 0xFA, 0xF0, 0xEF, 0xEF, 0xF5, 0xF7, 0xF7, 0xF1, 0xFB, 0x01, 0xEE, 0xFF,
    0x10, 0x18, 0x11, 0xFE, 0xEE, 0xE6, 0xF1, 0xF2, 0xFE, 0x05, 0x01, 0xF4, 0xF0, 0xF0, 0xE6, 0xF2,
    0xF5, 0x06, 0xFE, 0x0A, 0x06, 0x01, 0xFA, 0xFB, 0x01, 0xF7, 0xFA, 0xED, 0xF3, 0xF5, 0xEC, 0xEF,
    0xF5, 0xE8, 0xF7, 0x0C, 0x0C, 0x08, 0xF3, 0xEA, 0xEB, 0xFB, 0x08, 0x0A, 0x0E, 0x0C, 0x01, 0xF5,
    0xE7, 0xF3, 0xFB, 0x00, 0x06, 0xF9, 0xFF, 0xFF, 0x08, 0xF9, 0xEE, 0x09, 0x12, 0x0A, 0xFF, 0x07,
    0x14, 0x0A, 0x06, 0x08, 0x06, 0xFC, 0xFE, 0xE6, 0xF5, 0xE1, 0xE7, 0xFA, 0xF9, 0x0E, 0x0F, 0x16,
    0x16, 0x0B, 0xFA, 0x13, 0x00, 0xFE, 0x08, 0x15, 0x11, 0xFA, 0x04, 0x0B, 0x0B, 0x0F, 0x12, 0x02,
    0xFE, 0x0A, 0x0A, 0x11, 0x0A, 0x07, 0x02, 0xFB, 0xFF, 0x02, 0xFB, 0xF4, 0xFC, 0xF7, 0x0A, 0x01,
    0xFF, 0x0A, 0x08, 0xF5, 0xFB, 0xFF, 0x04, 0x0B, 0x0E, 0x0A, 0x03, 0xFF, 0xF9, 0xF9, 0xF0, 0xFF,
    0xF2, 0xF5, 0xF3, 0xF1, 0x10, 0x01, 0x10, 0x11, 0x10, 0x05, 0x09, 0x07, 0x12, 0x0D, 0x06, 0xF6,
    0xEE, 0xF0, 0xFE, 0xFC, 0xFF, 0x11, 0x07, 0xFA, 0xF6, 0xF1, 0x00, 0xF6, 0xF4, 0xEF, 0x00, 0xFD,
    0xFF, 0x0C, 0x05, 0xFA, 0x06, 0xF8, 0x0D, 0x11, 0x0C, 0x22, 0x14, 0xFE, 0xFB, 0x03, 0x07, 0xFE,
    0xF8, 0xF1, 0x04, 0xFB, 0xF6, 0xF1, 0xE9, 0xEB, 0xFB, 0x08, 0x04, 0x03, 0xF9, 0xED, 0xEE, 0xFE,
    0x04, 0x01, 0xFB, 0xFB, 0xFD, 0xF4, 0x07, 0x01, 0x03, 0xFD, 0x07, 0x08, 0x05, 0xF3, 0xF4, 0xE7,
    0xE2, 0xE3, 0x02, 0x0D, 0x09, 0x08, 0x02, 0x08, 0x11, 0x17, 0x1D, 0x0B, 0x08, 0x0A, 0x06, 0x0A,
    0x0A, 0xFA, 0xF2, 0xFD, 0x06, 0x07, 0x0D, 0x05, 0xF6, 0xFB, 0x01, 0x04, 0x05, 0xFD, 0xFC, 0x0B,
    0x14, 0x0A, 0x19, 0x0F, 0x01, 0xFE, 0x06, 0x06, 0xF7, 0x04, 0x1C, 0x1A, 0x07, 0xED, 0xEE, 0xFB,
    0xFD, 0x0A, 0xFC, 0xFC, 0x06, 0x08, 0xFD, 0x00, 0xFD, 0xF6, 0xF7, 0x01, 0x00, 0x0E, 0x02, 0xFF,
    0xF3, 0xFC, 0x04, 0xDB, 0x1D, 0xF4, 0xF2, 0xFB, 0xEA, 0x19, 0x1D, 0x0F, 0x07, 0x05, 0xF0, 0xE1,
    0xF0, 0xFB, 0x10, 0x22, 0x0E, 0xF6, 0x02, 0xFD, 0xFB, 0x09, 0x06, 0xFC, 0xF8, 0xFF, 0xEE, 0xFE,
    0xFA, 0xF4, 0xFB, 0x13, 0xF6, 0xFD, 0xFE, 0x01, 0xFD, 0x04, 0x12, 0x0A, 0x13, 0x03, 0xF3, 0xF2,
    0xFA, 0xFD, 0x01, 0xF9, 0xF6, 0x02, 0xFB, 0xF4, 0xF0, 0xFA, 0x0B, 0x13, 0x17, 0x10, 0xFC, 0x01,
    0x01, 0xEF, 0x03, 0x06, 0x04, 0x08, 0x0A, 0xF5, 0x05, 0x09, 0x06, 0x03, 0xFF, 0x09, 0xFB, 0xF6,
    0xFE, 0xF7, 0xFE, 0x03, 0xF0, 0xED, 0xFA, 0xF5, 0xF5, 0x0F, 0x0D, 0xFD, 0x01, 0xFB, 0xF8, 0xF0,
    0xFD, 0x02, 0xFB, 0xFF, 0xEE, 0xF8, 0x07, 0x11, 0x1B, 0x13, 0x06, 0xF5, 0xF7, 0xF9, 0xF6, 0x04,
    0x0F, 0xF9, 0xF0, 0xF7, 0x0D, 0xF5, 0xF3, 0xF9, 0xFC, 0xFB, 0x01, 0xFF, 0xF3, 0xFF, 0xE5, 0xFE,
    0xF9, 0x01, 0xF7, 0xFE, 0x01, 0xFE, 0x02, 0xFE, 0x01, 0xFB, 0x09, 0xFE, 0x07, 0xF9, 0xF7, 0x02,
    0xFF, 0x02, 0x06, 0xFE, 0xFC, 0x00, 0x04, 0x05, 0x0F, 0x18, 0x0B, 0xFA, 0xF9, 0xF6, 0x04, 0x03,
    0x02, 0xF5, 0xF2, 0xEE, 0xF2, 0xF8, 0x0D, 0x17, 0x09, 0x09, 0xF6, 0xF4, 0x05, 0x0E, 0x10, 0x03,
    0xFB, 0xFB, 0xFA, 0xFE, 0xFB, 0x05, 0xF8, 0xFB, 0xFD, 0xFE, 0x0B, 0x0B, 0x05, 0xFD, 0xF7, 0x03,
    0x03, 0xFF, 0xF0, 0xF5, 0x03, 0x00, 0x00, 0x00, 0x00, 0x00, 0x00, 0x00, 0x00, 0x00, 0x00, 0x00,
    0x08, 0x00, 0x00, 0x00, 0x28, 0x04, 0x00, 0x00, 0x0A, 0x00, 0x16, 0x00, 0x00, 0x00, 0x00, 0x00,
    0x25, 0x00, 0xBF, 0x00, 0x00, 0x00, 0x59, 0x01, 0x41, 0x02, 0xCB, 0x02, 0x5B, 0x03, 0xE4, 0x78,
    0xC1, 0x83, 0x00, 0xC1, 0x83, 0x00, 0xF0, 0x1B, 0x00, 0xC1, 0x85, 0x40, 0xFF, 0xC2, 0x04, 0xE0,
    0xC8, 0xC3, 0x40, 0xC1, 0x83, 0x00, 0xC1, 0x0C, 0x99, 0x02, 0x66, 0xC1, 0x0C, 0x3B, 0xC1, 0x06,
    0x99, 0x02, 0x16, 0xC1, 0x06, 0x9E, 0x02, 0x66, 0xC1, 0x06, 0x9B, 0x02, 0x16, 0xC1, 0x06, 0x9D,
    0x02, 0x66, 0xC1, 0x06, 0x9E, 0x02, 0x16, 0xC1, 0x0C, 0x3D, 0xC1, 0x06, 0x99, 0x02, 0x66, 0xC1,
    0x0C, 0x3B, 0xC1, 0x06, 0x99, 0x02, 0x16, 0xC1, 0x0C, 0x3B, 0xC1, 0x66, 0x99, 0x02, 0x66, 0xC1,
    0x0C, 0x3B, 0xC1, 0x06, 0x99, 0x02, 0x16, 0xC1, 0x06, 0x9E, 0x02, 0x66, 0xC1, 0x06, 0x9B, 0x02,
    0x16, 0xC1, 0x06, 0x9D, 0x02, 0x66, 0xC1, 0x06, 0x9E, 0x02, 0x16, 0xC1, 0x0C, 0x3D, 0xC1, 0x06,
    0x99, 0x02, 0x66, 0xC1, 0x0C, 0x36, 0xC1, 0x06, 0x99, 0x02, 0x16, 0xC1, 0x0C, 0x36, 0xC1, 0x4E,
    0x99, 0x02, 0x66, 0xC1, 0x0C, 0x34, 0xC1, 0x06, 0x99, 0x02, 0x16, 0xC1, 0x0C, 0x34, 0xC1, 0x42,
    0x96, 0x02, 0x66, 0xC1, 0x0C, 0x2F, 0xC1, 0x06, 0x96, 0x02, 0x16, 0xC1, 0x0C, 0x2F, 0xC1, 0x81,
    0x0E, 0xF0, 0x2E, 0x00, 0xC1, 0x02, 0xFF, 0xC2, 0x05, 0xE0, 0xC8, 0xC3, 0x40, 0xC1, 0x83, 0x00,
    0xC1, 0x0C, 0x96, 0x02, 0x66, 0xC1, 0x0C, 0x37, 0xC1, 0x06, 0x96, 0x02, 0x16, 0xC1, 0x06, 0x9B,
    0x02, 0x66, 0xC1, 0x06, 0x97, 0x02, 0x16, 0xC1, 0x06, 0x99, 0x02, 0x66, 0xC1, 0x06, 0x9B, 0x02,
    0x16, 0xC1, 0x0C, 0x39, 0xC1, 0x06, 0x96, 0x02, 0x66, 0xC1, 0x0C, 0x37, 0xC1, 0x06, 0x96, 0x02,
    0x16, 0xC1, 0x0C, 0x37, 0xC1, 0x66, 0x96, 0x02, 0x66, 0xC1, 0x0C, 0x37, 0xC1, 0x06, 0x96, 0x02,
    0x16, 0xC1, 0x06, 0x9B, 0x02, 0x66, 0xC1, 0x06, 0x97, 0x02, 0x16, 0xC1, 0x06, 0x99, 0x02, 0x66,
    0xC1, 0x06, 0x9B, 0x02, 0x16, 0xC1, 0x0C, 0x39, 0xC1, 0x06, 0x96, 0x02, 0x66, 0xC1, 0x0C, 0x32,
    0xC1, 0x06, 0x96, 0x02, 0x16, 0xC1, 0x0C, 0x32, 0xC1, 0x4E, 0x96, 0x02, 0x66, 0xC1, 0x0C, 0x31,
    0xC1, 0x06, 0x96, 0x02, 0x16, 0xC1, 0x0C, 0x31, 0xC1, 0x42, 0x92, 0x02, 0x66, 0xC1, 0x0C, 0x2B,
    0xC1, 0x06, 0x92, 0x02, 0x16, 0xC1, 0x0C, 0x2B, 0xC1, 0x81, 0x0E, 0xF0, 0xC8, 0x00, 0xC1, 0x02,
    0xFF, 0xC2, 0x06, 0xE0, 0xF0, 0xC3, 0x40, 0x8F, 0x60, 0x7F, 0xC1, 0x60, 0x8D, 0x5F, 0x7F, 0xC1,
    0x60, 0x8B, 0x60, 0x7F, 0xC1, 0x60, 0x8B, 0x18, 0x7F, 0xC1, 0x18, 0x2A, 0xC1, 0x18, 0x28, 0xC1,
    0x18, 0x2A, 0xC1, 0x18, 0x89, 0x60, 0x7F, 0xC1, 0x60, 0x88, 0x30, 0x7F, 0xC1, 0x30, 0x27, 0xC1,
    0x30, 0x86, 0x38, 0x7F, 0xC1, 0x40, 0x7F, 0x10, 0x7F, 0xC1, 0x10, 0x23, 0xC1, 0x10, 0x84, 0x48,
    0x7F, 0xC1, 0x60, 0x86, 0x06, 0x7F, 0xC1, 0x12, 0x86, 0x03, 0x7F, 0xC1, 0x06, 0x81, 0x0B, 0x7F,
    0xC1, 0x0C, 0x8D, 0x07, 0x7F, 0xC1, 0x3C, 0x86, 0x06, 0x7F, 0xC1, 0x12, 0x86, 0x03, 0x7F, 0xC1,
    0x06, 0x7F, 0x0B, 0x7F, 0xC1, 0x0C, 0x8F, 0x07, 0x7F, 0xC1, 0x3C, 0x86, 0x06, 0x7F, 0xC1, 0x12,
    0x86, 0x03, 0x7F, 0xC1, 0x06, 0x81, 0x0B, 0x7F, 0xC1, 0x0C, 0x8D, 0x07, 0x7F, 0xC1, 0x3C, 0x86,
    0x06, 0x7F, 0xC1, 0x12, 0x86, 0x03, 0x7F, 0xC1, 0x06, 0x7F, 0x0B, 0x7F, 0xC1, 0x0C, 0x8F, 0x07,
    0x7F, 0xC1, 0x3C, 0x86, 0x06, 0x7F, 0xC1, 0x12, 0x86, 0x03, 0x7F, 0xC1, 0x06, 0x81, 0x0B, 0x7F,
    0xC1, 0x0C, 0x8D, 0x07, 0x7F, 0xC1, 0x3C, 0x86, 0x06, 0x7F, 0xC1, 0x12, 0x86, 0x03, 0x7F, 0xC1,
    0x06, 0x7F, 0x0B, 0x7F, 0xC1, 0x0C, 0x8F, 0x07, 0x7F, 0xC1, 0x3C, 0x86, 0x06, 0x7F, 0xC1, 0x12,
    0x86, 0x03, 0x7F, 0xC1, 0x06, 0x81, 0x0B, 0x7F, 0xC1, 0x0C, 0x8D, 0x07, 0x7F, 0xC1, 0x3C, 0x86,
    0x06, 0x7F, 0xC1, 0x12, 0x86, 0x03, 0x7F, 0xC1, 0x06, 0x7F, 0x0B, 0x7F, 0xC1, 0x0C, 0x8F, 0x07,
    0x7F, 0xC1, 0x3C, 0xF0, 0x9B, 0x01, 0xC1, 0x07, 0xFF, 0xC2, 0x08, 0xE7, 0x00, 0xE0, 0xB4, 0xC3,
    0x00, 0xE6, 0x28, 0xE5, 0x1E, 0x9E, 0x0C, 0x66, 0xC1, 0x0C, 0x3B, 0xC1, 0x0C, 0x3C, 0xC1, 0x0C,
    0x9E, 0x24, 0x66, 0xC1, 0x24, 0x92, 0x0C, 0x66, 0xC1, 0x0C, 0xE7, 0x10, 0x9C, 0x6C, 0x66, 0xC1,
    0x6C, 0xE7, 0x00, 0x9B, 0x0C, 0x66, 0xC1, 0x0C, 0x37, 0xC1, 0x0C, 0x39, 0xC1, 0x0C, 0x9B, 0x24,
    0x66, 0xC1, 0x24, 0x92, 0x0C, 0x66, 0xC1, 0x0C, 0xE7, 0x10, 0x99, 0x6C, 0x66, 0xC1, 0x6C, 0xE7,
    0x00, 0x9E, 0x0C, 0x66, 0xC1, 0x0C, 0x3B, 0xC1, 0x0C, 0x3C, 0xC1, 0x0C, 0x9E, 0x24, 0x66, 0xC1,
    0x24, 0x92, 0x0C, 0x66, 0xC1, 0x0C, 0xE7, 0x10, 0xA0, 0x24, 0x66, 0xC1, 0x24, 0xE7, 0x00, 0x9E,
    0x0C, 0x66, 0xC1, 0x0C, 0x9C, 0x24, 0x66, 0xC1, 0x24, 0x97, 0x0C, 0x66, 0xC1, 0x0C, 0xE7, 0x10,
    0x9B, 0x80, 0xB4, 0x66, 0xC1, 0x80, 0xCC, 0xE7, 0x00, 0xC1, 0x83, 0x00, 0xF0, 0xC1, 0x02, 0xC1,
    0x80, 0xB4, 0xFF, 0xC2, 0x09, 0xC3, 0x7F, 0xE6, 0x28, 0xE5, 0x1E, 0xC1, 0x06, 0xE7, 0x00, 0xE0,
    0x50, 0xE1, 0x02, 0x9E, 0x0C, 0x42, 0xC1, 0x0C, 0x3B, 0xC1, 0x0C, 0x3C, 0xC1, 0x0C, 0x9E, 0x24,
    0x42, 0xC1, 0x24, 0x92, 0x0C, 0x42, 0xC1, 0x0C, 0xE7, 0x10, 0x9C, 0x6C, 0x42, 0xC1, 0x6C, 0xE7,
    0x00, 0x9B, 0x0C, 0x42, 0xC1, 0x0C, 0x37, 0xC1, 0x0C, 0x39, 0xC1, 0x0C, 0x9B, 0x24, 0x42, 0xC1,
    0x24, 0x92, 0x0C, 0x42, 0xC1, 0x0C, 0xE7, 0x10, 0x99, 0x6C, 0x42, 0xC1, 0x6C, 0xE7, 0x00, 0x9E,
    0x0C, 0x42, 0xC1, 0x0C, 0x3B, 0xC1, 0x0C, 0x3C, 0xC1, 0x0C, 0x9E, 0x24, 0x42, 0xC1, 0x24, 0x92,
    0x0C, 0x42, 0xC1, 0x0C, 0xE7, 0x10, 0xA0, 0x24, 0x42, 0xC1, 0x24, 0xE7, 0x00, 0x9E, 0x0C, 0x42,
    0xC1, 0x0C, 0x9C, 0x24, 0x42, 0xC1, 0x24, 0x97, 0x0C, 0x42, 0xC1, 0x0C, 0xE7, 0x10, 0x9B, 0x80,
    0xAE, 0x42, 0xC1, 0x80, 0xC6, 0xC1, 0x06, 0xE7, 0x00, 0xC1, 0x82, 0xFA, 0xF0, 0x4D, 0x03, 0xC1,
    0x80, 0xAE, 0xFF, 0xC2, 0x07, 0xC3, 0x40, 0xE0, 0xB4, 0xC1, 0x82, 0xF4, 0x9C, 0x01, 0x4F, 0xC1,
    0x06, 0x9C, 0x01, 0x5F, 0xC1, 0x06, 0xC1, 0x06, 0x9C, 0x01, 0x4F, 0xC1, 0x06, 0x9C, 0x01, 0x5F,
    0xC1, 0x24, 0x9C, 0x05, 0x73, 0xC1, 0x36, 0x9C, 0x01, 0x4F, 0xC1, 0x06, 0x9C, 0x01, 0x5F, 0xC1,
    0x24, 0x9C, 0x05, 0x73, 0xC1, 0x24, 0x9C, 0x01, 0x4F, 0xC1, 0x06, 0x9C, 0x01, 0x5F, 0xC1, 0x0C,
    0x9C, 0x01, 0x4F, 0xC1, 0x06, 0x9C, 0x01, 0x5F, 0xC1, 0x24, 0x9C, 0x05, 0x73, 0xC1, 0x36, 0x9C,
    0x01, 0x4F, 0xC1, 0x06, 0x9C, 0x01, 0x5F, 0xC1, 0x24, 0x9C, 0x05, 0x73, 0xC1, 0x24, 0x9C, 0x01,
    0x4F, 0xC1, 0x06, 0x9C, 0x01, 0x5F, 0xC1, 0x0C, 0x9C, 0x01, 0x4F, 0xC1, 0x06, 0x9C, 0x01, 0x5F,
    0xC1, 0x24, 0x9C, 0x05, 0x73, 0xC1, 0x36, 0x9C, 0x01, 0x4F, 0xC1, 0x06, 0x9C, 0x01, 0x5F, 0xC1,
    0x24, 0x9C, 0x05, 0x73, 0xC1, 0x24, 0x9C, 0x01, 0x4F, 0xC1, 0x06, 0x9C, 0x01, 0x5F, 0xC1, 0x0C,
    0x9C, 0x01, 0x4F, 0xC1, 0x06, 0x9C, 0x01, 0x5F, 0xC1, 0x24, 0x9C, 0x05, 0x73, 0xC1, 0x36, 0x9C,
    0x01, 0x4F, 0xC1, 0x06, 0x9C, 0x01, 0x5F, 0xC1, 0x24, 0x9C, 0x05, 0x73, 0xC1, 0x24, 0x9C, 0x01,
    0x4F, 0xC1, 0x06, 0x9C, 0x01, 0x5F, 0xC1, 0x06, 0xF0, 0x6E, 0x03, 0xC1, 0x01, 0xFF, 0x00, 0x00,
    0x00, 0x00, 0x00, 0x00, 0x00, 0x00, 0x00, 0x00, 0x0A, 0x00, 0x16, 0x00, 0x00, 0x00, 0x2D, 0x00,
    0x00, 0x00, 0x83, 0x00, 0x00, 0x00, 0xD9, 0x00, 0x3F, 0x02, 0x00, 0x00, 0xA8, 0x03, 0xE4, 0x74,
    0xCA, 0x00, 0xC1, 0x0C, 0xCA, 0x01, 0xC1, 0x0C, 0xF0, 0x18, 0x00, 0xC1, 0x8A, 0x68, 0xF0, 0x18,
    0x00, 0xC1, 0x81, 0xE0, 0xFF, 0xC2, 0x02, 0xE0, 0x74, 0xC3, 0x40, 0xC1, 0x84, 0x80, 0x9F, 0x02,
    0x50, 0xC1, 0x0C, 0x3C, 0xC1, 0x0C, 0x3D, 0xC1, 0x0C, 0x3F, 0xC1, 0x18, 0x41, 0xC1, 0x18, 0x3D,
    0xC1, 0x81, 0x2C, 0x3C, 0xC1, 0x0C, 0x38, 0xC1, 0x0C, 0x3A, 0xC1, 0x0C, 0x3C, 0xC1, 0x18, 0x3D,
    0xC1, 0x18, 0x3A, 0xC1, 0x81, 0x2C, 0x3F, 0xC1, 0x0C, 0x3C, 0xC1, 0x0C, 0x3D, 0xC1, 0x0C, 0x3F,
    0xC1, 0x24, 0x38, 0xC1, 0x0C, 0x41, 0xC1, 0x24, 0x3F, 0xC1, 0x0C, 0x3D, 0xC1, 0x24, 0x38, 0xC1,
    0x0C, 0x3C, 0xC1, 0x82, 0x4C, 0xF0, 0x33, 0x00, 0xC1, 0x02, 0xFF, 0xC2, 0x03, 0xE0, 0x74, 0xC3,
    0x40, 0xC1, 0x84, 0x80, 0x9C, 0x02, 0x50, 0xC1, 0x0C, 0x38, 0xC1, 0x0C, 0x3A, 0xC1, 0x0C, 0x3C,
    0xC1, 0x18, 0x3D, 0xC1, 0x18, 0x3A, 0xC1, 0x81, 0x2C, 0x38, 0xC1, 0x0C, 0x35, 0xC1, 0x0C, 0x37,
    0xC1, 0x0C, 0x38, 0xC1, 0x18, 0x3A, 0xC1, 0x18, 0x37, 0xC1, 0x81, 0x2C, 0x3C, 0xC1, 0x0C, 0x38,
    0xC1, 0x0C, 0x3A, 0xC1, 0x0C, 0x3C, 0xC1, 0x24, 0x33, 0xC1, 0x0C, 0x3D, 0xC1, 0x24, 0x3C, 0xC1,
    0x0C, 0x3A, 0xC1, 0x24, 0x35, 0xC1, 0x0C, 0x38, 0xC1, 0x82, 0x4C, 0xF0, 0x85, 0x00, 0xC1, 0x02,
    0xFF, 0xC2, 0x0A, 0xE0, 0xF0, 0xC3, 0x40, 0x80, 0x07, 0x7F, 0xC1, 0x24, 0x80, 0x06, 0x7F, 0xC1,
    0x0C, 0x87, 0x07, 0x7F, 0xC1, 0x18, 0x30, 0xC1, 0x18, 0x20, 0xC1, 0x24, 0x80, 0x06, 0x7F, 0xC1,
    0x0C, 0x89, 0x07, 0x7F, 0xC1, 0x18, 0x31, 0xC1, 0x18, 0x20, 0xC1, 0x24, 0x20, 0xC1, 0x0C, 0x2B,
    0xC1, 0x18, 0x33, 0xC1, 0x18, 0x20, 0xC1, 0x24, 0x20, 0xC1, 0x0C, 0x29, 0xC1, 0x18, 0x31, 0xC1,
    0x18, 0x20, 0xC1, 0x24, 0x20, 0xC1, 0x0C, 0x27, 0xC1, 0x18, 0x30, 0xC1, 0x18, 0x20, 0xC1, 0x24,
    0x20, 0xC1, 0x0C, 0x29, 0xC1, 0x18, 0x31, 0xC1, 0x18, 0x20, 0xC1, 0x24, 0x20, 0xC1, 0x0C, 0x2B,
    0xC1, 0x18, 0x33, 0xC1, 0x18, 0x20, 0xC1, 0x24, 0x20, 0xC1, 0x0C, 0x29, 0xC1, 0x18, 0x31, 0xC1,
    0x18, 0x20, 0xC1, 0x24, 0x20, 0xC1, 0x0C, 0x27, 0xC1, 0x18, 0x30, 0xC1, 0x18, 0x20, 0xC1, 0x24,
    0x20, 0xC1, 0x0C, 0x29, 0xC1, 0x18, 0x31, 0xC1, 0x18, 0x20, 0xC1, 0x24, 0x20, 0xC1, 0x0C, 0x2B,
    0xC1, 0x18, 0x33, 0xC1, 0x18, 0x20, 0xC1, 0x24, 0x20, 0xC1, 0x0C, 0x29, 0xC1, 0x18, 0x31, 0xC1,
    0x18, 0x20, 0xC1, 0x24, 0x20, 0xC1, 0x0C, 0x27, 0xC1, 0x18, 0x30, 0xC1, 0x18, 0x20, 0xC1, 0x24,
    0x20, 0xC1, 0x0C, 0x29, 0xC1, 0x18, 0x31, 0xC1, 0x18, 0x20, 0xC1, 0x24, 0x20, 0xC1, 0x0C, 0x2B,
    0xC1, 0x18, 0x33, 0xC1, 0x18, 0x20, 0xC1, 0x24, 0x20, 0xC1, 0x0C, 0x29, 0xC1, 0x18, 0x31, 0xC1,
    0x18, 0x20, 0xC1, 0x24, 0x20, 0xC1, 0x0C, 0x27, 0xC1, 0x18, 0x30, 0xC1, 0x18, 0x20, 0xC1, 0x24,
    0x20, 0xC1, 0x0C, 0x29, 0xC1, 0x18, 0x31, 0xC1, 0x18, 0x20, 0xC1, 0x24, 0x20, 0xC1, 0x0C, 0x2B,
    0xC1, 0x18, 0x33, 0xC1, 0x18, 0x20, 0xC1, 0x24, 0x20, 0xC1, 0x0C, 0x29, 0xC1, 0x18, 0x31, 0xC1,
    0x18, 0x20, 0xC1, 0x24, 0x20, 0xC1, 0x0C, 0x27, 0xC1, 0x18, 0x30, 0xC1, 0x18, 0x25, 0xC1, 0x24,
    0x25, 0xC1, 0x0C, 0x2C, 0xC1, 0x18, 0x31, 0xC1, 0x18, 0x29, 0xC1, 0x24, 0x29, 0xC1, 0x0C, 0x30,
    0xC1, 0x18, 0x35, 0xC1, 0x18, 0x27, 0xC1, 0x24, 0x27, 0xC1, 0x0C, 0x2E, 0xC1, 0x18, 0x33, 0xC1,
    0x18, 0x20, 0xC1, 0x24, 0x20, 0xC1, 0x0C, 0x27, 0xC1, 0x18, 0x30, 0xC1, 0x18, 0x20, 0xC1, 0x24,
    0x20, 0xC1, 0x0C, 0x29, 0xC1, 0x18, 0x31, 0xC1, 0x18, 0x20, 0xC1, 0x24, 0x20, 0xC1, 0x0C, 0x2B,
    0xC1, 0x18, 0x33, 0xC1, 0x18, 0x20, 0xC1, 0x24, 0x20, 0xC1, 0x0C, 0x29, 0xC1, 0x18, 0x31, 0xC1,
    0x18, 0xF0, 0xDF, 0x00, 0xC1, 0x07, 0xFF, 0xC2, 0x00, 0xE0, 0x98, 0xC3, 0x40, 0xE7, 0x14, 0xE5,
    0x14, 0xC1, 0x81, 0x80, 0x9C, 0x5F, 0x48, 0xC1, 0x6C, 0xA3, 0x0C, 0x48, 0xC1, 0x0C, 0x9F, 0x0B,
    0x48, 0xC1, 0x0C, 0x9C, 0x0C, 0x48, 0xC1, 0x0C, 0x3D, 0xC1, 0x0C, 0xA1, 0x18, 0x48, 0xC1, 0x18,
    0x9F, 0x6C, 0x48, 0xC1, 0x78, 0x9D, 0x0C, 0x48, 0xC1, 0x0C, 0x9C, 0x0D, 0x48, 0xC1, 0x0C, 0x98,
    0x0C, 0x48, 0xC1, 0x0C, 0x3A, 0xC1, 0x0C, 0x9C, 0x18, 0x48, 0xC1, 0x18, 0x95, 0x80, 0xC6, 0x48,
    0xC1, 0x6C, 0xE0, 0x98, 0xC1, 0x01, 0xE0, 0x96, 0xC1, 0x09, 0xE0, 0x94, 0xC1, 0x05, 0xE0, 0x92,
    0xC1, 0x03, 0xE0, 0x90, 0xC1, 0x03, 0xE0, 0x8E, 0xC1, 0x03, 0xE0, 0x8C, 0xC1, 0x02, 0xE0, 0x8A,
    0xC1, 0x02, 0xE0, 0x88, 0xC1, 0x02, 0xE0, 0x86, 0xC1, 0x02, 0xE0, 0x84, 0xC1, 0x02, 0xE0, 0x82,
    0xC1, 0x02, 0xE0, 0x80, 0xC1, 0x01, 0xE0, 0x7E, 0xC1, 0x02, 0xE0, 0x7C, 0xC1, 0x01, 0xE0, 0x7A,
    0xC1, 0x02, 0xE0, 0x78, 0xC1, 0x01, 0xE0, 0x76, 0xC1, 0x01, 0xE0, 0x74, 0xC1, 0x02, 0xE0, 0x72,
    0xC1, 0x01, 0xE0, 0x70, 0xC1, 0x01, 0xE0, 0x6E, 0xC1, 0x01, 0xE0, 0x6C, 0xC1, 0x02, 0xE0, 0x6A,
    0xC1, 0x01, 0xE0, 0x68, 0xC1, 0x01, 0xE0, 0x66, 0xC1, 0x01, 0xE0, 0x64, 0xC1, 0x01, 0xE0, 0x62,
    0xC1, 0x01, 0xE0, 0x60, 0xC1, 0x01, 0xE0, 0x5E, 0xC1, 0x01, 0xE0, 0x5C, 0xC1, 0x01, 0xE0, 0x5A,
    0xC1, 0x01, 0xE0, 0x58, 0xC1, 0x01, 0xE0, 0x56, 0xC1, 0x01, 0xE0, 0x54, 0xC1, 0x01, 0xE0, 0x52,
    0xC1, 0x01, 0xE0, 0x50, 0xC1, 0x01, 0xE0, 0x4E, 0xC1, 0x01, 0xE0, 0x4C, 0xC1, 0x01, 0xE0, 0x48,
    0xC1, 0x01, 0xE0, 0x46, 0xC1, 0x01, 0xE0, 0x44, 0xC1, 0x01, 0xE0, 0x42, 0xC1, 0x01, 0xE0, 0x40,
    0xC1, 0x01, 0xE0, 0x3C, 0xE0, 0x3A, 0xC1, 0x01, 0xE0, 0x38, 0xC1, 0x01, 0xE0, 0x36, 0xC1, 0x01,
    0xE0, 0x32, 0xC1, 0x01, 0xE0, 0x30, 0xC1, 0x01, 0xE0, 0x2E, 0xC1, 0x01, 0xE0, 0x2A, 0xC1, 0x01,
    0xE0, 0x28, 0xC1, 0x01, 0xE0, 0x26, 0xC1, 0x01, 0xE0, 0x22, 0xC1, 0x01, 0xE0, 0x20, 0xC1, 0x01,
    0xE0, 0x1E, 0xC1, 0x01, 0xE0, 0x1A, 0xC1, 0x01, 0xE0, 0x18, 0xC1, 0x01, 0xE0, 0x14, 0xC1, 0x01,
    0xE0, 0x12, 0xC1, 0x01, 0xE0, 0x0E, 0xC1, 0x01, 0xE0, 0x0C, 0xC1, 0x01, 0xE0, 0x08, 0xC1, 0x01,
    0xE0, 0x04, 0xC1, 0x01, 0xE0, 0x02, 0xC1, 0x01, 0xE0, 0x00, 0xC1, 0x01, 0xE0, 0x00, 0xC1, 0x01,
    0xE0, 0x00, 0xC1, 0x61, 0xE0, 0x98, 0xC1, 0x86, 0x60, 0xF0, 0x45, 0x02, 0xC1, 0x80, 0xC6, 0xFF,
    0xC2, 0x07, 0xE0, 0x8C, 0xC3, 0x40, 0xC1, 0x0C, 0xB9, 0x01, 0x1E, 0xC1, 0x06, 0xB9, 0x01, 0x37,
    0xC1, 0x06, 0xB9, 0x01, 0x64, 0xC1, 0x0C, 0x59, 0xC1, 0x48, 0xB9, 0x01, 0x1E, 0xC1, 0x06, 0xB9,
    0x01, 0x37, 0xC1, 0x06, 0xB9, 0x01, 0x64, 0xC1, 0x0C, 0x59, 0xC1, 0x48, 0xB9, 0x01, 0x1E, 0xC1,
    0x06, 0xB9, 0x01, 0x37, 0xC1, 0x06, 0xB9, 0x01, 0x64, 0xC1, 0x0C, 0x59, 0xC1, 0x48, 0xB9, 0x01,
    0x1E, 0xC1, 0x06, 0xB9, 0x01, 0x37, 0xC1, 0x06, 0xB9, 0x01, 0x64, 0xC1, 0x0C, 0x59, 0xC1, 0x48,
    0xB9, 0x01, 0x1E, 0xC1, 0x06, 0xB9, 0x01, 0x37, 0xC1, 0x06, 0xB9, 0x01, 0x64, 0xC1, 0x0C, 0x59,
    0xC1, 0x48, 0xB9, 0x01, 0x1E, 0xC1, 0x06, 0xB9, 0x01, 0x37, 0xC1, 0x06, 0xB9, 0x01, 0x64, 0xC1,
    0x0C, 0x59, 0xC1, 0x48, 0xB9, 0x01, 0x1E, 0xC1, 0x06, 0xB9, 0x01, 0x37, 0xC1, 0x06, 0xB9, 0x01,
    0x64, 0xC1, 0x0C, 0x59, 0xC1, 0x48, 0xB9, 0x01, 0x1E, 0xC1, 0x06, 0xB9, 0x01, 0x37, 0xC1, 0x06,
    0xB9, 0x01, 0x64, 0xC1, 0x0C, 0x59, 0xC1, 0x48, 0xB9, 0x01, 0x1E, 0xC1, 0x06, 0xB9, 0x01, 0x37,
    0xC1, 0x06, 0xB9, 0x01, 0x64, 0xC1, 0x0C, 0x59, 0xC1, 0x48, 0xB9, 0x01, 0x1E, 0xC1, 0x06, 0xB9,
    0x01, 0x37, 0xC1, 0x06, 0xB9, 0x01, 0x64, 0xC1, 0x0C, 0x59, 0xC1, 0x48, 0xB9, 0x01, 0x1E, 0xC1,
    0x06, 0xB9, 0x01, 0x37, 0xC1, 0x06, 0xB9, 0x01, 0x64, 0xC1, 0x0C, 0x59, 0xC1, 0x48, 0xB9, 0x01,
    0x1E, 0xC1, 0x06, 0xB9, 0x01, 0x37, 0xC1, 0x06, 0xB9, 0x01, 0x64, 0xC1, 0x0C, 0x59, 0xC1, 0x48,
    0xB9, 0x01, 0x1E, 0xC1, 0x06, 0xB9, 0x01, 0x37, 0xC1, 0x06, 0xB9, 0x01, 0x64, 0xC1, 0x0C, 0x59,
    0xC1, 0x48, 0xB9, 0x01, 0x1E, 0xC1, 0x06, 0xB9, 0x01, 0x37, 0xC1, 0x06, 0xB9, 0x01, 0x64, 0xC1,
    0x0C, 0x59, 0xC1, 0x48, 0xB9, 0x01, 0x1E, 0xC1, 0x06, 0xB9, 0x01, 0x37, 0xC1, 0x06, 0xB9, 0x01,
    0x64, 0xC1, 0x0C, 0x59, 0xC1, 0x48, 0xB9, 0x01, 0x1E, 0xC1, 0x06, 0xB9, 0x01, 0x37, 0xC1, 0x06,
    0xB9, 0x01, 0x64, 0xC1, 0x0C, 0x59, 0xC1, 0x48, 0xB9, 0x01, 0x1E, 0xC1, 0x06, 0xB9, 0x01, 0x37,
    0xC1, 0x06, 0xB9, 0x01, 0x64, 0xC1, 0x0C, 0x59, 0xC1, 0x48, 0xB9, 0x01, 0x1E, 0xC1, 0x06, 0xB9,
    0x01, 0x37, 0xC1, 0x06, 0xB9, 0x01, 0x64, 0xC1, 0x0C, 0x59, 0xC1, 0x48, 0xB9, 0x01, 0x1E, 0xC1,
    0x06, 0xB9, 0x01, 0x37, 0xC1, 0x06, 0xB9, 0x01, 0x64, 0xC1, 0x0C, 0x59, 0xC1, 0x48, 0xB9, 0x01,
    0x1E, 0xC1, 0x06, 0xB9, 0x01, 0x37, 0xC1, 0x06, 0xB9, 0x01, 0x64, 0xC1, 0x0C, 0x59, 0xC1, 0x48,
    0xB9, 0x01, 0x1E, 0xC1, 0x06, 0xB9, 0x01, 0x37, 0xC1, 0x06, 0xB9, 0x01, 0x64, 0xC1, 0x0C, 0x59,
    0xC1, 0x48, 0xB9, 0x01, 0x1E, 0xC1, 0x06, 0xB9, 0x01, 0x37, 0xC1, 0x06, 0xB9, 0x01, 0x64, 0xC1,
    0x0C, 0x59, 0xC1, 0x48, 0xB9, 0x01, 0x1E, 0xC1, 0x06, 0xB9, 0x01, 0x37, 0xC1, 0x06, 0xB9, 0x01,
    0x64, 0xC1, 0x0C, 0x59, 0xC1, 0x48, 0xB9, 0x01, 0x1E, 0xC1, 0x06, 0xB9, 0x01, 0x37, 0xC1, 0x06,
    0xB9, 0x01, 0x64, 0xC1, 0x0C, 0x59, 0xC1, 0x48, 0xB9, 0x01, 0x1E, 0xC1, 0x06, 0xB9, 0x01, 0x37,
    0xC1, 0x06, 0xB9, 0x01, 0x64, 0xC1, 0x0C, 0x59, 0xC1, 0x48, 0xB9, 0x01, 0x1E, 0xC1, 0x06, 0xB9,
    0x01, 0x37, 0xC1, 0x06, 0xB9, 0x01, 0x64, 0xC1, 0x0C, 0x59, 0xC1, 0x48, 0xB9, 0x01, 0x1E, 0xC1,
    0x06, 0xB9, 0x01, 0x37, 0xC1, 0x06, 0xB9, 0x01, 0x64, 0xC1, 0x0C, 0x59, 0xC1, 0x48, 0xB9, 0x01,
    0x1E, 0xC1, 0x06, 0xB9, 0x01, 0x37, 0xC1, 0x06, 0xB9, 0x01, 0x64, 0xC1, 0x0C, 0x59, 0xC1, 0x3C,
    0xF0, 0xAE, 0x03, 0xC1, 0x01, 0xFF, 0x00, 0x00, 0x00, 0x00, 0x00, 0x00, 0x00, 0x00, 0x00, 0x00,
    0x00, 0x00, 0x00, 0x00, 0x00, 0x00, 0x00, 0x00, 0x80, 0x39, 0x00, 0x00,
};
